,host_response_time,host_response_rate,host_acceptance_rate,host_is_superhost,host_has_profile_pic,host_identity_verified,neighbourhood_cleansed,property_type,room_type,accommodates,bathrooms,bathrooms_text,bedrooms,beds,price,minimum_nights,maximum_nights,maximum_minimum_nights,review_scores_rating,review_scores_cleanliness,review_scores_checkin,review_scores_communication,review_scores_location,review_scores_value,instant_bookable,booking_ratio,total_amenities
5,within an hour,100,100,t,t,t,Fort Greene,Private room in guest suite,Private room,2,1.0,1 private bath,1.0,2.0,205.0,2,1125,2.0,4.89,4.89,4.96,4.93,4.95,4.82,t,0.410958904109589,51
18,within an hour,100,100,t,t,t,East Village,Private room in condo,Private room,1,1.0,1 shared bath,1.0,1.0,170.0,1,40,2.0,4.8,4.77,4.79,4.79,4.73,4.69,f,0.6191780821917808,39
39,within an hour,100,100,t,t,t,Clinton Hill,Private room in condo,Private room,2,1.0,1 shared bath,1.0,1.0,152.0,3,60,3.0,4.95,4.94,4.99,4.98,4.87,4.92,t,0.6493150684931507,58
43,within an hour,100,100,t,t,t,Clinton Hill,Private room in rental unit,Private room,2,1.0,1 private bath,1.0,1.0,127.0,2,365,2.0,4.54,4.46,4.77,4.76,4.75,4.6,t,0.1616438356164383,32
49,within a few hours,100,50,f,t,t,Boerum Hill,Private room in home,Private room,2,2.5,2.5 baths,5.0,5.0,900.0,3,60,3.0,4.7,4.52,4.88,4.88,4.86,4.62,f,0.0301369863013698,69
50,within an hour,100,99,t,t,t,Harlem,Entire home,Entire home/apt,2,1.0,1 bath,1.0,1.0,215.0,3,1125,3.0,4.85,4.48,4.96,4.96,4.79,4.82,f,0.6575342465753424,51
66,within an hour,100,100,t,t,t,Park Slope,Private room in home,Private room,2,1.0,1 shared bath,1.0,1.0,100.0,30,1125,30.0,4.72,4.55,4.82,4.85,4.81,4.64,f,0.2794520547945205,33
74,within an hour,100,100,t,t,t,Park Slope,Private room in guest suite,Private room,2,1.5,1.5 shared baths,1.0,1.0,96.0,3,1125,3.0,4.77,4.64,4.94,4.91,4.95,4.83,f,0.3315068493150685,34
120,within an hour,94,100,f,t,t,Greenpoint,Room in boutique hotel,Hotel room,2,1.0,1 private bath,1.0,1.0,399.0,1,365,1.0,4.86,4.94,4.97,4.85,4.56,4.71,f,0.5863013698630137,26
130,within an hour,94,100,f,t,t,Greenpoint,Room in boutique hotel,Hotel room,2,1.0,1 private bath,1.0,1.0,399.0,1,365,1.0,4.89,4.94,4.97,4.89,4.86,4.77,f,0.5671232876712329,26
168,within a few hours,100,86,t,t,t,Lower East Side,Private room in rental unit,Private room,2,2.0,2 baths,2.0,2.0,425.0,4,1125,4.0,4.99,4.92,4.97,4.99,4.89,4.93,f,0.5315068493150685,26
170,within an hour,100,67,f,t,t,Astoria,Private room in home,Private room,2,1.0,1 private bath,1.0,3.0,150.0,3,29,3.0,4.85,4.77,4.96,4.97,4.88,4.85,t,0.073972602739726,44
171,within an hour,100,99,t,t,t,Harlem,Private room in guest suite,Private room,3,1.0,1 private bath,1.0,2.0,250.0,3,25,11.0,4.82,4.88,4.85,4.85,4.77,4.78,f,0.1890410958904109,40
185,within an hour,100,100,t,t,t,Fort Greene,Private room in rental unit,Private room,2,1.5,1.5 shared baths,1.0,1.0,98.0,2,28,2.0,4.93,4.93,4.93,4.97,4.95,4.9,t,0.4356164383561643,47
223,within an hour,100,100,t,t,t,Chinatown,Private room in rental unit,Private room,2,2.0,2 baths,1.0,1.0,215.0,5,1125,5.0,4.96,4.89,4.96,4.99,4.91,4.81,f,0.1698630136986301,81
251,within a day,90,83,f,t,t,Bedford-Stuyvesant,Private room in townhouse,Private room,2,1.0,1 private bath,1.0,2.0,185.0,2,30,2.0,4.62,4.57,4.83,4.76,4.53,4.59,f,0.0931506849315068,28
253,within an hour,94,100,f,t,t,Greenpoint,Entire rental unit,Entire home/apt,4,1.0,1 bath,1.0,2.0,449.0,1,300,1.0,4.75,4.86,4.69,4.71,4.37,4.46,f,0.5616438356164384,34
264,within a day,100,100,f,t,t,Sunset Park,Private room in condo,Private room,2,1.0,1 private bath,1.0,1.0,268.0,3,10,3.0,4.93,4.93,5.0,5.0,4.81,5.0,f,0.4876712328767123,61
265,within an hour,94,100,f,t,t,Greenpoint,Entire rental unit,Entire home/apt,4,1.0,1 bath,1.0,2.0,449.0,1,365,1.0,4.81,4.92,4.94,4.94,4.63,4.71,f,0.5616438356164384,36
266,within an hour,94,100,f,t,t,Greenpoint,Entire rental unit,Entire home/apt,4,1.0,1 bath,1.0,2.0,449.0,1,365,1.0,4.77,4.71,4.77,4.87,4.33,4.6,f,0.5616438356164384,36
267,within an hour,94,100,f,t,t,Greenpoint,Entire rental unit,Entire home/apt,4,1.0,1 bath,1.0,2.0,449.0,1,365,1.0,4.85,4.92,4.86,4.88,4.64,4.8,f,0.5863013698630137,31
268,within an hour,94,100,f,t,t,Greenpoint,Entire rental unit,Entire home/apt,4,1.0,1 bath,1.0,2.0,449.0,1,180,1.0,4.76,4.76,4.8,4.87,4.67,4.54,f,0.5726027397260274,33
269,within an hour,94,100,f,t,t,Greenpoint,Entire rental unit,Entire home/apt,4,1.0,1 bath,1.0,2.0,449.0,1,365,1.0,4.88,4.9,4.9,4.88,4.67,4.64,f,0.5616438356164384,28
270,within an hour,94,100,f,t,t,Greenpoint,Entire rental unit,Entire home/apt,4,1.0,1 bath,1.0,2.0,449.0,1,365,1.0,4.81,4.82,4.86,4.8,4.45,4.71,f,0.5616438356164384,31
271,within an hour,94,100,f,t,t,Greenpoint,Entire rental unit,Entire home/apt,4,1.0,1 bath,1.0,2.0,449.0,1,180,1.0,4.75,4.9,4.93,4.85,4.68,4.66,f,0.5616438356164384,30
275,within an hour,94,100,f,t,t,Greenpoint,Room in boutique hotel,Hotel room,2,1.0,1 private bath,1.0,1.0,399.0,1,1125,1.0,4.76,4.88,4.94,4.78,4.63,4.56,f,0.5616438356164384,25
278,within an hour,100,100,t,t,t,Bedford-Stuyvesant,Entire guest suite,Entire home/apt,2,1.0,1 bath,2.0,2.0,228.0,4,1125,4.0,4.6,4.47,4.86,4.86,4.37,4.57,f,0.1452054794520547,41
313,within an hour,100,100,t,t,t,Bedford-Stuyvesant,Entire home,Entire home/apt,16,5.0,5 baths,6.0,14.0,1171.0,4,60,4.0,4.88,4.77,4.91,4.94,4.75,4.85,t,0.3452054794520548,62
328,within an hour,94,100,f,t,t,Greenpoint,Entire rental unit,Entire home/apt,4,1.0,1 bath,1.0,2.0,449.0,1,365,1.0,4.83,4.87,4.89,4.83,4.65,4.7,f,0.5616438356164384,36
329,within an hour,94,100,f,t,t,Greenpoint,Entire rental unit,Entire home/apt,4,1.0,1 bath,1.0,2.0,449.0,1,365,1.0,4.82,4.85,4.92,4.94,4.48,4.75,f,0.5698630136986301,36
330,within an hour,94,100,f,t,t,Greenpoint,Entire rental unit,Entire home/apt,4,1.0,1 bath,1.0,2.0,449.0,1,180,1.0,4.78,4.88,4.86,4.84,4.72,4.66,f,0.673972602739726,37
331,within an hour,94,100,f,t,t,Greenpoint,Entire rental unit,Entire home/apt,4,1.0,1 bath,1.0,2.0,449.0,1,365,1.0,4.85,4.85,4.93,4.9,4.69,4.74,f,0.5808219178082191,30
332,within an hour,94,100,f,t,t,Greenpoint,Entire rental unit,Entire home/apt,4,1.0,1 bath,1.0,2.0,449.0,1,180,1.0,4.89,4.89,5.0,4.93,4.7,4.67,f,0.5616438356164384,34
350,within a few hours,100,93,t,t,t,Bedford-Stuyvesant,Private room in condo,Private room,2,1.0,1 shared bath,1.0,1.0,156.0,2,1125,2.0,4.89,4.64,4.96,4.94,4.77,4.82,f,0.3726027397260274,53
368,within a few hours,100,94,t,t,t,Hell's Kitchen,Private room in rental unit,Private room,2,1.0,1 shared bath,1.0,2.0,136.0,4,150,30.0,4.89,4.89,4.96,4.99,4.92,4.85,t,0.6438356164383562,18
405,within an hour,100,100,t,t,t,Washington Heights,Entire guest suite,Entire home/apt,2,1.0,1 bath,2.0,3.0,364.0,4,1125,4.0,4.92,4.86,4.98,4.98,4.85,4.84,t,0.1205479452054794,71
424,within an hour,100,100,t,t,t,Clinton Hill,Private room in rental unit,Private room,2,1.0,1 private bath,1.0,1.0,100.0,2,1125,2.0,4.53,4.41,4.79,4.8,4.8,4.59,t,0.1698630136986301,25
460,within an hour,100,100,t,t,t,Williamsburg,Private room in condo,Private room,2,1.0,1 shared bath,1.0,1.0,150.0,1,365,2.0,4.98,4.99,4.99,4.97,4.97,4.89,f,0.3589041095890411,51
463,within a few hours,100,81,t,t,t,Bedford-Stuyvesant,Private room in townhouse,Private room,2,1.5,1.5 baths,1.0,1.0,149.0,4,90,4.0,4.94,4.9,4.94,4.9,4.66,4.87,f,0.084931506849315,22
503,within an hour,100,99,t,t,t,Harlem,Entire rental unit,Entire home/apt,5,1.0,1 bath,2.0,3.0,267.0,3,25,3.0,4.88,4.91,4.95,4.95,4.84,4.84,f,0.6493150684931507,56
541,within an hour,100,100,t,t,t,Prospect Heights,Private room in home,Private room,2,1.5,1.5 shared baths,1.0,1.0,90.0,30,365,30.0,4.71,4.66,4.91,4.92,4.85,4.73,f,0.1643835616438356,34
579,within an hour,100,82,t,t,t,Clinton Hill,Private room,Private room,2,1.0,1 private bath,1.0,1.0,286.0,3,21,3.0,4.94,4.94,4.97,4.92,4.89,4.84,f,0.5780821917808219,36
609,within an hour,100,95,t,t,t,Bedford-Stuyvesant,Private room in guest suite,Private room,2,1.0,1 private bath,1.0,1.0,178.0,4,10,4.0,4.92,4.9,4.98,4.98,4.39,4.86,f,0.084931506849315,42
612,within a few hours,100,84,f,t,t,Williamsburg,Entire rental unit,Entire home/apt,4,1.0,1 bath,1.0,2.0,245.0,3,30,3.0,4.9,4.91,4.99,4.95,4.83,4.8,f,0.5561643835616439,41
652,within a few hours,100,98,f,t,t,Bedford-Stuyvesant,Entire home,Entire home/apt,2,1.0,1 bath,1.0,1.0,150.0,3,30,3.0,4.48,4.61,4.72,4.62,4.36,4.43,f,0.1917808219178082,22
664,within a few hours,100,83,t,t,t,Williamsburg,Private room in condo,Private room,2,1.0,1 private bath,1.0,2.0,165.0,4,30,4.0,4.79,4.83,4.82,4.75,4.88,4.82,f,0.6164383561643836,27
761,within a day,100,82,t,t,t,Prospect-Lefferts Gardens,Private room in townhouse,Private room,2,1.5,1.5 shared baths,1.0,1.0,162.0,3,365,3.0,4.89,4.7,4.88,4.88,4.78,4.85,f,0.1698630136986301,25
881,within an hour,100,96,t,t,t,Flushing,Private room in home,Private room,2,1.0,1 shared bath,1.0,1.0,90.0,2,38,4.0,4.8,4.8,4.91,4.89,4.61,4.81,f,0.6931506849315069,29
914,within an hour,100,86,f,t,t,Williamsburg,Private room in condo,Private room,1,0.5,Private half-bath,1.0,1.0,170.0,5,60,7.0,5.0,5.0,5.0,5.0,5.0,5.0,f,0.1123287671232876,27
959,within a day,86,90,t,t,t,Harlem,Private room in rental unit,Private room,2,1.0,1 private bath,1.0,2.0,289.0,3,30,3.0,4.87,4.88,4.86,4.85,4.76,4.71,f,0.1753424657534246,56
986,within an hour,100,65,t,t,t,Prospect-Lefferts Gardens,Private room in condo,Private room,8,1.0,1 private bath,1.0,1.0,140.0,1,60,1.0,4.79,4.86,4.96,4.93,4.56,4.78,f,0.0602739726027397,56
998,within an hour,100,78,f,t,t,Bedford-Stuyvesant,Private room in townhouse,Private room,3,1.5,1.5 shared baths,2.0,2.0,187.0,3,60,3.0,4.71,4.64,4.93,4.86,4.51,4.71,f,0.589041095890411,27
1044,within an hour,100,99,f,t,t,Prospect-Lefferts Gardens,Private room in rental unit,Private room,3,1.0,1 shared bath,1.0,2.0,172.0,1,360,1.0,4.39,4.08,4.8,4.74,4.37,4.29,t,0.0027397260273972,28
1068,within a few hours,86,81,t,t,t,Canarsie,Private room in home,Private room,2,2.0,2 baths,2.0,3.0,200.0,1,365,1.0,4.94,4.95,4.98,4.99,4.62,4.94,f,0.0328767123287671,41
1074,within an hour,100,85,t,t,t,Bedford-Stuyvesant,Private room in rental unit,Private room,2,1.0,1 private bath,2.0,1.0,135.0,5,365,5.0,4.71,4.69,4.93,4.88,4.49,4.73,f,0.0904109589041095,26
1183,within an hour,100,96,t,t,t,Clinton Hill,Private room in townhouse,Private room,2,1.0,1 private bath,1.0,2.0,143.0,4,18,4.0,4.83,4.85,4.89,4.88,4.8,4.83,f,0.1698630136986301,22
1204,within an hour,100,100,f,t,t,East Flatbush,Private room in home,Private room,2,1.0,1 private bath,1.0,3.0,99.0,3,30,3.0,4.8,4.8,4.94,4.94,4.46,4.78,t,0.1808219178082191,28
1340,within an hour,100,100,t,t,t,Bedford-Stuyvesant,Entire rental unit,Entire home/apt,4,1.0,1 bath,1.0,2.0,180.0,2,28,2.0,4.81,4.87,4.93,4.93,4.59,4.71,f,0.2164383561643835,32
1403,within a few hours,100,97,f,t,t,Sunset Park,Private room in home,Private room,2,1.0,1 private bath,1.0,2.0,113.0,2,27,2.0,4.64,4.26,4.89,4.91,4.8,4.71,f,0.2082191780821917,32
1465,within an hour,100,100,t,t,t,East Village,Private room in condo,Private room,1,1.0,1 shared bath,1.0,1.0,175.0,1,730,2.0,4.86,4.82,4.83,4.84,4.78,4.75,f,0.6301369863013698,50
1499,within an hour,100,99,f,t,f,Harlem,Entire rental unit,Entire home/apt,4,1.0,1 bath,0.0,2.0,159.0,4,29,4.0,4.53,4.56,4.86,4.88,4.57,4.54,t,0.2684931506849315,22
1559,within a day,100,96,t,t,t,Clinton Hill,Private room in condo,Private room,1,1.0,1 shared bath,1.0,1.0,80.0,5,17,5.0,4.82,4.86,4.95,4.95,4.86,4.79,f,0.1917808219178082,27
1659,within an hour,100,95,f,t,t,Harlem,Private room in rental unit,Private room,1,1.0,1 shared bath,1.0,1.0,105.0,7,30,7.0,4.85,4.91,4.95,4.95,4.74,4.81,f,0.084931506849315,34
1662,within an hour,100,100,t,t,t,Bedford-Stuyvesant,Entire guest suite,Entire home/apt,2,1.0,1 bath,1.0,1.0,225.0,3,365,3.0,4.81,4.86,4.91,4.95,4.68,4.81,f,0.1260273972602739,63
1742,within an hour,100,98,t,t,t,Harlem,Private room in townhouse,Private room,2,1.5,1.5 baths,1.0,1.0,119.0,1,28,2.0,4.98,4.97,4.99,4.98,4.88,4.97,f,0.6054794520547945,36
1832,within an hour,100,90,f,t,t,Huguenot,Private room in home,Private room,2,1.0,1 shared bath,1.0,1.0,84.0,1,4,1.0,4.88,4.93,4.95,4.96,4.9,4.86,f,0.1726027397260274,40
1839,within an hour,100,88,f,t,t,Mount Hope,Private room in townhouse,Private room,2,1.0,1 shared bath,1.0,1.0,151.0,2,28,2.0,4.54,4.72,4.69,4.66,4.36,4.48,f,0.0,29
1844,within an hour,100,100,t,t,t,Bedford-Stuyvesant,Entire guest suite,Entire home/apt,6,1.0,1 bath,3.0,4.0,349.0,2,90,2.0,4.88,4.81,4.96,4.95,4.68,4.84,f,0.1972602739726027,51
1871,within an hour,100,88,f,t,t,Mount Hope,Private room in townhouse,Private room,2,1.0,1 shared bath,1.0,1.0,151.0,2,28,2.0,4.56,4.65,4.75,4.74,4.44,4.37,f,0.021917808219178,30
1875,within an hour,100,100,t,t,t,Prospect-Lefferts Gardens,Private room in condo,Private room,2,1.0,1 shared bath,1.0,1.0,135.0,5,60,5.0,4.9,4.9,4.98,4.92,4.84,4.78,f,0.2575342465753424,71
1904,within an hour,100,97,t,t,t,Sunset Park,Private room in townhouse,Private room,2,1.5,1.5 baths,1.0,1.0,150.0,4,1125,4.0,4.99,5.0,5.0,5.0,4.9,4.96,f,0.2767123287671232,50
1906,within a few hours,100,96,f,t,t,Concourse Village,Private room in townhouse,Private room,2,1.0,1 private bath,1.0,2.0,115.0,2,1125,2.0,4.65,4.6,4.55,4.55,4.3,4.45,f,0.1260273972602739,4
1936,within an hour,100,94,t,t,t,Bedford-Stuyvesant,Private room in townhouse,Private room,2,1.0,1 private bath,1.0,2.0,179.0,2,1124,5.0,4.72,4.77,4.9,4.95,4.5,4.6,f,0.3835616438356164,46
1969,within an hour,100,100,t,t,t,Bushwick,Private room in home,Private room,6,1.0,1 private bath,2.0,3.0,390.0,2,60,2.0,4.96,4.76,4.97,5.0,4.87,4.84,t,0.0931506849315068,68
2003,within an hour,100,99,f,t,t,Ditmars Steinway,Private room in rental unit,Private room,2,1.0,1 shared bath,1.0,1.0,46.0,30,1125,1.0,4.44,4.54,4.59,4.68,4.66,4.53,t,0.2904109589041095,26
2013,within an hour,100,100,t,t,t,Flatlands,Private room in home,Private room,2,1.0,1 private bath,2.0,2.0,143.0,3,360,3.0,4.8,4.92,4.87,4.85,4.53,4.78,t,0.0356164383561643,52
2016,within an hour,98,99,f,t,f,Bedford-Stuyvesant,Entire rental unit,Entire home/apt,4,1.0,1 bath,0.0,2.0,136.0,5,1125,5.0,4.54,4.43,4.9,4.93,4.65,4.54,t,0.3342465753424657,18
2080,within an hour,100,98,f,t,t,Bedford-Stuyvesant,Private room in rental unit,Private room,2,1.0,1 private bath,0.0,2.0,150.0,2,30,2.0,4.78,4.8,4.79,4.72,4.73,4.8,f,0.0821917808219178,34
2082,within an hour,100,99,t,t,t,Bedford-Stuyvesant,Private room in guest suite,Private room,2,1.0,1 private bath,1.0,2.0,155.0,2,29,2.0,4.7,4.81,4.91,4.9,4.58,4.75,f,0.3671232876712328,33
2095,within an hour,100,100,t,t,t,Lower East Side,Private room in condo,Private room,2,1.0,1 shared bath,1.0,3.0,225.0,5,1125,7.0,4.94,4.93,4.98,4.96,4.92,4.83,f,0.4383561643835616,19
2151,within a few hours,100,81,f,t,t,Flatbush,Private room in home,Private room,2,1.5,1.5 baths,2.0,2.0,170.0,3,24,3.0,4.72,4.78,4.95,4.92,4.88,4.72,f,0.1863013698630137,36
2215,within a few hours,100,87,t,t,t,East Harlem,Private room in guest suite,Private room,2,1.0,1 private bath,1.0,1.0,130.0,3,14,3.0,4.77,4.92,4.94,4.93,4.19,4.82,f,0.5808219178082191,18
2224,within an hour,100,82,f,t,t,Harlem,Private room in home,Private room,1,1.0,1 private bath,1.0,2.0,225.0,2,5,2.0,5.0,5.0,4.94,5.0,4.88,4.88,f,0.2684931506849315,22
2324,within an hour,100,100,f,t,t,Harlem,Entire townhouse,Entire home/apt,9,2.5,2.5 baths,5.0,6.0,539.0,4,1125,4.0,4.74,4.63,4.95,4.94,4.64,4.67,f,0.2438356164383561,60
2382,within an hour,100,99,f,t,t,Crown Heights,Private room in home,Private room,3,1.0,1 private bath,1.0,2.0,178.0,1,28,1.0,4.64,4.68,4.79,4.59,4.45,4.47,t,0.5945205479452055,42
2386,within a few hours,100,88,t,t,t,Hell's Kitchen,Private room in loft,Private room,2,1.0,1 shared bath,1.0,1.0,170.0,1,1125,1.0,4.97,5.0,4.98,4.98,4.97,4.92,f,0.1972602739726027,62
2393,within a day,100,97,t,t,t,Prospect Heights,Entire guest suite,Entire home/apt,2,1.0,1 bath,1.0,2.0,285.0,3,1125,3.0,4.88,4.72,4.94,4.89,4.92,4.7,f,0.3589041095890411,56
2532,within an hour,100,97,t,t,t,Park Slope,Private room in townhouse,Private room,2,1.0,1 private bath,1.0,1.0,125.0,2,21,2.0,4.89,4.77,4.93,4.96,4.97,4.84,f,0.6657534246575343,36
2675,within an hour,100,99,f,t,t,Crown Heights,Private room in home,Private room,1,1.0,1 private bath,1.0,1.0,139.0,1,28,1.0,4.69,4.79,4.8,4.82,4.65,4.67,t,0.5780821917808219,48
2698,within a few hours,100,99,t,t,t,Harlem,Entire rental unit,Entire home/apt,4,1.0,1 bath,1.0,1.0,185.0,3,1125,3.0,4.88,4.86,4.92,4.95,4.74,4.8,f,0.336986301369863,46
2786,within an hour,100,99,f,t,t,Clinton Hill,Entire home,Entire home/apt,2,1.0,1 bath,1.0,1.0,119.0,1,27,1.0,4.54,4.45,4.82,4.84,4.47,4.53,f,0.6657534246575343,43
2808,within an hour,100,100,t,t,t,Financial District,Private room in loft,Private room,2,1.0,1 shared bath,1.0,1.0,180.0,5,90,5.0,4.97,4.91,4.98,4.99,4.95,4.91,f,0.4684931506849315,28
2831,within an hour,100,100,t,t,t,West Village,Entire rental unit,Entire home/apt,2,1.0,1 bath,1.0,2.0,268.0,2,1125,2.0,4.98,4.95,4.99,4.98,5.0,4.91,f,0.5808219178082191,38
2878,within an hour,100,100,t,t,t,East Harlem,Private room in rental unit,Private room,4,1.0,1 private bath,1.0,2.0,98.0,1,30,2.0,4.87,4.89,4.96,4.95,4.39,4.89,f,0.6027397260273972,32
2983,within an hour,100,99,f,t,t,Crown Heights,Private room in home,Private room,1,1.0,1 private bath,1.0,1.0,161.0,1,28,1.0,4.69,4.82,4.8,4.72,4.6,4.6,t,0.0821917808219178,42
3049,within a day,100,88,t,t,t,Upper East Side,Entire townhouse,Entire home/apt,8,5.0,5 baths,4.0,6.0,784.0,5,90,5.0,4.75,4.59,4.91,4.8,4.91,4.56,f,0.1808219178082191,27
3082,within an hour,100,100,t,t,t,Long Island City,Private room in home,Private room,2,1.0,1 private bath,1.0,2.0,130.0,5,30,5.0,4.83,4.9,4.96,4.95,4.79,4.79,f,0.5643835616438356,55
3087,within a day,90,13,f,t,f,Upper East Side,Entire rental unit,Entire home/apt,2,1.0,1 bath,1.0,1.0,300.0,3,160,3.0,4.33,3.89,4.63,4.61,4.76,4.28,f,0.3698630136986301,21
3183,within an hour,100,75,t,t,t,Bedford-Stuyvesant,Private room in rental unit,Private room,2,1.5,1.5 shared baths,1.0,1.0,67.0,10,365,1000.0,4.8,4.69,4.94,4.89,4.34,4.63,f,0.273972602739726,30
3216,within a few hours,100,86,t,t,t,Harlem,Private room in rental unit,Private room,1,1.0,1 bath,1.0,1.0,77.0,5,1125,5.0,4.84,4.81,4.93,4.95,4.82,4.8,f,0.1643835616438356,36
3289,within an hour,100,90,t,t,t,Crown Heights,Private room in home,Private room,4,1.0,1 shared bath,1.0,1.0,130.0,1,90,1.0,4.77,4.53,4.97,4.97,4.67,4.82,f,0.2356164383561644,12
3306,within a day,100,90,t,t,t,Bedford-Stuyvesant,Entire home,Entire home/apt,2,1.0,1 bath,2.0,2.0,174.0,3,1125,3.0,4.75,4.8,4.9,4.84,4.47,4.7,f,0.1945205479452054,25
3367,within a day,100,77,t,t,t,Harlem,Entire guest suite,Entire home/apt,2,1.0,1 bath,0.0,1.0,252.0,4,200,4.0,4.93,4.8,5.0,5.0,4.87,4.93,f,0.1013698630136986,39
3418,within an hour,100,99,f,t,f,Harlem,Entire rental unit,Entire home/apt,4,1.0,1 bath,0.0,2.0,159.0,4,29,4.0,4.55,4.38,4.71,4.77,4.3,4.46,f,0.3424657534246575,31
3425,within an hour,100,100,f,t,t,Kensington,Private room in home,Private room,2,2.0,2 baths,4.0,4.0,399.0,2,365,2.0,4.86,4.57,5.0,5.0,5.0,4.86,f,0.2547945205479452,69
3450,within an hour,100,97,t,t,t,DUMBO,Entire guest suite,Entire home/apt,2,1.0,1 bath,2.0,2.0,284.0,4,18,4.0,4.89,4.9,4.96,4.96,4.93,4.76,f,0.6986301369863014,31
3524,within an hour,100,100,f,t,t,Sheepshead Bay,Private room in home,Private room,2,1.0,1 private bath,2.0,3.0,156.0,3,90,3.0,4.68,4.76,4.81,4.75,4.68,4.74,t,0.0191780821917808,51
3587,within an hour,97,58,t,t,t,Harlem,Private room in rental unit,Private room,2,1.0,1 shared bath,1.0,1.0,94.0,1,65,1.0,4.75,4.81,4.69,4.85,4.74,4.77,f,0.421917808219178,37
3641,within a few hours,100,98,t,t,t,Fort Greene,Private room in townhouse,Private room,2,1.5,1.5 baths,1.0,2.0,192.0,2,30,2.0,4.96,4.94,4.96,4.97,4.98,4.87,f,0.5452054794520548,44
3652,within an hour,100,98,t,t,t,Upper East Side,Entire rental unit,Entire home/apt,2,1.0,1 bath,1.0,1.0,330.0,3,1125,5.0,4.64,4.52,4.85,4.92,4.9,4.49,f,0.1287671232876712,55
3752,within an hour,100,100,t,t,t,Park Slope,Private room in rental unit,Private room,2,1.0,1 shared bath,1.0,1.0,181.0,7,1125,7.0,4.94,4.92,4.98,4.97,4.94,4.92,t,0.284931506849315,22
4015,within a few hours,100,95,f,t,t,Bedford-Stuyvesant,Entire rental unit,Entire home/apt,8,1.0,1 bath,2.0,3.0,396.0,3,1125,3.0,4.34,3.81,4.69,4.73,4.22,4.14,f,0.1178082191780822,12
4019,within a few hours,100,29,f,t,t,Midtown,Entire serviced apartment,Entire home/apt,2,1.0,1 bath,0.0,1.0,478.0,4,10,4.0,5.0,4.89,4.93,5.0,4.98,4.91,f,0.0821917808219178,27
4064,within an hour,100,100,t,t,t,Bedford-Stuyvesant,Private room in rental unit,Private room,2,1.0,1 shared bath,1.0,1.0,85.0,1,30,1.0,4.86,4.81,4.9,4.94,4.54,4.83,f,0.6575342465753424,39
4084,within an hour,100,99,f,t,t,Bushwick,Entire guest suite,Entire home/apt,4,1.0,1 bath,0.0,2.0,185.0,3,60,3.0,4.55,4.41,4.89,4.89,4.64,4.6,f,0.2767123287671232,48
4109,within an hour,100,99,f,t,t,Crown Heights,Private room in home,Private room,3,1.0,1 private bath,1.0,2.0,176.0,1,28,1.0,4.77,4.75,4.83,4.6,4.77,4.7,t,0.6328767123287671,41
4122,within an hour,100,81,f,t,t,Gravesend,Private room in townhouse,Private room,2,1.0,1 shared bath,1.0,1.0,249.0,1,365,1.0,4.79,4.83,4.9,4.93,4.74,4.76,f,0.021917808219178,38
4254,within a few hours,100,90,t,t,t,Cobble Hill,Private room in townhouse,Private room,2,1.0,1 private bath,0.0,1.0,245.0,3,60,3.0,4.95,4.96,4.97,4.97,5.0,4.82,f,0.6493150684931507,35
4257,within an hour,100,96,t,t,t,Great Kills,Private room in home,Private room,3,2.0,2 shared baths,2.0,2.0,158.0,1,7,1.0,5.0,5.0,5.0,5.0,4.97,4.99,f,0.5835616438356165,52
4268,within a few hours,100,91,t,t,t,Prospect Heights,Private room in home,Private room,2,1.0,1 private bath,1.0,1.0,175.0,2,30,2.0,4.91,4.79,4.98,4.97,4.99,4.8,f,0.4273972602739726,29
4284,within an hour,90,100,t,t,t,Bedford-Stuyvesant,Entire guest suite,Entire home/apt,2,1.0,1 bath,1.0,2.0,232.0,3,30,3.0,4.92,4.86,4.94,4.97,4.82,4.88,t,0.3835616438356164,62
4322,within an hour,100,98,t,t,f,Jamaica,Entire guest suite,Entire home/apt,2,1.0,1 bath,1.0,1.0,149.0,2,28,2.0,4.92,4.94,4.94,4.95,4.91,4.89,f,0.5917808219178082,43
4379,within an hour,100,90,t,t,t,Murray Hill,Private room in rental unit,Private room,2,1.0,1 shared bath,1.0,1.0,240.0,4,30,4.0,5.0,5.0,4.99,4.98,4.95,4.93,f,0.2684931506849315,62
4453,within a few hours,97,95,t,t,t,Red Hook,Private room in condo,Private room,1,1.0,1 private bath,1.0,1.0,70.0,1,14,1.0,4.87,4.88,4.92,4.95,4.7,4.89,f,0.6410958904109589,20
4486,within an hour,100,96,t,t,f,Williamsburg,Private room in rental unit,Private room,2,1.0,1 private bath,2.0,2.0,169.0,4,365,4.0,4.88,4.87,4.98,4.98,4.76,4.81,f,0.6602739726027397,54
4507,within an hour,100,100,t,t,t,Canarsie,Entire home,Entire home/apt,10,1.5,1.5 baths,3.0,6.0,326.0,2,1125,2.0,4.88,4.85,4.94,4.92,4.59,4.7,t,0.3452054794520548,55
4628,within a few hours,100,100,f,t,t,Long Island City,Private room in townhouse,Private room,1,1.0,1 shared bath,1.0,2.0,90.0,3,90,3.0,5.0,5.0,5.0,5.0,5.0,4.98,f,0.6958904109589041,33
4638,within an hour,100,100,f,t,t,Harlem,Private room in townhouse,Private room,2,1.0,1 private bath,1.0,1.0,96.0,5,28,22.0,4.93,4.96,4.96,4.99,4.66,4.9,f,0.4383561643835616,22
4735,within an hour,100,97,t,t,f,Elmhurst,Private room in home,Private room,2,1.0,1 shared bath,1.0,1.0,113.0,6,18,6.0,4.96,4.97,4.99,4.97,4.87,4.96,f,0.0547945205479452,34
4766,within an hour,100,82,f,t,t,Harlem,Entire rental unit,Entire home/apt,4,1.0,1 bath,2.0,2.0,293.0,3,90,3.0,4.83,4.83,4.96,4.94,4.83,4.74,f,0.0767123287671232,31
4948,within a day,55,58,f,t,t,Bedford-Stuyvesant,Private room in rental unit,Private room,4,1.0,1 shared bath,1.0,2.0,95.0,2,65,2.0,4.59,4.85,4.66,4.69,4.4,4.64,f,0.1561643835616438,42
5096,within an hour,100,97,t,t,t,Williamsburg,Private room in rental unit,Private room,2,1.0,1 shared bath,1.0,2.0,160.0,2,365,3.0,4.94,4.88,4.96,4.98,4.95,4.82,f,0.1780821917808219,29
5300,within an hour,100,100,t,t,t,Greenpoint,Private room in condo,Private room,2,1.0,1 shared bath,1.0,1.0,181.0,2,1125,2.0,4.9,4.68,4.97,4.99,4.93,4.78,t,0.1123287671232876,62
5312,within an hour,100,100,f,t,t,Crown Heights,Private room in townhouse,Private room,2,1.0,1 private bath,1.0,2.0,145.0,1,365,1.0,4.72,4.53,4.93,4.95,4.53,4.6,f,0.3424657534246575,35
5321,within an hour,100,100,t,t,t,Park Slope,Private room in rental unit,Private room,2,1.0,1 shared bath,1.0,1.0,130.0,2,30,2.0,4.86,4.74,4.93,4.97,4.97,4.89,f,0.2383561643835616,63
5402,within an hour,100,91,t,t,t,Jamaica,Entire guest suite,Entire home/apt,6,1.0,1 bath,2.0,3.0,204.0,4,28,9.0,4.78,4.93,4.94,4.92,4.3,4.69,f,0.1041095890410958,43
5405,within an hour,100,90,t,t,t,Harlem,Private room in townhouse,Private room,2,1.0,1 private bath,1.0,1.0,209.0,1,30,1.0,4.85,4.84,4.91,4.88,4.8,4.77,f,0.1424657534246575,40
5408,within a few hours,100,0,f,t,t,Midtown,Room in hotel,Private room,2,1.0,1 private bath,1.0,1.0,785.0,1,28,1.0,5.0,5.0,4.95,5.0,5.0,4.95,f,0.010958904109589,18
5447,within an hour,100,81,f,t,t,Gravesend,Private room in townhouse,Private room,2,1.0,1 shared bath,1.0,1.0,249.0,1,365,1.0,4.75,4.88,4.72,5.0,4.65,4.61,f,0.5068493150684932,40
5451,within an hour,100,100,t,t,t,Upper West Side,Entire guest suite,Entire home/apt,2,1.0,1 bath,1.0,1.0,306.0,2,28,2.0,4.96,4.94,4.99,4.99,4.97,4.86,f,0.4520547945205479,38
5543,within an hour,100,90,t,t,t,Bedford-Stuyvesant,Private room in townhouse,Private room,2,1.0,1 private bath,1.0,2.0,151.0,2,15,3.0,4.87,4.9,4.96,4.93,4.63,4.84,f,0.6821917808219178,42
5556,within a day,100,83,t,t,f,New Brighton,Private room in home,Private room,2,1.0,1 private bath,1.0,1.0,55.0,1,30,1.0,4.78,4.54,4.91,4.93,4.77,4.84,f,0.5589041095890411,40
5573,within an hour,100,86,t,t,t,Middle Village,Private room in home,Private room,2,1.5,1.5 baths,2.0,2.0,135.0,3,1125,3.0,4.95,4.97,4.99,4.92,4.83,4.94,f,0.1671232876712328,48
5587,within an hour,100,100,t,t,t,Crown Heights,Private room in townhouse,Private room,2,1.0,1 private bath,1.0,1.0,143.0,3,180,4.0,4.87,4.94,4.95,4.95,4.64,4.77,t,0.1287671232876712,50
5651,within a few hours,90,79,f,t,t,East Village,Private room in rental unit,Private room,2,1.0,1 private bath,1.0,1.0,131.0,3,180,3.0,4.83,4.69,4.86,4.89,4.91,4.82,f,0.5068493150684932,28
5705,within an hour,100,100,t,t,t,Bedford-Stuyvesant,Private room in rental unit,Private room,1,1.0,1 shared bath,1.0,1.0,90.0,2,1125,2.0,4.79,4.92,4.81,4.8,4.69,4.77,f,0.1397260273972602,59
5741,within an hour,100,65,t,t,t,Greenpoint,Entire rental unit,Entire home/apt,4,1.0,1 bath,0.0,2.0,439.0,3,30,3.0,4.74,4.89,4.74,4.79,4.89,4.68,t,0.0520547945205479,18
5784,within an hour,100,79,f,t,t,Forest Hills,Private room in home,Private room,2,1.0,1 shared bath,1.0,1.0,74.0,2,180,2.0,4.54,4.39,4.73,4.7,4.74,4.55,f,0.0821917808219178,17
5822,within an hour,90,100,t,t,t,Bedford-Stuyvesant,Private room in rental unit,Private room,1,1.0,1 private bath,1.0,1.0,220.0,5,96,5.0,4.9,4.89,4.94,4.98,4.85,4.86,t,0.6986301369863014,45
5869,within an hour,100,99,t,t,t,Harlem,Entire guest suite,Entire home/apt,3,1.0,1 bath,1.0,1.0,196.0,3,90,3.0,4.77,4.78,4.86,4.88,4.74,4.78,f,0.5178082191780822,40
5961,within an hour,100,100,t,t,t,South Slope,Private room in townhouse,Private room,2,1.0,1 private bath,1.0,1.0,133.0,3,30,3.0,4.91,4.76,4.98,4.97,4.95,4.89,f,0.4,46
6018,within an hour,100,80,f,t,t,Bedford-Stuyvesant,Entire home,Entire home/apt,2,1.0,1 bath,1.0,1.0,193.0,3,1125,5.0,4.78,4.95,4.88,4.85,4.51,4.62,f,0.5205479452054794,31
6068,within an hour,100,100,f,t,t,Ozone Park,Private room in home,Private room,2,1.0,1 private bath,1.0,2.0,111.0,3,26,3.0,4.75,4.71,4.89,4.93,4.54,4.71,f,0.0356164383561643,47
6174,within an hour,100,98,t,t,t,Park Slope,Private room in townhouse,Private room,2,1.0,1 private bath,1.0,2.0,143.0,1,1125,1.0,4.91,4.9,4.96,4.96,4.97,4.82,f,0.3178082191780822,37
6433,within an hour,95,85,t,t,t,Harlem,Entire rental unit,Entire home/apt,2,1.0,1 bath,1.0,3.0,246.0,4,28,8.0,4.72,4.78,4.86,4.83,4.73,4.56,f,0.0301369863013698,26
6434,within an hour,95,85,t,t,t,Harlem,Entire rental unit,Entire home/apt,2,1.0,1 bath,1.0,2.0,273.0,3,28,8.0,4.65,4.73,4.81,4.81,4.63,4.46,f,0.0383561643835616,20
6491,within an hour,100,100,f,t,t,Flatlands,Shared room in townhouse,Shared room,2,1.0,1 shared bath,0.0,2.0,100.0,3,29,3.0,4.95,4.94,5.0,4.99,4.75,4.92,f,0.0301369863013698,30
6507,within an hour,100,100,t,t,t,Bushwick,Private room in rental unit,Private room,2,1.0,1 private bath,1.0,1.0,231.0,2,14,3.0,4.95,4.9,4.97,4.96,4.83,4.88,f,0.3561643835616438,55
6515,within an hour,100,92,t,t,t,Hell's Kitchen,Private room in rental unit,Private room,2,1.0,1 shared bath,1.0,1.0,185.0,5,1125,5.0,4.74,4.9,4.77,4.86,4.89,4.73,f,0.147945205479452,37
6554,within an hour,100,93,t,t,t,Bensonhurst,Entire guest suite,Entire home/apt,2,1.0,1 bath,1.0,1.0,160.0,5,40,5.0,4.84,4.94,4.98,4.95,4.7,4.74,f,0.1095890410958904,46
6609,within an hour,100,100,f,t,t,East New York,Private room in rental unit,Private room,8,2.0,2 baths,3.0,3.0,309.0,30,1125,2.0,4.55,4.19,4.86,4.91,4.35,4.63,t,0.3972602739726027,47
6619,within an hour,100,91,f,t,t,Canarsie,Entire rental unit,Entire home/apt,4,1.0,1 bath,1.0,2.0,260.0,2,31,2.0,4.78,4.77,4.88,4.88,4.66,4.79,f,0.0821917808219178,46
6645,within an hour,100,100,f,t,t,Williamsburg,Private room in townhouse,Private room,2,1.0,1 private bath,1.0,2.0,275.0,5,28,5.0,4.85,4.77,4.88,4.91,4.93,4.8,f,0.5424657534246575,48
6666,within an hour,100,100,t,t,f,Concourse,Private room in rental unit,Private room,2,1.0,1 private bath,1.0,1.0,135.0,2,30,2.0,4.83,4.87,4.94,4.93,4.69,4.84,f,0.1232876712328767,33
6683,within an hour,100,98,f,t,t,Bedford-Stuyvesant,Entire rental unit,Entire home/apt,2,1.0,1 bath,1.0,2.0,145.0,2,21,2.0,4.71,4.77,4.89,4.88,4.73,4.71,f,0.1123287671232876,42
6753,within an hour,100,100,t,t,t,East Flatbush,Entire rental unit,Entire home/apt,2,1.0,1 bath,1.0,2.0,151.0,2,254,30.0,4.87,4.95,4.94,4.99,4.4,4.75,f,0.0958904109589041,42
6775,within a few hours,100,78,t,t,f,Harlem,Private room in rental unit,Private room,2,1.0,1 private bath,1.0,1.0,170.0,3,14,3.0,4.97,4.93,4.98,4.97,4.58,4.88,f,0.336986301369863,27
6826,within an hour,100,98,t,t,t,Prospect-Lefferts Gardens,Entire guest suite,Entire home/apt,2,1.0,1 bath,1.0,6.0,146.0,1,7,2.0,4.88,4.91,4.97,4.96,4.85,4.84,f,0.1013698630136986,51
6861,within an hour,100,100,t,t,t,Clinton Hill,Private room in rental unit,Private room,1,1.0,1 shared bath,1.0,1.0,85.0,1,30,1.0,4.91,4.87,4.91,4.95,4.67,4.86,t,0.547945205479452,36
6869,within a few hours,92,89,t,t,t,Bedford-Stuyvesant,Private room in townhouse,Private room,2,1.0,1 shared bath,1.0,1.0,143.0,3,45,3.0,4.84,4.88,4.87,4.87,4.56,4.79,f,0.5808219178082191,22
6894,within an hour,100,100,t,t,t,Bedford-Stuyvesant,Private room in townhouse,Private room,2,1.0,1 private bath,1.0,1.0,171.0,2,13,2.0,4.91,4.94,4.97,4.95,4.64,4.89,t,0.3260273972602739,56
6916,within an hour,100,92,t,t,t,Hell's Kitchen,Private room in rental unit,Private room,2,1.0,1 shared bath,1.0,1.0,239.0,3,17,3.0,4.93,4.87,4.94,4.98,4.99,4.86,f,0.5342465753424658,27
6970,within an hour,100,91,t,t,t,Astoria,Private room in rental unit,Private room,4,1.0,1 private bath,2.0,3.0,230.0,3,365,4.0,4.98,4.96,4.99,4.98,4.89,4.91,f,0.4493150684931506,35
6989,within an hour,100,98,f,t,t,Bedford-Stuyvesant,Entire rental unit,Entire home/apt,2,1.0,1 bath,1.0,1.0,139.0,2,21,2.0,4.67,4.73,4.89,4.91,4.72,4.72,f,0.1095890410958904,40
7043,within an hour,100,85,t,t,t,Williamsburg,Private room in townhouse,Private room,1,1.0,1 private bath,1.0,1.0,199.0,5,55,6.0,4.91,4.91,4.95,4.93,4.99,4.84,f,0.589041095890411,43
7069,within an hour,100,92,f,t,t,Queens Village,Entire home,Entire home/apt,2,1.0,1 bath,2.0,2.0,156.0,2,28,2.0,4.95,4.97,4.98,5.0,4.85,4.91,f,0.0383561643835616,38
7104,within an hour,100,100,t,t,t,Flushing,Private room in home,Private room,2,1.0,1 shared bath,1.0,1.0,135.0,1,1125,1.0,4.78,4.65,4.91,4.93,4.8,4.57,f,0.0547945205479452,31
7129,within a few hours,100,100,f,t,t,Crown Heights,Private room in townhouse,Private room,2,1.0,1 private bath,1.0,1.0,180.0,3,60,30.0,4.95,4.88,4.98,4.97,4.48,4.83,f,0.6328767123287671,67
7155,within an hour,100,99,f,t,t,Crown Heights,Private room in home,Private room,3,1.0,1 private bath,1.0,2.0,176.0,1,28,1.0,4.7,4.7,4.7,4.65,4.63,4.57,t,0.6438356164383562,43
7175,within an hour,100,100,t,t,t,Carroll Gardens,Private room in home,Private room,2,1.0,1 shared bath,1.0,1.0,155.0,3,730,3.0,4.82,4.76,4.92,4.91,4.94,4.75,f,0.3753424657534246,18
7188,within an hour,100,94,f,t,t,Bedford-Stuyvesant,Private room in townhouse,Private room,2,1.0,1 private bath,1.0,2.0,130.0,2,30,1.0,4.81,4.8,4.94,4.92,4.56,4.74,f,0.5945205479452055,30
7235,within a few hours,90,26,f,t,t,Midtown,Entire rental unit,Entire home/apt,4,2.5,2.5 baths,1.0,2.0,1000.0,1,7,2.0,5.0,5.0,4.78,4.89,5.0,4.78,f,0.0438356164383561,22
7258,within a few hours,90,86,f,t,t,Bedford-Stuyvesant,Private room in rental unit,Private room,2,1.0,1 shared bath,1.0,1.0,62.0,1,21,1.0,4.68,4.57,4.91,4.91,4.77,4.74,f,0.5945205479452055,40
7271,within an hour,100,87,t,t,t,Bedford-Stuyvesant,Private room in home,Private room,2,1.0,1 private bath,1.0,1.0,140.0,3,30,3.0,4.86,4.88,4.9,4.89,4.66,4.83,f,0.6219178082191781,51
7297,within an hour,100,96,t,t,t,Red Hook,Private room in rental unit,Private room,2,1.0,1 private bath,1.0,1.0,110.0,5,10,5.0,4.81,4.86,4.93,4.83,4.79,4.78,f,0.347945205479452,41
7300,within a few hours,100,90,t,t,t,Sunset Park,Private room in rental unit,Private room,1,1.5,1.5 shared baths,1.0,1.0,95.0,3,1125,3.0,5.0,4.98,5.0,5.0,4.9,5.0,f,0.1698630136986301,33
7312,within an hour,100,99,t,t,t,Chelsea,Private room in loft,Private room,2,1.0,1 private bath,1.0,1.0,265.0,2,1125,2.0,4.99,5.0,5.0,5.0,4.99,4.94,f,0.6136986301369863,40
7337,within an hour,100,97,t,t,t,Prospect-Lefferts Gardens,Private room in townhouse,Private room,2,1.0,1 private bath,1.0,2.0,141.0,3,29,5.0,4.94,4.98,4.9,4.99,4.86,4.82,f,0.1643835616438356,47
7344,within a day,97,62,f,t,t,Midtown,Entire condo,Entire home/apt,4,1.0,1 bath,0.0,2.0,580.0,3,365,3.0,5.0,5.0,5.0,5.0,5.0,4.5,f,0.0027397260273972,22
7378,within a few hours,91,89,t,t,t,Bushwick,Private room in condo,Private room,2,1.0,1 private bath,1.0,1.0,199.0,5,28,5.0,4.95,4.89,4.98,4.97,4.69,4.9,f,0.4136986301369863,60
7391,within an hour,100,98,t,t,t,Cobble Hill,Private room in rental unit,Private room,2,1.0,1 private bath,2.0,2.0,375.0,2,1125,2.0,4.96,4.96,4.95,4.97,4.97,4.84,f,0.2054794520547945,33
7415,within an hour,100,100,t,t,t,East Village,Private room in condo,Private room,2,1.0,1 private bath,1.0,2.0,175.0,4,180,4.0,4.85,4.82,4.96,4.99,4.78,4.78,f,0.5260273972602739,36
7428,within a day,100,85,t,t,t,Gowanus,Private room in home,Private room,1,1.0,1 shared bath,1.0,1.0,82.0,3,180,3.0,4.79,4.67,4.91,4.88,4.92,4.77,f,0.2301369863013698,35
7445,within an hour,90,99,t,t,t,Park Slope,Private room in townhouse,Private room,2,1.0,1 private bath,1.0,1.0,135.0,2,1125,2.0,4.92,4.94,4.97,4.95,4.96,4.86,t,0.5013698630136987,24
7499,within a day,100,85,t,t,t,Sheepshead Bay,Entire home,Entire home/apt,3,1.0,1 bath,2.0,3.0,225.0,3,28,3.0,4.91,4.97,4.97,4.97,4.76,4.81,f,0.5205479452054794,40
7504,within a few hours,100,95,f,t,t,Clinton Hill,Entire rental unit,Entire home/apt,4,1.0,1 bath,2.0,3.0,215.0,2,90,2.0,4.73,4.84,4.93,4.9,4.49,4.71,f,0.2794520547945205,46
7520,within a few hours,100,98,t,t,t,Bushwick,Private room in home,Private room,2,1.0,1 private bath,2.0,2.0,125.0,4,31,3.0,4.89,4.89,4.94,4.98,4.74,4.91,f,0.673972602739726,25
7538,within a few hours,96,40,t,t,t,Midtown,Room in boutique hotel,Private room,6,2.0,2 baths,2.0,3.0,2699.0,1,30,1.0,5.0,5.0,5.0,5.0,5.0,4.9,f,0.0493150684931506,32
7539,within a few hours,96,40,t,t,t,Midtown,Room in boutique hotel,Private room,4,1.0,1 private bath,1.0,2.0,1599.0,1,30,1.0,5.0,4.97,5.0,5.0,5.0,4.97,f,0.0164383561643835,31
7540,within an hour,100,100,t,t,t,Harlem,Entire rental unit,Entire home/apt,4,1.0,1 bath,0.0,2.0,172.0,1,30,10.0,4.6,4.59,4.8,4.55,4.8,4.61,t,0.4356164383561643,32
7651,within an hour,100,100,f,t,t,Bedford-Stuyvesant,Entire rental unit,Entire home/apt,4,2.5,2.5 baths,2.0,2.0,390.0,3,60,3.0,4.72,4.77,4.85,4.88,4.48,4.64,f,0.5205479452054794,49
7826,within a day,100,75,t,t,f,Sunset Park,Private room in rental unit,Private room,2,1.0,1 private bath,1.0,1.0,136.0,3,28,3.0,4.82,4.88,4.91,4.93,4.62,4.81,f,0.5698630136986301,40
7834,within a few hours,100,97,t,t,t,East Harlem,Entire rental unit,Entire home/apt,6,1.0,1 bath,1.0,2.0,275.0,4,1125,4.0,4.94,4.68,4.94,4.84,4.59,4.81,f,0.4575342465753425,48
7843,within an hour,100,84,t,t,t,Midwood,Private room in home,Private room,2,1.5,1.5 shared baths,1.0,1.0,80.0,3,29,3.0,4.97,4.85,4.98,4.99,4.87,4.94,f,0.4246575342465753,46
7928,within a few hours,90,98,f,t,t,Harlem,Private room in bed and breakfast,Private room,2,1.5,1.5 shared baths,1.0,1.0,513.0,1,180,1.0,4.82,5.0,4.97,5.0,4.84,4.75,t,0.0630136986301369,36
7973,within an hour,100,97,t,t,f,Elmhurst,Private room in home,Private room,2,1.0,1 shared bath,1.0,1.0,128.0,6,18,6.0,4.95,4.96,4.98,4.98,4.87,4.96,f,0.0821917808219178,24
8001,within an hour,100,100,t,t,t,Harlem,Room in boutique hotel,Hotel room,2,2.0,2 shared baths,1.0,1.0,164.0,1,365,4.0,4.83,4.77,4.86,4.75,4.76,4.79,t,0.2821917808219178,15
8008,within an hour,100,100,t,t,t,Harlem,Room in boutique hotel,Private room,2,2.0,2 shared baths,1.0,1.0,153.0,1,365,4.0,4.82,4.77,4.91,4.8,4.89,4.88,t,0.3287671232876712,14
8020,within a few hours,100,96,t,t,t,Greenpoint,Entire townhouse,Entire home/apt,6,1.5,1.5 baths,3.0,4.0,552.0,3,28,3.0,4.94,4.94,5.0,4.95,4.95,4.87,f,0.6328767123287671,78
8022,within an hour,100,99,t,t,t,East Village,Private room in rental unit,Private room,2,2.0,2 shared baths,1.0,1.0,162.0,1,28,1.0,4.83,4.8,4.86,4.83,4.94,4.79,t,0.2657534246575342,23
8040,within an hour,100,92,t,t,t,Sheepshead Bay,Private room in home,Private room,6,2.0,2 baths,3.0,4.0,289.0,3,365,3.0,4.98,4.98,4.99,5.0,4.87,4.91,f,0.1863013698630137,84
8044,within an hour,100,93,t,t,t,Greenpoint,Private room in guest suite,Private room,2,1.0,1 private bath,2.0,2.0,221.0,2,29,5.0,4.93,4.9,4.97,4.97,4.89,4.82,f,0.6164383561643836,54
8057,within an hour,100,91,t,t,t,Astoria,Private room in rental unit,Private room,6,1.0,1 private bath,3.0,4.0,264.0,3,360,5.0,4.97,4.97,4.99,5.0,4.93,4.9,f,0.4465753424657534,36
8066,within an hour,100,100,f,t,f,Briarwood,Private room in home,Private room,2,1.5,1.5 baths,3.0,6.0,349.0,4,730,4.0,5.0,4.73,4.93,5.0,4.67,4.8,f,0.0,16
8075,within a few hours,90,98,f,t,t,Harlem,Private room in townhouse,Private room,2,1.5,1.5 baths,1.0,3.0,355.0,1,120,1.0,4.9,4.86,4.86,4.9,4.82,4.71,f,0.1780821917808219,50
8079,within a few hours,90,98,f,t,t,Harlem,Private room in townhouse,Private room,2,1.5,1.5 baths,1.0,2.0,296.0,1,180,1.0,4.86,4.95,4.95,4.95,4.68,4.55,f,0.0246575342465753,36
8080,within a few hours,90,98,f,t,t,Harlem,Private room in townhouse,Private room,3,1.5,1.5 shared baths,1.0,2.0,296.0,1,180,1.0,4.89,4.82,4.93,4.91,4.74,4.79,t,0.1232876712328767,31
8097,within an hour,100,100,f,t,t,Canarsie,Private room in home,Private room,2,1.0,1 private bath,0.0,1.0,98.0,2,1125,2.0,4.92,4.92,4.95,4.96,4.65,4.88,f,0.1013698630136986,24
8166,within an hour,100,100,t,t,t,Bath Beach,Entire rental unit,Entire home/apt,4,1.0,1 bath,2.0,1.0,190.0,5,21,5.0,4.94,4.94,4.94,4.94,4.8,4.91,f,0.5643835616438356,51
8211,within a few hours,86,88,t,t,t,Whitestone,Private room in townhouse,Private room,1,0.0,0 shared baths,1.0,1.0,94.0,1,29,7.0,4.92,4.97,4.92,4.94,4.84,4.9,f,0.0931506849315068,41
8233,within an hour,100,100,t,t,t,Gowanus,Private room in loft,Private room,4,1.0,1 private bath,1.0,4.0,230.0,2,365,2.0,4.96,4.89,4.99,5.0,4.56,4.9,f,0.3863013698630137,55
8239,within an hour,100,100,f,t,t,Upper West Side,Entire rental unit,Entire home/apt,6,1.0,1 bath,3.0,3.0,475.0,5,1124,5.0,4.36,4.28,4.84,4.8,4.93,4.4,f,0.5095890410958904,41
8307,within an hour,100,89,t,t,t,Harlem,Private room in rental unit,Private room,2,1.0,1 shared bath,1.0,1.0,130.0,2,365,2.0,4.82,4.65,4.82,4.94,4.47,4.47,f,0.1616438356164383,41
8311,within an hour,100,100,t,t,f,Clinton Hill,Entire guest suite,Entire home/apt,4,1.0,1 bath,2.0,2.0,245.0,2,30,2.0,4.84,4.9,4.96,4.95,4.81,4.82,f,0.4849315068493151,30
8323,within an hour,100,100,f,t,t,Canarsie,Private room in home,Private room,2,1.0,1 private bath,1.0,1.0,148.0,1,30,1.0,4.25,4.27,4.56,4.55,4.52,4.06,f,0.0164383561643835,34
8340,within an hour,100,100,t,t,t,Upper West Side,Private room in townhouse,Private room,2,1.5,1.5 baths,2.0,3.0,365.0,3,28,3.0,4.99,4.99,5.0,4.99,4.99,4.92,f,0.2602739726027397,42
8391,within an hour,100,93,t,t,f,Bedford-Stuyvesant,Private room in home,Private room,1,1.0,1 shared bath,1.0,1.0,90.0,14,70,14.0,4.94,4.94,4.94,4.98,4.87,4.83,f,0.1150684931506849,22
8405,within an hour,100,97,f,t,t,Pelham Gardens,Entire home,Entire home/apt,6,1.5,1.5 baths,3.0,4.0,399.0,2,30,2.0,4.9,4.79,4.97,4.94,4.89,4.86,f,0.5534246575342465,41
8451,within an hour,100,98,t,t,t,Bedford-Stuyvesant,Entire guest suite,Entire home/apt,4,1.0,1 bath,1.0,2.0,180.0,2,28,2.0,4.9,4.97,4.94,4.97,4.75,4.79,f,0.4273972602739726,55
8452,within an hour,100,83,t,t,t,Windsor Terrace,Entire home,Entire home/apt,12,2.0,2 baths,3.0,8.0,1000.0,1,365,4.0,4.93,4.95,4.96,4.94,4.93,4.77,f,0.6465753424657534,56
8457,within an hour,100,98,t,t,t,East Elmhurst,Private room in home,Private room,1,1.0,1 shared bath,1.0,1.0,71.0,1,20,1.0,4.88,4.9,4.96,4.94,4.64,4.86,f,0.6520547945205479,30
8512,within an hour,100,97,t,t,t,Arverne,Private room in rental unit,Private room,2,1.0,1 private bath,2.0,3.0,170.0,2,1125,2.0,4.95,4.81,4.99,5.0,4.96,4.89,f,0.2219178082191781,61
8576,within an hour,100,74,t,t,t,Boerum Hill,Private room in home,Private room,1,1.0,1 private bath,1.0,1.0,168.0,2,40,2.0,4.95,4.94,4.97,4.96,4.9,4.88,f,0.1863013698630137,47
8579,within an hour,100,92,f,f,t,Jamaica,Entire home,Entire home/apt,6,1.0,1 bath,3.0,3.0,175.0,30,360,30.0,4.86,4.89,4.95,4.96,4.57,4.81,f,0.0,28
8602,within a few hours,90,61,t,t,t,Flatlands,Private room in rental unit,Private room,1,1.0,1 shared bath,1.0,1.0,99.0,3,29,3.0,4.96,4.77,4.85,5.0,4.56,4.78,f,0.5205479452054794,28
8689,within a few hours,100,93,t,t,t,Greenpoint,Private room in condo,Private room,2,1.0,1 private bath,1.0,1.0,295.0,1,730,1.0,4.86,4.8,4.88,4.77,4.74,4.7,f,0.3260273972602739,56
8703,within an hour,100,73,t,t,t,Bedford-Stuyvesant,Private room in townhouse,Private room,2,1.0,1 private bath,1.0,1.0,191.0,2,30,2.0,5.0,4.94,5.0,4.98,4.79,4.85,f,0.0164383561643835,42
8834,within a day,100,95,t,t,t,Jackson Heights,Private room in townhouse,Private room,2,1.0,1 private bath,1.0,2.0,205.0,2,15,2.0,5.0,4.95,4.94,4.95,4.94,4.89,f,0.1095890410958904,54
8859,within a few hours,100,79,t,t,t,Morris Park,Private room in home,Private room,1,1.5,1.5 shared baths,1.0,1.0,38.0,2,18,2.0,4.98,4.96,4.97,4.96,4.75,4.95,f,0.3863013698630137,27
8884,within an hour,100,100,t,t,t,Williamsburg,Private room in rental unit,Private room,2,1.0,1 private bath,1.0,1.0,185.0,6,1125,6.0,4.89,4.84,4.97,4.96,4.95,4.83,t,0.6246575342465753,31
8901,within an hour,100,66,t,t,t,Rockaway Beach,Entire home,Entire home/apt,4,1.0,1 bath,1.0,2.0,175.0,3,730,3.0,4.91,4.81,4.95,5.0,4.86,4.84,f,0.2164383561643835,39
8927,within an hour,100,100,t,t,t,Middle Village,Entire home,Entire home/apt,4,1.5,1.5 baths,2.0,2.0,316.0,2,29,2.0,4.86,4.84,4.92,4.89,4.88,4.82,f,0.3342465753424657,58
8965,within a few hours,100,85,f,t,t,City Island,Private room in home,Private room,2,1.0,1 private bath,1.0,1.0,97.0,1,28,1.0,4.88,4.9,4.98,4.95,4.95,4.9,f,0.0712328767123287,52
9031,within a few hours,100,79,t,t,t,Morris Park,Private room in home,Private room,1,1.5,1.5 shared baths,1.0,1.0,33.0,2,20,2.0,4.94,4.9,4.94,4.97,4.7,4.95,f,0.4547945205479452,32
9104,within an hour,100,73,t,t,t,Clinton Hill,Entire rental unit,Entire home/apt,5,2.0,2 baths,3.0,4.0,614.0,2,365,2.0,4.98,4.89,4.99,4.98,4.96,4.87,f,0.536986301369863,60
9156,within an hour,100,95,f,t,f,St. Albans,Private room in home,Private room,2,1.0,1 private bath,1.0,1.0,113.0,1,30,1.0,4.77,4.79,4.89,4.92,4.82,4.79,f,0.5534246575342465,36
9161,within an hour,100,98,t,t,t,Corona,Shared room in rental unit,Shared room,1,1.0,1 shared bath,0.0,2.0,64.0,1,7,1.0,4.83,4.79,4.82,4.89,4.73,4.63,f,0.0082191780821917,64
9189,within an hour,100,98,t,t,t,Corona,Shared room in rental unit,Shared room,1,1.0,1 shared bath,1.0,2.0,64.0,1,7,1.0,4.77,4.77,4.72,4.79,4.69,4.64,f,0.0082191780821917,51
9288,within an hour,100,100,t,t,t,Bedford-Stuyvesant,Private room in guest suite,Private room,5,1.0,1 private bath,2.0,3.0,268.0,5,28,5.0,4.91,4.96,4.96,4.97,4.52,4.83,f,0.2465753424657534,36
9339,within an hour,100,97,f,t,f,Clason Point,Private room in home,Private room,1,1.0,1 shared bath,1.0,1.0,61.0,4,730,4.0,4.88,4.71,4.94,4.94,4.71,4.76,f,0.3835616438356164,12
9411,within an hour,100,100,f,t,f,Fort Greene,Private room in townhouse,Private room,2,1.0,1 private bath,1.0,1.0,200.0,3,14,3.0,4.94,4.97,4.99,4.97,4.74,4.88,f,0.6164383561643836,48
9425,within an hour,100,100,t,t,t,Bushwick,Private room in rental unit,Private room,2,1.0,1 shared bath,1.0,1.0,91.0,3,30,3.0,4.93,4.78,4.97,4.96,4.78,4.9,f,0.4465753424657534,40
9452,within a few hours,100,86,t,t,t,Harlem,Private room in rental unit,Private room,1,1.0,1 shared bath,1.0,1.0,76.0,28,1125,28.0,4.86,4.8,4.96,4.93,4.7,4.83,f,0.1972602739726027,31
9470,within a few hours,100,91,t,t,t,Astoria,Entire guest suite,Entire home/apt,6,1.0,1 bath,3.0,5.0,453.0,4,28,3.0,4.96,4.89,4.98,4.97,4.81,4.79,f,0.6136986301369863,53
9579,within an hour,100,98,t,t,t,Corona,Shared room in rental unit,Shared room,1,1.0,1 shared bath,1.0,1.0,64.0,1,7,1.0,4.8,4.76,4.78,4.9,4.7,4.75,f,0.3013698630136986,58
9592,within a few hours,100,96,t,t,t,Upper West Side,Entire condo,Entire home/apt,4,1.0,1 bath,1.0,1.0,314.0,6,1125,6.0,4.92,4.9,4.92,4.97,4.98,4.75,f,0.4493150684931506,28
9604,within a day,100,53,t,t,t,Bedford-Stuyvesant,Shared room in rental unit,Shared room,2,1.0,1 shared bath,1.0,1.0,200.0,7,14,30.0,5.0,4.9,5.0,5.0,4.9,4.6,f,0.6410958904109589,49
9606,within an hour,100,97,f,t,f,Clason Point,Private room in home,Private room,2,1.5,1.5 shared baths,1.0,1.0,54.0,4,1125,4.0,4.69,4.63,4.75,4.88,4.94,4.88,f,0.3424657534246575,17
9662,within an hour,100,97,t,t,f,Elmhurst,Private room in home,Private room,2,1.0,1 shared bath,1.0,1.0,130.0,6,18,6.0,4.97,4.94,4.99,4.99,4.84,4.92,f,0.1041095890410958,33
9683,within an hour,100,84,f,t,t,Bedford-Stuyvesant,Private room,Private room,2,1.0,1 private bath,2.0,2.0,150.0,3,60,3.0,4.77,4.89,4.8,4.87,4.72,4.7,f,0.6273972602739726,31
9699,within an hour,100,94,f,t,f,Woodside,Private room in home,Private room,1,1.0,1 shared bath,1.0,1.0,81.0,4,730,4.0,4.53,4.65,4.55,4.37,4.81,4.71,f,0.1890410958904109,39
9709,within an hour,100,97,t,t,f,Elmhurst,Private room in home,Private room,2,1.0,1 shared bath,1.0,1.0,130.0,6,18,6.0,4.98,4.94,4.95,4.97,4.91,4.91,f,0.073972602739726,35
9714,within an hour,100,94,f,t,f,Woodside,Private room in home,Private room,2,1.0,1 private bath,1.0,1.0,70.0,30,1125,30.0,4.6,4.72,4.6,4.57,4.82,4.68,f,0.0,40
9745,within a few hours,100,99,t,t,t,Harlem,Entire townhouse,Entire home/apt,7,2.5,2.5 baths,3.0,3.0,699.0,5,730,7.0,4.92,4.96,5.0,4.88,4.67,4.88,f,0.673972602739726,32
9776,within an hour,100,97,t,t,t,Brownsville,Private room in townhouse,Private room,1,1.0,1 shared bath,1.0,1.0,83.0,3,27,3.0,4.77,4.68,4.89,4.89,4.31,4.69,t,0.0821917808219178,35
9800,within an hour,100,100,f,t,t,Crown Heights,Private room in guest suite,Private room,2,1.0,1 private bath,2.0,2.0,260.0,2,28,2.0,4.83,4.97,4.94,4.94,4.72,4.73,t,0.5342465753424658,46
9805,within an hour,100,87,f,t,t,East New York,Private room in home,Private room,2,1.0,1 private bath,1.0,1.0,126.0,2,180,2.0,4.82,4.85,4.93,4.96,4.6,4.76,f,0.2767123287671232,20
10001,within an hour,100,99,t,t,t,Williamsburg,Entire townhouse,Entire home/apt,6,1.5,1.5 baths,3.0,3.0,266.0,2,1125,2.0,4.84,4.72,4.92,4.97,4.97,4.74,f,0.2767123287671232,63
10092,within a few hours,100,76,f,t,t,Harlem,Entire rental unit,Entire home/apt,2,1.0,1 bath,1.0,1.0,245.0,3,730,6.0,4.8,4.63,4.8,4.89,4.64,4.55,f,0.1616438356164383,54
10149,within an hour,100,100,f,t,f,Jackson Heights,Private room in home,Private room,2,1.0,1 private bath,1.0,2.0,95.0,1,730,1.0,4.74,4.71,4.91,4.82,4.71,4.76,f,0.1890410958904109,33
10209,within an hour,97,99,f,t,t,Flatiron District,Room in boutique hotel,Hotel room,2,1.0,1 private bath,1.0,1.0,357.0,1,29,3.0,4.48,4.73,4.76,4.54,4.81,4.33,t,0.1945205479452054,20
10225,within a day,90,73,t,t,t,Carroll Gardens,Entire guest suite,Entire home/apt,2,1.0,1 bath,1.0,1.0,197.0,2,1125,3.0,4.96,4.98,4.97,4.96,4.98,4.8,f,0.6684931506849315,25
10261,within a few hours,90,72,t,t,f,East Flatbush,Entire rental unit,Entire home/apt,2,1.5,1.5 baths,1.0,1.0,114.0,7,54,7.0,4.9,4.94,4.96,4.97,4.71,4.84,f,0.1205479452054794,50
10269,within an hour,100,98,f,t,t,Williamsburg,Private room in rental unit,Private room,1,1.0,1 shared bath,1.0,1.0,80.0,3,28,3.0,4.65,4.64,4.78,4.8,4.76,4.66,f,0.6712328767123288,49
10343,within an hour,90,100,f,t,t,East Harlem,Private room in rental unit,Private room,2,1.0,1 shared bath,1.0,1.0,175.0,4,15,14.0,4.63,4.8,4.85,4.74,4.52,4.59,f,0.6438356164383562,43
10431,within an hour,100,93,t,t,t,Bedford-Stuyvesant,Entire guest suite,Entire home/apt,2,2.5,2.5 baths,2.0,3.0,280.0,7,29,7.0,4.96,4.98,4.95,5.0,4.53,4.91,f,0.6136986301369863,53
10484,within an hour,100,100,t,t,t,Rego Park,Private room in home,Private room,2,1.0,1 private bath,2.0,2.0,252.0,3,1125,3.0,4.87,4.88,4.95,4.96,4.84,4.71,f,0.5589041095890411,48
10490,within an hour,100,97,t,t,t,Upper East Side,Private room in condo,Private room,2,1.0,1 private bath,1.0,1.0,254.0,3,1125,3.0,4.9,4.78,4.96,4.98,5.0,4.84,f,0.6054794520547945,35
10494,within a few hours,100,95,t,t,t,Washington Heights,Private room in condo,Private room,2,1.0,1 private bath,1.0,3.0,200.0,3,28,3.0,5.0,5.0,4.99,4.99,4.89,4.94,f,0.1561643835616438,49
10515,within an hour,100,100,f,t,t,Bedford-Stuyvesant,Private room in townhouse,Private room,2,1.0,1 private bath,1.0,2.0,98.0,2,17,2.0,4.49,4.31,4.83,4.79,4.42,4.49,f,0.6575342465753424,41
10540,within an hour,100,83,f,t,f,East Elmhurst,Private room in home,Private room,2,1.0,1 shared bath,1.0,1.0,81.0,2,365,2.0,4.73,4.56,4.9,4.88,4.69,4.68,f,0.5726027397260274,39
10604,within an hour,100,99,t,t,t,East Flatbush,Entire guest suite,Entire home/apt,4,1.0,1 bath,2.0,2.0,170.0,3,1125,5.0,4.8,4.76,4.9,4.89,4.49,4.75,f,0.4794520547945205,28
10615,within an hour,100,77,f,t,t,Concourse,Private room in rental unit,Private room,2,1.0,1 shared bath,1.0,1.0,72.0,14,1125,14.0,4.75,4.74,4.87,4.89,4.52,4.73,f,0.5589041095890411,28
10626,within an hour,100,99,t,t,t,Prospect-Lefferts Gardens,Private room in rental unit,Private room,5,1.0,1 private bath,2.0,4.0,190.0,2,365,2.0,4.77,4.83,4.9,4.94,4.58,4.76,f,0.1452054794520547,40
10704,within a few hours,90,98,f,t,t,Harlem,Private room in townhouse,Private room,2,1.0,1 private bath,1.0,1.0,416.0,1,28,2.0,4.0,3.0,5.0,5.0,4.0,4.0,t,0.0356164383561643,42
10717,within an hour,100,100,t,t,f,Cypress Hills,Private room in home,Private room,2,1.0,1 private bath,1.0,1.0,102.0,2,30,2.0,4.88,4.92,4.98,4.95,4.72,4.86,t,0.2191780821917808,30
10735,within a day,70,79,t,t,t,Carroll Gardens,Private room in loft,Private room,1,1.0,1 shared bath,1.0,1.0,111.0,3,1125,3.0,4.83,4.73,4.92,4.91,4.89,4.87,f,0.6712328767123288,25
10774,within an hour,100,94,t,t,t,Kensington,Private room in home,Private room,2,1.0,1 private bath,2.0,2.0,399.0,2,30,2.0,4.98,4.99,4.99,5.0,4.84,4.92,f,0.5808219178082191,61
10791,within a few hours,100,47,t,t,t,Midtown,Entire serviced apartment,Entire home/apt,2,1.0,1 bath,0.0,1.0,786.0,1,7,1.0,4.97,5.0,5.0,4.97,4.97,4.83,f,0.273972602739726,16
10818,within an hour,100,97,t,t,t,Crown Heights,Private room in home,Private room,2,1.0,1 private bath,1.0,1.0,160.0,3,60,3.0,4.97,4.99,4.97,5.0,4.96,4.94,f,0.1698630136986301,37
10835,within an hour,100,100,f,t,t,Astoria,Entire home,Entire home/apt,4,2.0,2 baths,3.0,5.0,200.0,3,60,3.0,4.48,4.11,4.92,4.84,4.61,4.59,t,0.2904109589041095,26
10894,within an hour,100,97,t,t,t,East Elmhurst,Entire home,Entire home/apt,2,1.0,1 bath,1.0,3.0,98.0,1,20,1.0,4.84,4.85,4.96,4.97,4.82,4.85,f,0.5506849315068493,50
10909,within an hour,100,100,t,t,t,Flushing,Private room in home,Private room,2,2.0,2 shared baths,1.0,1.0,96.0,1,365,1.0,4.82,4.72,4.87,4.92,4.77,4.77,f,0.0410958904109589,42
10933,within an hour,100,100,f,t,t,Ditmars Steinway,Private room in condo,Private room,2,1.0,1 shared bath,1.0,1.0,111.0,1,180,2.0,4.86,4.83,4.89,4.95,4.83,4.8,f,0.5150684931506849,60
10934,within a day,90,36,f,t,t,West Village,Entire townhouse,Entire home/apt,6,3.0,3 baths,3.0,3.0,2750.0,4,120,4.0,4.93,4.95,5.0,4.98,5.0,4.69,f,0.6657534246575343,59
10936,within an hour,100,98,f,t,t,St. Albans,Entire guest suite,Entire home/apt,5,1.0,1 bath,2.0,2.0,150.0,1,30,2.0,4.73,4.77,4.78,4.77,4.69,4.53,f,0.0602739726027397,51
10942,within an hour,100,98,t,t,t,East Elmhurst,Private room in home,Private room,1,1.0,1 private bath,1.0,1.0,78.0,1,15,1.0,4.92,4.93,4.95,4.93,4.66,4.86,f,0.6602739726027397,37
10951,within an hour,100,88,t,t,t,East New York,Entire rental unit,Entire home/apt,2,1.0,1 bath,2.0,2.0,176.0,5,30,5.0,4.85,4.78,4.93,5.0,4.4,4.8,f,0.1671232876712328,64
11080,within a few hours,88,75,t,t,t,East Village,Private room in rental unit,Private room,2,2.0,2 shared baths,1.0,1.0,183.0,1,700,1.0,4.87,4.68,4.85,4.96,4.85,4.72,f,0.684931506849315,41
11093,within an hour,100,100,t,t,f,Park Slope,Private room in condo,Private room,2,2.0,2 baths,2.0,3.0,391.0,2,28,2.0,4.96,4.94,4.96,4.93,4.97,4.79,f,0.0904109589041095,59
11102,within an hour,100,100,f,t,t,Sunnyside,Private room in home,Private room,2,1.0,1 shared bath,1.0,1.0,125.0,1,28,1.0,4.72,4.6,4.91,4.85,4.75,4.69,f,0.0,30
11124,within an hour,100,97,t,t,f,Elmhurst,Private room in home,Private room,1,1.0,1 shared bath,1.0,1.0,92.0,5,18,5.0,4.97,4.99,4.99,4.99,4.93,4.96,f,0.1452054794520547,32
11160,within an hour,100,65,t,t,t,Greenpoint,Entire rental unit,Entire home/apt,2,1.0,1 bath,1.0,1.0,408.0,3,1125,3.0,4.6,4.8,4.7,4.67,4.73,4.43,t,0.0493150684931506,46
11161,within an hour,100,65,t,t,t,Greenpoint,Entire rental unit,Entire home/apt,2,1.0,1 bath,1.0,2.0,494.0,3,1125,3.0,4.21,4.79,4.93,4.57,4.64,4.21,t,0.0246575342465753,54
11169,within an hour,100,98,t,t,t,Canarsie,Entire guest suite,Entire home/apt,2,1.0,1 bath,1.0,2.0,140.0,2,28,2.0,4.96,4.96,4.98,4.98,4.86,4.93,f,0.3561643835616438,68
11172,within an hour,100,98,t,t,t,Sunset Park,Private room in rental unit,Private room,1,1.0,1 shared bath,1.0,1.0,93.0,2,93,2.0,4.95,4.98,4.93,4.97,4.83,4.93,f,0.6493150684931507,51
11175,within an hour,100,100,t,t,t,Harlem,Private room in guest suite,Private room,2,1.0,1 private bath,1.0,2.0,236.0,2,730,2.0,4.97,4.81,4.96,4.98,4.9,4.91,f,0.1643835616438356,32
11177,within an hour,91,100,t,t,t,Bedford-Stuyvesant,Private room in home,Private room,2,1.0,1 private bath,1.0,1.0,120.0,2,1125,2.0,4.92,4.9,4.97,4.93,4.79,4.88,f,0.3726027397260274,22
11206,within an hour,100,73,f,t,f,Edgemere,Entire rental unit,Entire home/apt,2,1.0,1 bath,1.0,1.0,285.0,1,120,1.0,5.0,4.98,5.0,5.0,4.89,4.93,f,0.3178082191780822,68
11208,within a few hours,96,40,t,t,t,Midtown,Room in boutique hotel,Private room,2,1.0,1 private bath,1.0,1.0,1199.0,1,30,1.0,5.0,5.0,5.0,4.93,5.0,4.86,f,0.0,25
11345,within an hour,97,99,f,t,t,Flatiron District,Room in boutique hotel,Private room,4,1.0,1 private bath,1.0,4.0,378.0,1,1125,2.0,4.65,4.73,4.8,4.57,4.86,4.46,t,0.2438356164383561,20
11348,within an hour,100,75,t,t,t,Red Hook,Private room in home,Private room,2,1.0,1 private bath,1.0,2.0,160.0,4,30,6.0,4.82,4.86,4.97,4.95,4.59,4.74,f,0.6657534246575343,32
11357,within a few hours,100,95,t,t,t,Crown Heights,Private room in townhouse,Private room,2,1.0,1 private bath,2.0,2.0,200.0,7,60,7.0,4.94,4.96,4.97,5.0,4.71,4.8,f,0.1589041095890411,31
11405,within an hour,100,99,f,t,t,Midtown,Entire rental unit,Entire home/apt,3,1.0,1 bath,1.0,1.0,497.0,7,28,7.0,4.67,4.58,4.75,4.75,4.67,4.33,t,0.0164383561643835,35
11406,within an hour,100,99,f,t,t,Theater District,Entire rental unit,Entire home/apt,3,1.0,1 bath,0.0,1.0,557.0,7,28,10.0,4.82,4.76,4.93,4.73,4.73,4.67,t,0.0027397260273972,46
11407,within an hour,100,99,f,t,t,Theater District,Entire rental unit,Entire home/apt,2,1.0,1 bath,0.0,1.0,364.0,7,28,7.0,3.0,3.67,3.67,3.67,4.33,3.0,t,0.010958904109589,25
11408,within an hour,100,99,f,t,t,Theater District,Entire serviced apartment,Entire home/apt,5,1.0,1 bath,2.0,2.0,671.0,7,28,10.0,4.58,4.71,4.86,4.8,4.77,4.21,t,0.0027397260273972,53
11414,within an hour,100,98,t,t,t,Midtown,Entire serviced apartment,Entire home/apt,3,1.0,1 bath,1.0,1.0,874.0,7,28,10.0,5.0,5.0,5.0,5.0,5.0,5.0,t,0.0328767123287671,39
11417,within an hour,100,98,t,t,t,Midtown,Entire serviced apartment,Entire home/apt,2,1.0,1 bath,0.0,2.0,508.0,7,28,7.0,4.69,4.85,4.85,4.85,4.77,4.54,t,0.0027397260273972,41
11438,within an hour,100,100,t,t,t,East Harlem,Private room in rental unit,Private room,2,1.0,1 private bath,1.0,2.0,94.0,1,29,2.0,4.86,4.89,4.9,4.95,4.33,4.79,f,0.5972602739726027,37
11485,within an hour,100,99,t,t,f,Flushing,Private room in home,Private room,2,1.0,1 private bath,1.0,1.0,118.0,1,1125,1.0,4.91,4.96,4.95,4.93,4.76,4.85,f,0.1150684931506849,36
11561,within an hour,100,99,t,t,f,Flushing,Private room in home,Private room,2,1.0,1 private bath,1.0,1.0,112.0,1,1125,1.0,4.9,4.97,4.96,4.94,4.68,4.83,f,0.0821917808219178,36
11587,within a few hours,90,71,f,t,t,Flatbush,Shared room in home,Shared room,2,1.0,1 shared bath,1.0,4.0,206.0,2,30,2.0,5.0,5.0,5.0,5.0,5.0,4.83,f,0.5123287671232877,55
11588,within an hour,100,99,t,t,f,Flushing,Private room in home,Private room,2,1.0,1 private bath,1.0,1.0,112.0,1,1125,1.0,4.89,4.96,4.95,4.95,4.81,4.81,f,0.0931506849315068,36
11598,within an hour,100,98,t,t,t,Sunset Park,Private room in rental unit,Private room,1,1.0,1 shared bath,1.0,1.0,95.0,2,1125,2.0,4.95,5.0,4.93,4.94,4.87,4.96,f,0.6328767123287671,52
11633,within a few hours,92,89,f,t,f,Elmhurst,Private room in rental unit,Private room,2,1.0,1 shared bath,1.0,1.0,85.0,3,30,3.0,4.8,4.77,4.92,4.97,4.81,4.77,f,0.6082191780821918,25
11637,a few days or more,38,0,f,t,t,Bushwick,Private room in rental unit,Private room,2,1.0,1 shared bath,1.0,1.0,125.0,30,90,30.0,4.92,4.58,4.92,5.0,4.75,4.83,f,0.5095890410958904,30
11684,within an hour,100,100,t,t,t,Randall Manor,Private room in home,Private room,2,1.0,1 private bath,0.0,2.0,98.0,2,29,2.0,4.92,4.91,4.98,5.0,4.78,4.9,f,0.1671232876712328,49
11693,within a few hours,100,88,t,t,t,Flatbush,Private room in home,Private room,2,1.0,1 private bath,1.0,1.0,123.0,2,21,2.0,4.98,4.9,4.99,4.98,4.93,4.96,f,0.3643835616438356,43
11710,within an hour,100,100,f,t,t,Mott Haven,Private room in rental unit,Private room,2,1.0,1 private bath,1.0,2.0,170.0,1,28,4.0,4.96,4.99,4.97,4.95,4.75,4.93,f,0.3068493150684931,81
11712,within an hour,100,99,t,t,f,Flushing,Private room in home,Private room,2,1.0,1 private bath,1.0,1.0,112.0,1,1125,1.0,4.85,4.94,4.95,4.93,4.76,4.78,f,0.1041095890410958,36
11758,within an hour,100,100,f,t,t,Midtown,Entire rental unit,Entire home/apt,6,1.0,1 bath,1.0,3.0,322.0,2,365,3.0,4.23,4.36,4.64,4.51,4.74,4.28,f,0.6246575342465753,29
11769,within an hour,100,97,t,t,t,Concourse,Private room in home,Private room,2,1.0,1 private bath,1.0,2.0,90.0,2,25,2.0,4.82,4.69,4.87,4.91,4.77,4.8,t,0.1150684931506849,20
11785,within an hour,100,100,f,t,f,Rosedale,Private room in home,Private room,2,1.0,1 private bath,1.0,2.0,126.0,3,27,3.0,4.97,4.97,4.97,5.0,4.97,4.93,t,0.0027397260273972,42
11808,within an hour,100,100,t,t,t,Long Island City,Private room in rental unit,Private room,2,1.5,1.5 baths,1.0,1.0,150.0,4,28,4.0,4.87,4.78,4.95,4.95,4.74,4.8,f,0.1424657534246575,46
11810,within a few hours,100,47,t,t,t,Midtown,Entire serviced apartment,Entire home/apt,2,1.0,1 bath,0.0,1.0,786.0,1,7,1.0,5.0,5.0,5.0,5.0,5.0,5.0,f,0.2657534246575342,21
11827,within an hour,94,98,t,t,t,Midtown,Entire rental unit,Entire home/apt,5,1.0,1 bath,2.0,2.0,607.0,3,1125,10.0,4.58,4.68,4.74,4.58,4.84,4.58,t,0.2630136986301369,20
11837,within an hour,97,99,f,t,t,East Flatbush,Private room in home,Private room,2,1.0,1 shared bath,1.0,1.0,135.0,1,1125,1.0,4.61,4.79,4.79,4.85,4.48,4.48,f,0.0,29
11852,within an hour,94,98,t,t,t,Midtown,Entire rental unit,Entire home/apt,4,1.0,1 bath,2.0,2.0,597.0,3,1125,3.0,4.78,4.94,4.94,4.83,4.94,4.72,t,0.2630136986301369,17
11910,within an hour,94,98,t,t,t,Midtown,Entire rental unit,Entire home/apt,5,1.0,1 bath,2.0,2.0,561.0,3,1125,31.0,4.63,4.76,4.84,4.76,4.61,4.26,t,0.2630136986301369,21
11920,within an hour,100,89,t,t,t,Bedford-Stuyvesant,Entire home,Entire home/apt,2,1.0,1 bath,1.0,1.0,284.0,2,730,2.0,4.93,4.91,4.93,4.97,4.78,4.83,f,0.1342465753424657,48
11934,within an hour,100,77,t,t,f,Crown Heights,Entire guest suite,Entire home/apt,4,1.0,1 bath,2.0,4.0,180.0,3,11,8.0,4.95,4.95,4.97,5.0,4.67,4.91,f,0.6904109589041096,54
11959,within an hour,100,33,f,t,f,Midtown,Room in aparthotel,Private room,4,2.0,2 baths,1.0,2.0,679.0,3,7,3.0,4.88,4.88,4.75,5.0,5.0,4.88,f,0.1068493150684931,50
12014,within a few hours,100,96,f,t,t,East Village,Private room,Private room,2,1.0,1 private bath,0.0,2.0,235.0,4,30,4.0,4.95,4.94,4.98,4.99,4.95,4.9,f,0.6520547945205479,41
12025,within an hour,100,96,f,t,t,Brownsville,Private room in rental unit,Private room,2,1.0,1 private bath,1.0,1.0,150.0,2,29,2.0,4.75,4.66,4.87,4.75,4.53,4.71,f,0.0657534246575342,22
12070,within an hour,100,100,f,t,t,Crown Heights,Entire rental unit,Entire home/apt,6,1.5,1.5 baths,3.0,4.0,364.0,2,730,3.0,5.0,5.0,5.0,5.0,5.0,5.0,t,0.0958904109589041,56
12100,within an hour,100,100,f,t,t,Midtown,Entire rental unit,Entire home/apt,6,1.0,1 bath,0.0,3.0,287.0,2,365,3.0,4.34,4.4,4.61,4.55,4.7,4.33,f,0.6027397260273972,29
12102,within a few hours,100,100,t,t,t,Bedford-Stuyvesant,Private room in rental unit,Private room,2,1.0,1 private bath,1.0,1.0,219.0,3,180,3.0,4.73,4.73,4.67,4.67,4.73,4.73,f,0.3123287671232876,32
12119,within an hour,100,99,t,t,t,Gowanus,Entire guest suite,Entire home/apt,2,1.0,1 bath,1.0,2.0,271.0,5,29,5.0,4.96,4.97,4.96,4.99,4.97,4.88,f,0.4383561643835616,50
12126,within an hour,100,100,f,t,t,Midtown,Entire rental unit,Entire home/apt,6,1.0,1 bath,0.0,3.0,286.0,2,365,3.0,4.43,4.36,4.78,4.65,4.9,4.51,f,0.5835616438356165,30
12149,within an hour,100,100,t,t,t,East Flatbush,Private room in home,Private room,2,1.0,1 shared bath,1.0,1.0,103.0,1,26,1.0,4.96,4.94,4.98,4.95,4.74,4.84,f,0.0410958904109589,33
12192,within an hour,100,95,t,t,t,Canarsie,Private room in home,Private room,2,1.0,1 private bath,1.0,1.0,78.0,2,3,2.0,4.86,4.92,4.94,4.92,4.64,4.84,f,0.6328767123287671,28
12229,within an hour,91,100,f,t,t,Sheepshead Bay,Entire rental unit,Entire home/apt,3,1.0,1 bath,1.0,2.0,249.0,1,28,1.0,4.79,4.74,4.97,4.9,4.76,4.6,f,0.5534246575342465,50
12252,within a few hours,92,89,t,t,t,Bedford-Stuyvesant,Private room in townhouse,Private room,2,1.0,1 private bath,1.0,1.0,167.0,3,90,3.0,4.87,4.82,4.84,4.91,4.64,4.82,f,0.5945205479452055,30
12294,within an hour,100,100,f,t,t,Midtown,Entire rental unit,Entire home/apt,3,1.0,1 bath,0.0,2.0,249.0,2,365,3.0,4.23,4.21,4.7,4.64,4.82,4.26,f,0.547945205479452,30
12323,within an hour,100,100,t,t,t,Clinton Hill,Private room in rental unit,Private room,5,1.0,1 private bath,2.0,3.0,259.0,2,28,2.0,4.91,4.91,4.97,4.99,4.81,4.8,f,0.6684931506849315,41
12327,within a day,100,97,t,t,t,Clinton Hill,Private room in rental unit,Private room,2,1.0,1 private bath,1.0,0.0,145.0,1,365,1.0,4.75,4.79,4.93,4.87,4.94,4.71,f,0.2082191780821917,27
12347,within an hour,100,96,t,t,t,Clinton Hill,Private room in townhouse,Private room,2,1.0,1 private bath,1.0,2.0,270.0,2,365,2.0,4.89,4.94,4.97,4.93,4.9,4.81,f,0.4520547945205479,73
12434,within an hour,100,96,t,t,t,Carroll Gardens,Private room in guest suite,Private room,2,1.0,1 private bath,1.0,1.0,331.0,4,360,4.0,4.99,4.99,4.99,4.99,4.97,4.85,f,0.1698630136986301,64
12515,within an hour,100,100,f,t,t,Midtown,Entire rental unit,Entire home/apt,4,1.0,1 bath,0.0,3.0,286.0,2,365,3.0,4.29,4.34,4.61,4.57,4.86,4.37,f,0.6109589041095891,29
12525,within an hour,100,51,t,t,t,Rosedale,Private room in home,Private room,2,1.0,1 shared bath,1.0,1.0,98.0,1,1125,1.0,4.93,4.91,4.96,4.97,4.83,4.92,f,0.5232876712328767,36
12577,within an hour,100,99,t,t,t,Queens Village,Private room in home,Private room,2,1.0,1 shared bath,1.0,1.0,96.0,1,21,1.0,4.87,4.84,4.96,4.9,4.85,4.75,t,0.0904109589041095,39
12585,within an hour,100,99,t,t,t,Flushing,Private room in home,Private room,2,1.0,1 private bath,1.0,1.0,99.0,1,730,1.0,4.8,4.71,4.91,4.85,4.72,4.74,t,0.1260273972602739,39
12616,within an hour,100,99,t,t,t,Flushing,Private room in home,Private room,2,1.0,1 private bath,1.0,1.0,99.0,1,730,1.0,4.63,4.53,4.88,4.82,4.61,4.58,t,0.0356164383561643,38
12617,within an hour,100,99,t,t,t,Flushing,Private room in bungalow,Private room,2,1.0,1 shared bath,1.0,1.0,88.0,1,1125,1.0,4.76,4.7,4.92,4.89,4.67,4.73,t,0.136986301369863,36
12619,within an hour,100,100,f,t,t,Harlem,Private room in townhouse,Private room,4,2.0,2 baths,2.0,2.0,254.0,1,90,2.0,4.95,4.97,5.0,4.95,4.89,4.79,f,0.1068493150684931,63
12621,within an hour,100,100,f,t,t,Park Slope,Private room in home,Private room,2,1.0,1 private bath,0.0,1.0,214.0,4,120,4.0,4.95,4.86,5.0,4.94,4.98,4.94,t,0.4328767123287671,49
12677,within an hour,100,100,f,t,t,Midtown,Entire rental unit,Entire home/apt,6,1.0,1 bath,0.0,3.0,287.0,2,365,3.0,4.38,4.37,4.64,4.56,4.85,4.33,f,0.6136986301369863,28
12727,within an hour,100,99,t,t,t,Claremont Village,Entire rental unit,Entire home/apt,8,1.0,1 bath,3.0,4.0,290.0,2,1125,3.0,4.79,4.78,4.97,4.99,4.53,4.78,f,0.1561643835616438,51
12729,within an hour,98,100,f,t,t,Murray Hill,Entire rental unit,Entire home/apt,4,1.0,1 bath,1.0,2.0,522.0,1,1125,2.0,4.35,4.48,4.55,4.42,4.9,4.35,t,0.1534246575342465,33
12735,within a few hours,96,40,t,t,t,Midtown,Room in boutique hotel,Private room,4,1.0,1 private bath,1.0,2.0,1599.0,1,30,1.0,5.0,5.0,5.0,5.0,5.0,4.9,f,0.0246575342465753,32
12750,within a few hours,96,40,t,t,t,Midtown,Room in boutique hotel,Private room,2,1.0,1 private bath,1.0,1.0,1199.0,1,30,1.0,5.0,5.0,5.0,5.0,5.0,5.0,f,0.0,26
12754,within a few hours,96,40,t,t,t,Midtown,Room in boutique hotel,Private room,6,2.0,2 baths,2.0,3.0,2699.0,1,30,1.0,5.0,5.0,5.0,5.0,5.0,5.0,f,0.0438356164383561,31
12872,within an hour,100,97,t,t,t,Brownsville,Private room in townhouse,Private room,1,1.0,1 shared bath,1.0,1.0,73.0,3,27,3.0,4.8,4.72,4.89,4.97,4.37,4.8,f,0.0958904109589041,36
12883,within an hour,100,100,t,t,t,Melrose,Private room in rental unit,Private room,2,1.0,1 private bath,1.0,3.0,150.0,4,1125,4.0,4.94,4.94,4.92,4.97,4.55,4.86,f,0.0136986301369863,53
12901,within an hour,100,100,t,t,t,Ridgewood,Private room in condo,Private room,2,1.0,1 private bath,1.0,2.0,116.0,1,90,1.0,4.86,4.85,4.94,4.93,4.86,4.79,f,0.1068493150684931,39
12921,within an hour,100,100,t,t,t,Sunset Park,Private room in townhouse,Private room,2,1.0,1 private bath,1.0,1.0,99.0,1,25,3.0,4.7,4.7,4.88,4.84,4.68,4.54,f,0.6301369863013698,27
12922,within an hour,100,100,t,t,t,Sunset Park,Private room in townhouse,Private room,2,1.0,1 private bath,1.0,1.0,100.0,1,25,3.0,4.85,4.69,4.89,4.87,4.76,4.77,f,0.6438356164383562,30
12962,within an hour,95,85,t,t,t,Harlem,Entire rental unit,Entire home/apt,2,1.0,1 bath,1.0,2.0,218.0,4,28,9.0,4.82,4.85,4.85,4.9,4.72,4.66,f,0.0136986301369863,28
13012,within an hour,100,99,t,t,t,Flushing,Entire guest suite,Entire home/apt,6,2.0,2 baths,2.0,3.0,201.0,3,21,3.0,4.76,4.75,4.94,4.94,4.73,4.73,f,0.5424657534246575,55
13014,within a few hours,86,88,t,t,t,Whitestone,Private room in townhouse,Private room,2,1.0,1 private bath,1.0,1.0,126.0,1,29,2.0,4.93,4.93,4.87,4.96,4.9,4.81,f,0.0931506849315068,41
13044,within an hour,100,99,t,t,t,Edgemere,Private room in home,Private room,2,1.0,1 private bath,1.0,2.0,124.0,3,1125,3.0,4.76,4.77,4.92,4.94,4.51,4.76,f,0.6958904109589041,66
13076,within an hour,100,100,f,t,t,Midtown,Entire rental unit,Entire home/apt,6,1.0,1 bath,0.0,3.0,250.0,2,365,3.0,4.32,4.42,4.64,4.48,4.83,4.35,f,0.589041095890411,30
13086,within an hour,100,100,t,t,f,Washington Heights,Private room in condo,Private room,2,1.0,1 shared bath,1.0,1.0,120.0,5,1125,5.0,4.9,4.91,4.95,4.97,4.8,4.88,f,0.2082191780821917,59
13101,within an hour,94,98,t,t,t,Midtown,Entire serviced apartment,Entire home/apt,5,1.0,1 bath,2.0,3.0,545.0,3,1125,4.0,4.59,4.67,4.87,4.65,4.82,4.46,f,0.2712328767123287,33
13131,within an hour,100,100,f,t,t,Bedford-Stuyvesant,Entire rental unit,Entire home/apt,3,1.0,1 bath,0.0,2.0,165.0,1,1125,3.0,4.66,4.83,4.88,4.86,4.75,4.54,f,0.6794520547945205,23
13189,within an hour,98,100,f,t,t,Murray Hill,Entire rental unit,Entire home/apt,4,1.0,1 bath,1.0,2.0,374.0,1,1125,2.0,4.43,4.41,4.71,4.47,4.81,4.16,t,0.1342465753424657,33
13197,within an hour,100,92,t,t,t,Belmont,Private room in home,Private room,2,1.5,1.5 baths,1.0,1.0,88.0,3,30,3.0,4.97,4.97,4.98,4.97,4.74,4.97,f,0.6273972602739726,42
13245,within an hour,100,89,f,t,f,Arverne,Private room in bungalow,Private room,2,1.0,1 private bath,2.0,2.0,264.0,2,90,2.0,5.0,4.95,5.0,5.0,4.68,4.86,f,0.4684931506849315,74
13255,within an hour,100,100,f,t,t,Bedford-Stuyvesant,Entire rental unit,Entire home/apt,3,1.0,1 bath,0.0,2.0,165.0,1,1125,3.0,4.75,4.87,4.93,4.86,4.71,4.6,t,0.6931506849315069,23
13256,within an hour,100,100,f,t,t,Bedford-Stuyvesant,Entire rental unit,Entire home/apt,2,1.0,1 bath,1.0,1.0,153.0,1,1125,3.0,4.81,4.89,4.88,4.87,4.76,4.66,t,0.6712328767123288,29
13259,within an hour,100,100,f,t,t,Bedford-Stuyvesant,Entire rental unit,Entire home/apt,2,1.0,1 bath,0.0,1.0,150.0,1,1125,3.0,4.67,4.81,4.87,4.85,4.82,4.61,t,0.6328767123287671,27
13261,within an hour,100,100,f,t,t,Bedford-Stuyvesant,Entire rental unit,Entire home/apt,2,1.0,1 bath,0.0,1.0,155.0,1,1125,3.0,4.74,4.86,4.93,4.89,4.72,4.58,t,0.6547945205479452,26
13287,within an hour,100,100,f,t,t,Midtown,Entire condo,Entire home/apt,2,1.0,1 bath,1.0,1.0,346.0,6,90,6.0,5.0,4.96,5.0,5.0,5.0,4.95,f,0.3835616438356164,35
13293,within an hour,100,96,t,t,t,Greenpoint,Private room in rental unit,Private room,2,2.0,2 baths,1.0,1.0,178.0,3,35,3.0,4.91,4.95,4.98,4.93,4.59,4.7,f,0.5534246575342465,24
13298,within an hour,100,100,t,t,t,Bedford-Stuyvesant,Entire rental unit,Entire home/apt,4,1.0,1 bath,1.0,2.0,260.0,4,25,4.0,4.95,4.93,4.98,4.98,4.73,4.9,f,0.5917808219178082,42
13306,within a few hours,100,56,f,t,t,St. Albans,Private room in townhouse,Private room,2,1.0,1 private bath,1.0,1.0,59.0,5,31,5.0,4.9,4.83,4.93,4.97,4.9,4.83,f,0.4767123287671233,21
13311,within an hour,100,94,t,t,t,Flatbush,Entire guest suite,Entire home/apt,2,1.0,1 bath,2.0,2.0,251.0,2,21,3.0,4.96,5.0,5.0,4.99,4.87,4.91,f,0.1287671232876712,39
13372,within an hour,94,98,t,t,t,Midtown,Entire serviced apartment,Entire home/apt,5,1.0,1 bath,2.0,2.0,597.0,4,1125,3.0,4.5,4.63,4.88,4.63,4.81,4.31,t,0.2630136986301369,21
13408,within an hour,80,100,f,t,t,Greenwich Village,Room in boutique hotel,Hotel room,2,1.0,1 bath,1.0,2.0,498.0,1,1125,2.0,4.77,4.87,4.84,4.74,4.97,4.61,f,0.2986301369863013,20
13409,within an hour,80,100,f,t,t,Greenwich Village,Room in boutique hotel,Hotel room,2,1.0,1 private bath,1.0,1.0,498.0,1,1125,3.0,4.67,4.83,4.87,4.79,4.92,4.54,t,0.2328767123287671,17
13411,within an hour,100,93,t,t,t,Springfield Gardens,Entire home,Entire home/apt,8,1.0,1 bath,3.0,3.0,225.0,3,1125,3.0,4.79,4.76,4.93,4.77,4.71,4.66,f,0.5643835616438356,38
13454,within an hour,100,100,f,t,t,Midtown,Entire rental unit,Entire home/apt,6,1.0,1 bath,0.0,3.0,279.0,2,365,3.0,4.16,4.06,4.64,4.47,4.82,4.2,f,0.5808219178082191,28
13457,within an hour,100,100,f,t,f,Bushwick,Entire rental unit,Entire home/apt,8,1.0,1 bath,2.0,2.0,245.0,3,25,3.0,4.68,4.81,4.81,4.7,4.47,4.64,f,0.2027397260273972,33
13461,within a few hours,100,56,f,t,t,Jamaica,Private room in townhouse,Private room,2,1.0,1 shared bath,1.0,1.0,56.0,5,29,5.0,4.86,4.83,4.97,4.89,4.83,4.83,f,0.2219178082191781,16
13483,within an hour,100,100,t,t,t,Crown Heights,Entire rental unit,Entire home/apt,2,1.0,1 bath,2.0,3.0,240.0,2,60,2.0,4.72,4.82,4.87,4.88,4.63,4.71,f,0.0904109589041095,46
13548,within an hour,100,81,f,t,t,Midtown,Room in hotel,Hotel room,2,1.0,1 bath,1.0,1.0,369.0,1,28,1.0,4.54,4.7,4.79,4.64,4.83,4.57,t,0.1863013698630137,18
13549,within an hour,100,81,f,t,t,Midtown,Room in hotel,Hotel room,2,1.0,1 bath,1.0,1.0,320.0,1,28,1.0,4.6,4.75,4.77,4.72,4.85,4.64,t,0.2986301369863013,18
13550,within an hour,100,81,f,t,t,Midtown,Room in hotel,Hotel room,2,1.0,1 shared bath,1.0,2.0,320.0,1,28,1.0,4.67,4.58,4.92,4.83,4.75,4.58,t,0.4054794520547945,18
13551,within an hour,100,81,f,t,t,Midtown,Room in hotel,Hotel room,2,1.0,1 shared bath,1.0,1.0,369.0,1,28,1.0,4.65,4.7,4.65,4.65,4.85,4.5,t,0.284931506849315,20
13610,within an hour,100,99,t,t,t,Prospect Heights,Private room in guest suite,Private room,2,1.0,1 private bath,1.0,2.0,267.0,2,30,2.0,4.89,4.97,4.91,4.94,4.98,4.8,f,0.4136986301369863,56
13621,within an hour,95,85,t,t,t,Harlem,Entire rental unit,Entire home/apt,2,1.0,1 bath,1.0,2.0,212.0,4,28,8.0,4.69,4.69,4.85,4.77,4.69,4.58,f,0.2986301369863013,23
13634,within an hour,95,85,t,t,t,Harlem,Entire rental unit,Entire home/apt,2,1.0,1 bath,1.0,1.0,192.0,4,28,8.0,4.67,4.67,4.88,4.86,4.47,4.49,f,0.0986301369863013,33
13662,within an hour,90,100,f,t,t,Midtown,Room in boutique hotel,Private room,2,1.0,1 shared bath,1.0,1.0,495.0,1,1125,7.0,4.4,4.56,4.5,4.46,4.77,4.08,t,0.3589041095890411,21
13665,within an hour,90,100,f,t,t,Midtown,Room in boutique hotel,Private room,2,1.0,1 shared bath,1.0,1.0,478.0,1,1125,7.0,4.22,4.52,4.48,4.0,4.74,4.04,t,0.421917808219178,21
13667,within an hour,90,100,f,t,t,Midtown,Room in boutique hotel,Private room,2,1.0,1 shared bath,1.0,1.0,478.0,1,1125,7.0,3.0,5.0,4.0,2.0,5.0,2.0,t,0.4438356164383562,21
13670,within an hour,95,99,f,t,t,Midtown,Room in boutique hotel,Private room,2,1.0,1 private bath,1.0,1.0,404.0,1,1125,7.0,4.14,4.46,4.39,4.1,4.7,4.09,t,0.1808219178082191,22
13672,within a day,50,100,f,t,t,Theater District,Room in hotel,Hotel room,2,1.0,1 bath,1.0,1.0,636.0,1,28,3.0,5.0,4.8,4.8,4.8,5.0,4.6,t,0.0493150684931506,20
13683,within an hour,100,74,t,t,t,Crown Heights,Private room in townhouse,Private room,2,1.0,1 private bath,1.0,1.0,475.0,5,365,5.0,4.83,5.0,4.67,4.75,5.0,4.5,f,0.4630136986301369,37
13699,within a few hours,100,64,t,t,t,Claremont Village,Private room in home,Private room,2,1.5,1.5 shared baths,1.0,1.0,72.0,7,150,7.0,4.95,4.78,4.86,4.97,4.73,4.92,f,0.6465753424657534,25
13726,within an hour,100,100,t,t,t,Arverne,Entire home,Entire home/apt,5,2.0,2 baths,2.0,4.0,228.0,4,500,4.0,4.95,5.0,5.0,5.0,4.98,4.79,f,0.5698630136986301,53
13733,within an hour,100,100,t,t,t,Harlem,Private room in rental unit,Private room,2,1.0,1 private bath,1.0,1.0,124.0,1,1125,6.0,4.77,4.85,4.81,4.84,4.74,4.76,f,0.2027397260273972,41
13745,within an hour,95,85,t,t,t,Harlem,Entire rental unit,Entire home/apt,2,1.0,1 bath,1.0,3.0,239.0,4,28,8.0,4.62,4.57,4.81,4.83,4.51,4.4,f,0.2,24
13831,within an hour,100,100,f,t,t,Midtown,Entire rental unit,Entire home/apt,5,1.0,1 bath,0.0,3.0,234.0,2,365,3.0,4.35,4.42,4.65,4.51,4.79,4.33,f,0.6493150684931507,28
13833,within an hour,100,98,t,t,f,Springfield Gardens,Entire home,Entire home/apt,6,1.0,1 bath,3.0,3.0,225.0,3,1125,3.0,4.81,4.9,4.96,4.91,4.81,4.7,f,0.0410958904109589,40
13865,within an hour,100,100,f,t,t,Boerum Hill,Room in hotel,Private room,2,1.0,1 private bath,1.0,1.0,300.0,1,28,2.0,4.23,4.54,4.38,4.46,4.77,4.0,t,0.0356164383561643,14
13867,within an hour,100,100,f,t,t,Downtown Brooklyn,Room in hotel,Private room,2,1.0,1 private bath,1.0,1.0,281.0,1,28,2.0,5.0,4.75,5.0,5.0,5.0,4.25,t,0.0520547945205479,15
13871,within an hour,100,100,f,t,t,Downtown Brooklyn,Room in boutique hotel,Private room,2,1.0,1 private bath,1.0,1.0,254.0,1,28,2.0,4.47,4.69,4.53,4.61,4.74,4.31,t,0.0575342465753424,15
13872,within an hour,94,100,f,t,t,Midtown,Room in boutique hotel,Private room,4,1.0,1 private bath,1.0,2.0,230.0,1,29,2.0,4.64,4.75,4.75,4.71,4.93,4.56,t,0.3671232876712328,30
13873,within an hour,94,100,f,t,t,Midtown,Room in boutique hotel,Private room,4,1.0,1 private bath,1.0,2.0,260.0,1,29,2.0,4.64,4.78,4.76,4.67,4.91,4.53,t,0.1068493150684931,31
13874,within an hour,94,100,f,t,t,Midtown,Room in boutique hotel,Private room,4,1.0,1 private bath,1.0,2.0,290.0,1,30,2.0,4.56,4.77,4.71,4.66,4.87,4.54,t,0.1287671232876712,31
13875,within an hour,94,100,f,t,t,Midtown,Room in boutique hotel,Private room,4,2.0,2 baths,1.0,2.0,365.0,1,29,2.0,4.67,4.73,4.79,4.74,4.93,4.54,t,0.0575342465753424,31
13885,within an hour,100,100,f,t,t,Crown Heights,Private room in rental unit,Private room,2,1.0,1 private bath,1.0,1.0,157.0,3,14,3.0,4.65,4.83,4.89,4.93,4.11,4.61,t,0.5095890410958904,44
13914,within an hour,100,100,t,t,t,East Harlem,Private room in townhouse,Private room,2,1.0,1 private bath,1.0,1.0,174.0,3,365,3.0,4.94,4.96,4.96,4.93,4.72,4.88,f,0.1917808219178082,60
13940,within a few hours,100,72,t,t,t,Ditmars Steinway,Private room in rental unit,Private room,1,1.0,1 shared bath,1.0,1.0,95.0,1,30,1.0,4.88,4.86,4.82,4.88,4.88,4.85,f,0.073972602739726,42
13957,within an hour,100,98,t,t,t,Jamaica,Private room in home,Private room,1,1.0,1 private bath,1.0,1.0,85.0,1,7,1.0,4.89,4.91,4.94,4.96,4.85,4.85,f,0.5397260273972603,28
13960,within an hour,95,96,f,t,f,Springfield Gardens,Private room in home,Private room,1,1.0,1 shared bath,1.0,1.0,80.0,1,20,1.0,4.75,4.92,4.78,4.76,4.74,4.7,f,0.0,27
13980,within an hour,54,98,f,t,t,Hell's Kitchen,Room in boutique hotel,Private room,2,1.0,1 shared bath,1.0,2.0,327.0,1,28,1.0,4.33,4.58,4.32,4.3,4.66,4.22,t,0.1643835616438356,26
13981,within an hour,54,98,f,t,t,Hell's Kitchen,Room in boutique hotel,Private room,2,1.0,1 private bath,1.0,1.0,380.0,1,28,1.0,3.25,3.75,5.0,4.0,4.0,3.25,t,0.1589041095890411,26
13995,within an hour,100,100,f,t,t,Long Island City,Room in boutique hotel,Hotel room,3,1.0,1 private bath,1.0,2.0,286.0,1,30,1.0,4.31,4.47,4.5,4.52,4.52,4.33,t,0.1890410958904109,30
13996,within an hour,100,100,f,t,t,Long Island City,Room in boutique hotel,Hotel room,2,1.0,1 private bath,1.0,2.0,286.0,1,30,1.0,4.4,4.5,4.69,4.67,4.5,4.38,t,0.4383561643835616,29
13997,within an hour,100,100,f,t,t,Long Island City,Room in boutique hotel,Hotel room,2,1.0,1 private bath,1.0,1.0,286.0,1,1125,1.0,4.39,4.52,4.41,4.36,4.41,4.36,t,0.1041095890410958,27
13999,within an hour,100,100,f,t,t,Long Island City,Room in boutique hotel,Hotel room,2,1.0,1 private bath,1.0,1.0,286.0,1,30,1.0,4.49,4.56,4.63,4.66,4.51,4.27,t,0.0958904109589041,40
14001,within an hour,100,100,f,t,t,Long Island City,Room in boutique hotel,Hotel room,2,1.0,1 private bath,1.0,2.0,393.0,1,30,1.0,4.47,4.84,4.42,4.42,4.58,4.58,t,0.210958904109589,28
14003,a few days or more,30,89,f,t,t,Flushing,Room in boutique hotel,Private room,2,1.0,1 private bath,1.0,1.0,162.0,1,29,1.0,4.16,4.24,4.45,4.1,4.55,4.18,t,0.0301369863013698,28
14004,within an hour,100,100,f,t,t,Chelsea,Room in boutique hotel,Private room,2,1.0,1 private bath,1.0,1.0,325.0,1,1125,1.0,4.3,4.41,4.7,4.53,4.85,4.3,t,0.1260273972602739,26
14005,within an hour,100,100,f,t,t,Chelsea,Room in boutique hotel,Private room,3,1.0,1 private bath,1.0,2.0,392.0,1,40,1.0,4.27,4.5,4.72,4.45,4.81,4.37,t,0.1452054794520547,24
14006,within an hour,100,100,f,t,t,Chelsea,Room in boutique hotel,Private room,2,1.0,1 private bath,1.0,1.0,325.0,1,40,1.0,4.35,4.5,4.6,4.56,4.83,4.32,t,0.1260273972602739,25
14007,within an hour,100,100,f,t,t,Chelsea,Room in boutique hotel,Private room,2,1.0,1 private bath,1.0,2.0,381.0,1,1125,1.0,4.5,4.89,4.76,4.76,4.92,4.61,t,0.2246575342465753,22
14058,within an hour,95,99,f,t,t,Midtown,Room in boutique hotel,Private room,4,1.0,1 private bath,1.0,2.0,494.0,1,1125,7.0,3.91,4.5,4.47,4.15,4.74,4.06,t,0.0356164383561643,22
14059,within an hour,95,99,f,t,t,Midtown,Room in boutique hotel,Private room,4,1.0,1 bath,1.0,2.0,449.0,1,1125,7.0,4.2,4.48,4.42,4.29,4.81,4.27,t,0.0684931506849315,22
14080,within an hour,100,88,t,t,t,Greenpoint,Entire home,Entire home/apt,4,1.0,1 bath,2.0,2.0,351.0,5,28,7.0,4.98,4.98,5.0,5.0,5.0,4.94,f,0.3863013698630137,55
14085,within an hour,100,93,t,t,t,Canarsie,Private room in home,Private room,2,1.0,1 shared bath,1.0,1.0,68.0,1,3,1.0,4.78,4.91,4.92,4.92,4.54,4.76,f,0.6356164383561644,21
14089,within an hour,100,94,t,t,t,Bedford-Stuyvesant,Entire condo,Entire home/apt,2,1.0,1 bath,1.0,1.0,261.0,2,365,5.0,4.87,4.89,4.95,4.95,4.83,4.78,t,0.3534246575342465,52
14097,within an hour,100,99,f,t,t,Crown Heights,Private room in home,Private room,11,5.0,5 baths,5.0,8.0,926.0,1,28,1.0,5.0,5.0,5.0,5.0,5.0,4.67,t,0.6575342465753424,44
14116,within an hour,100,100,f,t,t,Chelsea,Entire rental unit,Entire home/apt,5,1.0,1 bath,2.0,3.0,481.0,4,1125,4.0,4.52,4.33,4.6,4.66,4.79,4.4,f,0.2246575342465753,40
14119,within an hour,100,100,f,t,t,Canarsie,Private room in rental unit,Private room,2,1.0,1 private bath,2.0,2.0,227.0,2,150,2.0,4.97,5.0,5.0,5.0,4.59,4.97,f,0.0191780821917808,53
14132,within an hour,100,100,t,t,f,Allerton,Private room in rental unit,Private room,2,1.0,1 shared bath,1.0,2.0,120.0,2,25,2.0,4.74,4.84,4.91,4.82,4.72,4.65,t,0.5561643835616439,27
14164,within a few hours,100,96,t,t,t,Bedford-Stuyvesant,Private room in townhouse,Private room,2,1.0,1 private bath,1.0,2.0,209.0,2,29,2.0,4.96,4.96,4.98,4.98,4.81,4.86,f,0.084931506849315,60
14170,within an hour,100,84,t,t,f,Little Italy,Entire rental unit,Entire home/apt,3,1.0,1 bath,1.0,2.0,399.0,2,1125,2.0,4.71,4.39,4.92,4.64,4.8,4.56,t,0.1452054794520547,49
14190,within an hour,100,98,t,t,t,Jamaica,Private room in home,Private room,1,1.0,1 private bath,1.0,1.0,78.0,1,7,1.0,4.85,4.9,4.92,4.92,4.76,4.77,f,0.5534246575342465,43
14191,within an hour,100,83,t,t,t,Hell's Kitchen,Room in boutique hotel,Private room,2,1.0,1 private bath,1.0,1.0,328.0,1,28,3.0,4.79,4.83,4.88,4.84,4.74,4.66,t,0.0164383561643835,31
14193,within an hour,100,83,t,t,t,Hell's Kitchen,Room in boutique hotel,Private room,2,1.0,1 private bath,1.0,1.0,305.0,1,28,3.0,4.64,4.83,4.8,4.75,4.43,4.57,t,0.1315068493150684,29
14196,within an hour,100,83,t,t,t,Hell's Kitchen,Room in boutique hotel,Private room,2,1.0,1 private bath,1.0,1.0,295.0,1,28,3.0,4.77,4.84,4.92,4.82,4.77,4.65,t,0.0684931506849315,30
14197,within an hour,100,83,t,t,t,Hell's Kitchen,Room in boutique hotel,Private room,2,1.0,1 private bath,1.0,1.0,295.0,1,28,3.0,4.87,4.89,4.93,4.96,4.7,4.67,t,0.0575342465753424,31
14198,within an hour,100,83,t,t,t,Hell's Kitchen,Room in boutique hotel,Private room,2,1.0,1 private bath,1.0,1.0,371.0,1,28,3.0,4.63,4.75,4.88,4.81,4.63,4.69,t,0.0958904109589041,18
14199,within an hour,100,83,t,t,t,Hell's Kitchen,Room in boutique hotel,Private room,2,1.0,1 private bath,1.0,1.0,371.0,1,28,3.0,4.0,4.75,4.0,4.5,3.5,3.25,t,0.0328767123287671,20
14200,within an hour,100,83,t,t,t,Hell's Kitchen,Room in boutique hotel,Private room,2,1.0,1 private bath,1.0,1.0,371.0,1,28,3.0,4.29,4.86,4.71,5.0,3.43,4.71,t,0.0520547945205479,18
14201,within an hour,100,83,t,t,t,Hell's Kitchen,Room in boutique hotel,Private room,2,1.0,1 private bath,1.0,1.0,324.0,1,28,3.0,4.83,4.96,4.83,4.88,4.75,4.79,t,0.2821917808219178,18
14202,within an hour,100,83,t,t,t,Hell's Kitchen,Room in boutique hotel,Private room,1,1.0,1 private bath,1.0,1.0,294.0,1,28,3.0,4.59,4.83,4.86,4.59,4.66,4.45,t,0.0986301369863013,18
14203,within an hour,100,83,t,t,t,Hell's Kitchen,Room in boutique hotel,Private room,2,1.0,1 private bath,1.0,2.0,294.0,1,28,3.0,4.54,4.77,4.81,4.54,4.69,4.35,t,0.4931506849315068,18
14204,within an hour,100,83,t,t,t,Hell's Kitchen,Room in boutique hotel,Private room,2,1.0,1 private bath,1.0,1.0,295.0,1,28,3.0,4.43,4.86,4.86,4.57,4.57,4.29,t,0.3342465753424657,18
14208,within an hour,100,83,t,t,t,Hell's Kitchen,Room in boutique hotel,Private room,2,1.0,1 private bath,1.0,1.0,502.0,1,28,3.0,4.0,5.0,5.0,4.0,5.0,5.0,t,0.3506849315068493,20
14232,within an hour,100,100,f,t,t,Boerum Hill,Room in boutique hotel,Private room,2,1.0,1 private bath,1.0,2.0,314.0,1,28,2.0,4.63,4.94,4.75,4.56,4.88,4.38,t,0.0767123287671232,15
14238,within an hour,100,100,f,t,t,Eastchester,Private room in home,Private room,2,1.0,1 shared bath,1.0,2.0,85.0,7,1125,7.0,5.0,5.0,5.0,5.0,5.0,5.0,f,0.0876712328767123,46
14260,within an hour,95,96,f,t,f,Laurelton,Private room in home,Private room,1,1.0,1 shared bath,1.0,1.0,80.0,1,20,1.0,4.37,4.71,4.39,4.44,4.47,4.36,f,0.0,28
14279,within an hour,100,100,t,t,f,Richmond Hill,Private room in rental unit,Private room,2,1.0,1 private bath,1.0,1.0,130.0,2,28,2.0,4.92,4.83,4.89,4.89,4.81,4.83,f,0.589041095890411,32
14297,within an hour,100,100,f,t,t,Canarsie,Private room in rental unit,Private room,2,1.0,1 shared bath,1.0,1.0,139.0,2,30,2.0,5.0,5.0,5.0,5.0,5.0,4.86,t,0.1534246575342465,46
14324,within an hour,100,100,f,t,t,Bensonhurst,Private room in rental unit,Private room,2,1.0,1 private bath,2.0,2.0,166.0,3,730,3.0,4.68,4.65,4.84,4.78,4.58,4.59,f,0.0794520547945205,38
14325,within an hour,100,100,f,t,t,Bushwick,Private room in rental unit,Private room,2,1.5,1.5 shared baths,1.0,1.0,97.0,1,365,1.0,4.38,4.4,4.62,4.5,4.43,4.33,t,0.0958904109589041,42
14331,within an hour,100,51,t,t,t,Rosedale,Private room in home,Private room,2,1.0,1 shared bath,1.0,1.0,98.0,1,1125,1.0,4.9,4.9,4.95,4.95,4.86,4.88,f,0.5068493150684932,32
14347,within an hour,100,99,f,t,t,Springfield Gardens,Entire place,Entire home/apt,4,1.0,1 bath,2.0,2.0,200.0,2,28,2.0,4.74,4.73,4.92,4.9,4.64,4.7,t,0.5643835616438356,62
14411,within a day,86,98,f,t,t,Sunset Park,Entire rental unit,Entire home/apt,4,1.0,1 bath,1.0,3.0,108.0,2,30,2.0,4.55,4.6,4.74,4.38,4.63,4.68,f,0.4575342465753425,34
14428,within an hour,100,100,t,t,t,Bedford-Stuyvesant,Entire guest suite,Entire home/apt,2,2.0,2 baths,2.0,3.0,262.0,2,1125,2.0,4.94,4.88,4.97,4.96,4.86,4.9,t,0.2520547945205479,66
14439,within an hour,100,100,f,t,t,Lower East Side,Room in boutique hotel,Private room,2,1.0,1 private bath,1.0,1.0,340.0,1,1125,1.0,4.41,4.54,4.75,4.61,4.83,4.42,t,0.1452054794520547,26
14440,within an hour,100,100,f,t,t,Lower East Side,Room in boutique hotel,Private room,2,1.0,1 private bath,1.0,1.0,394.0,1,1125,1.0,4.36,4.5,4.69,4.49,4.75,4.38,t,0.1260273972602739,23
14441,within an hour,100,100,f,t,t,East Village,Room in boutique hotel,Private room,2,1.0,1 private bath,1.0,1.0,314.0,1,1125,1.0,4.54,4.57,4.78,4.64,4.83,4.49,t,0.1260273972602739,26
14442,within an hour,100,100,f,t,t,East Village,Room in aparthotel,Private room,2,1.0,1 private bath,1.0,2.0,413.0,1,1125,1.0,4.51,4.47,4.8,4.61,4.81,4.46,t,0.1342465753424657,26
14515,within an hour,100,78,t,t,t,Crown Heights,Private room in rental unit,Private room,2,1.0,1 shared bath,1.0,1.0,119.0,1,365,1.0,4.84,4.74,4.79,4.95,4.89,4.79,f,0.0356164383561643,65
14517,within an hour,100,100,t,t,t,Bedford-Stuyvesant,Entire rental unit,Entire home/apt,2,2.0,2 baths,2.0,3.0,226.0,2,14,2.0,4.73,4.76,4.94,4.96,4.43,4.66,f,0.2438356164383561,41
14518,within an hour,100,100,t,t,t,Allerton,Private room in home,Private room,2,2.5,2.5 baths,1.0,1.0,80.0,2,1125,2.0,4.9,4.9,4.94,4.97,4.8,4.87,f,0.1671232876712328,36
14552,within an hour,100,98,t,t,t,Canarsie,Entire home,Entire home/apt,6,1.0,1 bath,3.0,4.0,260.0,2,29,2.0,4.82,4.81,4.91,4.91,4.7,4.79,f,0.3945205479452054,23
14566,within an hour,100,100,t,t,t,East Flatbush,Private room in home,Private room,2,1.0,1 private bath,2.0,2.0,147.0,3,28,3.0,4.93,4.87,4.98,5.0,4.57,4.86,f,0.1945205479452054,44
14574,within an hour,100,100,t,t,t,Bedford-Stuyvesant,Private room in rental unit,Private room,2,1.0,1 private bath,1.0,2.0,150.0,2,730,2.0,4.85,4.91,4.94,4.88,4.76,4.82,t,0.3780821917808219,45
14578,within an hour,100,100,f,t,t,Park Slope,Private room in townhouse,Private room,4,1.0,1 private bath,1.0,1.0,310.0,2,365,2.0,4.73,4.73,4.85,4.81,4.99,4.66,t,0.1726027397260274,33
14604,within an hour,90,65,t,t,t,Bedford-Stuyvesant,Private room in townhouse,Private room,8,3.5,3.5 baths,4.0,7.0,885.0,3,1125,3.0,4.89,4.82,4.97,4.93,4.75,4.75,f,0.1589041095890411,37
14620,within an hour,100,98,f,t,t,Upper East Side,Entire townhouse,Entire home/apt,11,3.5,3.5 baths,4.0,4.0,652.0,3,60,3.0,4.84,4.88,4.89,4.9,4.85,4.7,t,0.2767123287671232,38
14623,within an hour,100,66,f,t,t,Midtown,Room in hotel,Private room,4,2.0,2 baths,1.0,2.0,1281.0,1,1125,1.0,4.92,5.0,4.69,4.92,5.0,4.77,f,0.0136986301369863,59
14680,within an hour,100,100,f,t,t,Midtown,Entire rental unit,Entire home/apt,4,1.0,1 bath,0.0,2.0,186.0,2,365,3.0,4.56,4.52,4.74,4.61,4.86,4.52,f,0.589041095890411,28
14684,within an hour,100,100,f,t,f,Prospect-Lefferts Gardens,Private room in home,Private room,3,1.5,1.5 shared baths,1.0,2.0,102.0,2,29,2.0,4.72,4.74,4.78,4.74,4.75,4.7,t,0.5917808219178082,29
14689,within an hour,100,95,t,t,t,East New York,Private room in rental unit,Private room,2,1.0,1 private bath,1.0,1.0,124.0,2,30,2.0,4.88,4.92,4.93,4.94,4.39,4.84,f,0.3589041095890411,47
14705,within a few hours,100,91,t,t,t,Crown Heights,Private room in condo,Private room,2,1.0,1 private bath,1.0,1.0,175.0,1,1125,1.0,4.94,4.9,4.97,4.97,4.76,4.85,f,0.6657534246575343,36
14742,within an hour,100,93,t,t,t,Crown Heights,Private room in home,Private room,2,1.0,1 private bath,1.0,1.0,134.0,3,30,3.0,4.93,4.98,5.0,4.98,4.71,4.88,f,0.0438356164383561,34
14752,within an hour,97,99,f,t,t,East Flatbush,Private room in home,Private room,2,1.0,1 bath,1.0,1.0,140.0,1,1125,1.0,4.43,4.5,4.5,4.64,4.43,4.0,f,0.0,18
14756,within an hour,97,99,f,t,t,East Flatbush,Private room in home,Private room,2,1.0,1 bath,1.0,1.0,140.0,1,1125,1.0,4.52,4.59,4.48,4.67,4.41,4.33,f,0.0,18
14775,within a day,90,89,f,t,f,Williamsbridge,Private room in home,Private room,1,1.0,1 shared bath,1.0,1.0,65.0,14,150,14.0,4.33,4.5,4.33,4.83,4.33,4.33,f,0.5123287671232877,33
14793,within an hour,100,92,t,t,t,Williamsburg,Entire rental unit,Entire home/apt,2,1.0,1 bath,1.0,1.0,381.0,2,29,2.0,4.97,4.89,4.92,4.95,4.97,4.8,f,0.5945205479452055,57
14798,within an hour,98,100,f,t,t,Financial District,Entire rental unit,Entire home/apt,4,1.0,1 bath,0.0,2.0,296.0,1,1125,1.0,4.57,4.77,4.73,4.56,4.78,4.53,t,0.2876712328767123,28
14807,within an hour,89,100,f,t,t,Flatlands,Private room in rental unit,Private room,3,1.0,1 private bath,2.0,1.0,170.0,15,365,4.0,4.81,4.9,4.73,4.89,4.83,4.72,f,0.0027397260273972,52
14823,within an hour,98,100,f,t,t,Financial District,Entire rental unit,Entire home/apt,6,3.0,3 baths,2.0,3.0,535.0,1,1125,2.0,4.34,4.6,4.52,4.46,4.72,4.34,t,0.4136986301369863,29
14884,within an hour,98,100,f,t,t,Financial District,Entire rental unit,Entire home/apt,6,2.0,2 baths,2.0,3.0,541.0,1,1125,2.0,4.52,4.59,4.66,4.56,4.7,4.37,t,0.1041095890410958,28
14918,within a few hours,100,96,t,t,t,Park Slope,Entire guest suite,Entire home/apt,2,1.0,1 bath,0.0,1.0,305.0,3,29,7.0,4.97,4.98,4.97,4.96,4.99,4.83,f,0.1232876712328767,26
15035,within an hour,100,100,t,f,t,Upper West Side,Private room in rental unit,Private room,2,3.0,3 baths,1.0,1.0,250.0,2,26,2.0,4.95,4.95,4.95,4.95,5.0,4.95,f,0.1095890410958904,19
15037,within an hour,100,98,t,t,t,Williamsburg,Entire guest suite,Entire home/apt,2,2.0,2 baths,2.0,2.0,277.0,1,365,4.0,4.89,4.69,4.99,4.98,5.0,4.78,f,0.136986301369863,67
15100,within an hour,100,97,t,t,t,Jamaica,Private room in home,Private room,2,1.0,1 shared bath,1.0,1.0,77.0,1,90,1.0,4.87,4.89,4.91,4.91,4.81,4.79,f,0.6301369863013698,43
15144,within an hour,100,100,t,t,t,Bedford-Stuyvesant,Private room in home,Private room,2,1.0,1 private bath,0.0,2.0,141.0,2,30,2.0,4.92,4.75,4.98,4.98,4.88,4.78,t,0.5945205479452055,22
15199,within a few hours,100,53,f,t,t,Midtown,Private room in resort,Private room,4,1.0,1 private bath,1.0,2.0,595.0,3,13,3.0,4.94,4.94,5.0,4.88,4.94,4.88,f,0.1561643835616438,16
15205,within an hour,98,100,f,t,t,Financial District,Entire rental unit,Entire home/apt,4,1.0,1 bath,1.0,2.0,393.0,1,1125,2.0,4.4,4.47,4.63,4.53,4.66,4.27,t,0.0958904109589041,28
15234,within an hour,100,93,t,t,t,Long Island City,Entire rental unit,Entire home/apt,3,1.0,1 bath,1.0,1.0,196.0,7,30,14.0,5.0,5.0,4.87,5.0,5.0,4.83,f,0.1616438356164383,48
15235,within an hour,100,93,t,t,t,Long Island City,Entire rental unit,Entire home/apt,4,1.0,1 bath,1.0,2.0,207.0,7,365,14.0,4.89,4.78,4.89,4.89,4.89,4.56,f,0.1205479452054794,54
15246,within an hour,100,96,t,t,t,Maspeth,Entire townhouse,Entire home/apt,2,1.0,1 bath,1.0,1.0,195.0,3,356,3.0,5.0,5.0,5.0,4.98,4.96,4.96,f,0.1095890410958904,43
15257,within an hour,100,100,t,t,t,Astoria,Entire rental unit,Entire home/apt,2,1.0,1 bath,1.0,1.0,185.0,1,20,1.0,4.98,4.97,4.98,4.98,4.94,4.89,f,0.1561643835616438,47
15273,within an hour,85,99,f,t,t,Midtown,Room in boutique hotel,Private room,2,1.0,1 private bath,1.0,1.0,257.0,1,1125,2.0,4.33,4.42,4.66,4.45,4.77,4.25,t,0.1150684931506849,24
15274,within an hour,85,99,f,t,t,Midtown,Room in boutique hotel,Private room,2,1.0,1 private bath,1.0,1.0,280.0,1,1125,2.0,4.09,4.34,4.39,4.16,4.66,4.05,t,0.0986301369863013,21
15275,within an hour,85,99,f,t,t,Midtown,Room in boutique hotel,Private room,2,1.0,1 private bath,1.0,1.0,284.0,1,1125,2.0,4.3,4.41,4.51,4.35,4.71,4.19,t,0.0986301369863013,17
15276,within an hour,85,99,f,t,t,Midtown,Room in boutique hotel,Private room,2,1.0,1 private bath,1.0,1.0,296.0,1,1125,2.0,4.39,4.55,4.59,4.39,4.75,4.34,t,0.1068493150684931,19
15277,within an hour,85,99,f,t,t,Midtown,Room in boutique hotel,Private room,2,1.0,1 private bath,1.0,1.0,287.0,1,1125,2.0,4.16,4.1,4.66,4.32,4.65,4.07,t,0.0931506849315068,22
15278,within an hour,85,99,f,t,t,Midtown,Room in boutique hotel,Private room,4,1.0,1 private bath,1.0,2.0,320.0,1,1125,2.0,4.28,4.4,4.5,4.25,4.76,4.12,t,0.1315068493150684,18
15279,within an hour,85,99,f,t,t,Midtown,Room in boutique hotel,Private room,2,1.0,1 private bath,1.0,1.0,525.0,1,1125,2.0,4.67,4.67,5.0,4.67,5.0,4.33,t,0.136986301369863,19
15302,within an hour,100,100,f,t,t,New Springville,Private room in home,Private room,2,1.0,1 private bath,2.0,3.0,125.0,2,1125,2.0,4.5,4.51,4.81,4.72,4.83,4.5,f,0.5452054794520548,43
15309,within an hour,100,78,t,t,t,Midtown,Room in hotel,Private room,2,1.0,1 private bath,1.0,1.0,404.0,1,28,1.0,5.0,5.0,5.0,4.93,5.0,4.79,t,0.1315068493150684,23
15311,within an hour,100,78,t,t,t,Midtown,Room in hotel,Private room,2,1.0,1 private bath,1.0,1.0,439.0,1,28,1.0,4.0,5.0,5.0,5.0,5.0,3.0,t,0.0520547945205479,24
15312,within an hour,100,78,t,t,t,Midtown,Room in hotel,Private room,2,1.0,1 private bath,1.0,1.0,454.0,1,28,1.0,4.75,5.0,5.0,4.5,5.0,4.5,t,0.0438356164383561,24
15313,within an hour,100,78,t,t,t,Midtown,Room in hotel,Private room,2,1.0,1 private bath,1.0,2.0,501.0,1,28,1.0,5.0,5.0,4.5,4.5,5.0,5.0,t,0.0821917808219178,24
15314,within an hour,100,78,t,t,t,Midtown,Room in hotel,Private room,3,1.0,1 private bath,1.0,2.0,776.0,1,28,1.0,5.0,5.0,5.0,5.0,5.0,5.0,t,0.0410958904109589,23
15315,within an hour,100,77,t,t,t,Tribeca,Room in hotel,Private room,2,1.0,1 private bath,1.0,1.0,427.0,1,28,1.0,4.71,4.93,4.86,4.71,4.86,4.5,t,0.0356164383561643,21
15320,within an hour,100,77,t,t,t,Tribeca,Room in hotel,Private room,2,1.0,1 private bath,1.0,1.0,506.0,1,28,1.0,4.0,5.0,5.0,3.0,5.0,3.0,t,0.0356164383561643,23
15321,within an hour,100,77,t,t,t,Tribeca,Room in hotel,Private room,3,1.0,1 private bath,1.0,2.0,493.0,1,28,1.0,5.0,5.0,5.0,5.0,5.0,4.0,t,0.0767123287671232,21
15322,within an hour,100,77,t,t,t,Tribeca,Room in hotel,Private room,2,1.0,1 private bath,1.0,2.0,720.0,1,28,1.0,4.0,4.0,5.0,5.0,5.0,5.0,t,0.0246575342465753,21
15361,within a few hours,90,98,f,t,t,Harlem,Private room in townhouse,Private room,3,1.5,1.5 baths,1.0,2.0,314.0,1,28,1.0,5.0,5.0,5.0,5.0,5.0,4.0,f,0.0575342465753424,14
15377,within an hour,100,98,t,t,t,Bedford-Stuyvesant,Private room in tiny home,Private room,2,1.0,1 private bath,1.0,2.0,72.0,2,1125,2.0,4.64,4.5,4.82,4.72,4.71,4.7,f,0.6767123287671233,46
15407,within an hour,100,100,t,t,f,Williamsburg,Private room in guest suite,Private room,2,1.0,1 private bath,1.0,1.0,280.0,3,30,3.0,4.95,4.98,4.97,4.99,4.97,4.89,t,0.4931506849315068,57
15443,within an hour,100,88,f,t,t,Midtown,Shared room in condo,Shared room,2,1.0,1 shared bath,1.0,1.0,76.0,9,30,9.0,4.58,4.56,4.8,4.72,4.98,4.54,f,0.1232876712328767,37
15479,within an hour,100,100,t,t,t,Harlem,Entire rental unit,Entire home/apt,4,1.0,1 bath,0.0,2.0,182.0,1,30,1.0,4.72,4.73,4.85,4.59,4.79,4.65,t,0.5698630136986301,23
15531,within an hour,100,82,f,t,t,Harlem,Entire rental unit,Entire home/apt,4,1.0,1 bath,2.0,0.0,298.0,3,60,3.0,4.73,4.64,4.95,4.77,4.77,4.55,f,0.3424657534246575,32
15714,within an hour,98,100,f,t,t,Financial District,Entire rental unit,Entire home/apt,2,1.0,1 bath,1.0,1.0,488.0,1,1125,2.0,4.52,4.77,4.68,4.48,4.48,4.39,t,0.1123287671232876,28
15812,within an hour,100,100,t,t,t,Jackson Heights,Private room in guest suite,Private room,5,1.0,1 private bath,1.0,5.0,136.0,3,25,3.0,4.75,4.57,4.8,4.93,4.77,4.63,f,0.3561643835616438,66
15814,within an hour,100,95,t,t,t,Bushwick,Private room in rental unit,Private room,6,1.0,1 private bath,3.0,4.0,220.0,1,1125,1.0,4.81,4.56,4.93,4.93,4.77,4.71,f,0.3178082191780822,45
15848,within an hour,100,98,t,t,t,Little Italy,Entire rental unit,Entire home/apt,2,1.0,1 bath,2.0,1.0,499.0,1,365,3.0,4.82,4.7,4.88,4.85,4.83,4.65,f,0.0602739726027397,56
15867,within an hour,100,100,f,t,t,Midtown,Entire rental unit,Entire home/apt,7,1.0,1 bath,2.0,4.0,353.0,2,365,3.0,4.28,4.39,4.56,4.43,4.79,4.27,f,0.5726027397260274,29
15884,within an hour,100,99,f,t,t,Cypress Hills,Private room in home,Private room,2,1.0,1 shared bath,1.0,1.0,110.0,2,15,2.0,4.67,4.57,4.71,4.71,4.48,4.48,f,0.0082191780821917,18
15894,within an hour,100,98,t,t,t,Midtown,Entire rental unit,Entire home/apt,2,1.0,1 bath,1.0,1.0,786.0,7,28,7.0,4.8,5.0,5.0,4.8,4.8,4.6,t,0.0356164383561643,43
15896,within an hour,100,98,t,t,t,Midtown,Entire serviced apartment,Entire home/apt,2,1.0,1 bath,0.0,1.0,539.0,7,28,7.0,4.5,5.0,5.0,4.5,5.0,4.5,t,0.0054794520547945,35
15897,within an hour,100,98,t,t,t,Midtown,Entire rental unit,Entire home/apt,3,1.0,1 bath,1.0,1.0,778.0,7,28,7.0,4.33,4.67,4.67,4.67,5.0,4.33,t,0.0273972602739726,40
15899,within an hour,100,98,t,t,t,Midtown,Entire serviced apartment,Entire home/apt,5,2.0,2 baths,2.0,2.0,1750.0,7,28,30.0,5.0,4.0,5.0,5.0,5.0,4.0,t,0.0246575342465753,46
15928,within an hour,100,99,t,t,t,Greenpoint,Private room in home,Private room,2,1.0,1 shared bath,1.0,1.0,124.0,3,150,3.0,4.95,4.87,4.98,4.98,4.96,4.74,t,0.6465753424657534,19
15929,within an hour,100,100,f,t,t,Midtown,Entire rental unit,Entire home/apt,7,1.0,1 bath,2.0,4.0,364.0,2,365,3.0,4.32,4.53,4.63,4.55,4.76,4.37,f,0.5835616438356165,30
15930,within an hour,100,100,f,t,t,Midtown,Entire rental unit,Entire home/apt,6,1.0,1 bath,0.0,3.0,289.0,2,365,3.0,4.35,4.29,4.54,4.47,4.87,4.38,f,0.6547945205479452,29
15931,within an hour,100,100,f,t,t,Midtown,Entire rental unit,Entire home/apt,6,1.0,1 bath,0.0,3.0,269.0,2,365,2.0,4.25,4.1,4.49,4.44,4.85,4.3,f,0.6410958904109589,29
15942,within a few hours,100,95,t,t,t,Bedford-Stuyvesant,Entire home,Entire home/apt,2,1.0,1 bath,1.0,1.0,219.0,3,180,3.0,4.89,5.0,4.89,4.98,4.82,4.69,f,0.2931506849315068,47
15991,within an hour,100,97,t,t,t,Jamaica,Private room in home,Private room,2,1.0,1 shared bath,1.0,1.0,78.0,1,1125,1.0,4.82,4.91,4.85,4.9,4.76,4.77,f,0.0602739726027397,42
15994,within an hour,100,99,t,t,t,Crown Heights,Private room in rental unit,Private room,2,1.0,1 private bath,1.0,1.0,150.0,1,30,1.0,4.9,4.9,4.99,5.0,4.76,4.73,f,0.0876712328767123,59
16003,within an hour,100,92,f,t,t,Bergen Beach,Entire condo,Entire home/apt,2,1.0,1 bath,1.0,1.0,174.0,2,120,2.0,4.7,4.77,4.77,4.89,4.63,4.51,f,0.0684931506849315,58
16015,within an hour,100,99,t,t,t,Park Slope,Entire townhouse,Entire home/apt,4,1.5,1.5 baths,2.0,3.0,495.0,4,29,4.0,4.97,4.89,5.0,4.99,4.99,4.88,f,0.4684931506849315,47
16032,within a few hours,100,100,t,t,t,Harlem,Private room in townhouse,Private room,2,1.0,1 shared bath,1.0,1.0,139.0,2,33,2.0,4.91,4.84,4.91,4.96,4.85,4.84,f,0.6794520547945205,50
16193,within a day,100,82,t,t,t,Prospect-Lefferts Gardens,Private room in townhouse,Private room,2,1.0,1 private bath,1.0,1.0,155.0,4,730,4.0,4.98,4.89,4.98,4.98,4.93,4.89,f,0.1534246575342465,28
16273,within an hour,100,99,f,t,t,Theater District,Entire rental unit,Entire home/apt,2,1.0,1 bath,1.0,1.0,534.0,7,28,7.0,4.8,4.81,4.93,4.87,4.89,4.63,t,0.0054794520547945,36
16298,within a few hours,100,99,t,t,t,Hell's Kitchen,Entire condo,Entire home/apt,6,2.0,2 baths,2.0,4.0,1280.0,5,1125,5.0,4.98,4.94,4.99,5.0,4.95,4.88,f,0.3726027397260274,42
16345,within an hour,92,99,f,t,t,Gramercy,Entire rental unit,Entire home/apt,2,1.0,1 bath,0.0,2.0,135.0,3,90,9.0,4.55,4.52,4.9,4.75,4.91,4.57,t,0.673972602739726,24
16371,within an hour,100,96,t,t,t,Canarsie,Private room in rental unit,Private room,1,1.0,1 shared bath,1.0,1.0,118.0,2,29,2.0,4.97,4.97,4.97,4.97,4.75,4.93,f,0.5178082191780822,27
16487,within an hour,69,99,f,t,t,Chelsea,Room in hotel,Private room,2,1.0,1 private bath,1.0,1.0,288.0,1,28,1.0,4.42,4.46,4.66,4.49,4.7,4.25,t,0.1890410958904109,22
16500,within a day,90,89,t,t,t,Bedford-Stuyvesant,Private room in rental unit,Private room,2,1.0,1 shared bath,1.0,1.0,120.0,2,100,2.0,4.83,4.67,4.96,4.88,4.71,4.78,f,0.1671232876712328,36
16508,within an hour,100,100,t,t,t,Bedford-Stuyvesant,Private room in condo,Private room,2,1.0,1 shared bath,1.0,1.0,124.0,1,1125,1.0,4.94,4.95,4.97,4.98,4.72,4.83,t,0.147945205479452,58
16527,within an hour,100,100,t,t,t,Bedford-Stuyvesant,Entire guest suite,Entire home/apt,2,1.0,1 bath,2.0,2.0,169.0,3,365,3.0,4.86,4.92,4.93,4.96,4.67,4.79,f,0.1972602739726027,30
16685,within an hour,100,91,f,t,t,Bedford-Stuyvesant,Private room in rental unit,Private room,3,1.0,1 private bath,1.0,3.0,127.0,3,60,3.0,4.87,4.54,4.87,4.87,4.77,4.74,f,0.1232876712328767,44
16689,within an hour,96,99,f,t,f,South Ozone Park,Private room in home,Private room,2,1.0,1 private bath,1.0,1.0,126.0,1,30,1.0,4.45,4.56,4.75,4.7,4.59,4.4,t,0.0027397260273972,31
16735,within an hour,100,98,f,t,t,Bedford-Stuyvesant,Entire rental unit,Entire home/apt,4,1.0,1 bath,3.0,3.0,210.0,2,21,2.0,4.66,4.77,4.85,4.91,4.55,4.66,f,0.1753424657534246,46
16739,within an hour,100,100,f,t,t,Midtown,Entire rental unit,Entire home/apt,4,1.0,1 bath,0.0,2.0,229.0,2,365,3.0,4.21,4.32,4.76,4.61,4.85,4.25,f,0.5506849315068493,26
16755,within an hour,100,92,f,t,t,Midtown,Entire rental unit,Entire home/apt,6,1.0,1 bath,0.0,3.0,262.0,7,1125,6.0,4.6,4.5,4.64,4.77,4.86,4.47,f,0.1643835616438356,29
16758,within an hour,96,99,f,t,f,South Ozone Park,Private room in home,Private room,2,1.0,1 private bath,1.0,1.0,125.0,1,30,2.0,4.61,4.69,4.84,4.75,4.62,4.55,t,0.0082191780821917,29
16790,within an hour,100,96,t,t,t,Park Slope,Entire home,Entire home/apt,5,2.0,2 baths,3.0,3.0,572.0,3,29,5.0,4.97,4.95,4.98,4.98,4.99,4.89,f,0.6931506849315069,43
16797,within an hour,100,100,f,t,t,St. Albans,Entire rental unit,Entire home/apt,2,1.0,1 bath,1.0,2.0,107.0,1,29,1.0,4.78,4.92,4.91,4.83,4.75,4.79,f,0.2958904109589041,44
16800,within an hour,100,98,t,t,t,Rockaway Beach,Private room in home,Private room,2,2.0,2 shared baths,1.0,1.0,162.0,2,6,2.0,4.85,4.87,4.9,4.9,4.87,4.76,f,0.5342465753424658,78
16825,within an hour,100,96,t,t,t,East New York,Private room in rental unit,Private room,2,1.0,1 private bath,1.0,1.0,132.0,4,1125,4.0,4.95,4.83,4.95,5.0,4.67,4.76,f,0.0575342465753424,53
16837,within an hour,100,95,t,t,f,Canarsie,Private room in home,Private room,4,1.0,1 shared bath,2.0,2.0,183.0,2,30,2.0,4.79,4.9,4.85,4.87,4.54,4.65,t,0.0273972602739726,42
16905,within an hour,100,99,f,t,t,Harlem,Entire rental unit,Entire home/apt,10,2.5,2.5 baths,4.0,5.0,418.0,3,365,3.0,4.81,4.94,4.88,4.94,4.88,4.75,t,0.3452054794520548,35
16911,within an hour,100,92,f,t,t,Midtown,Entire rental unit,Entire home/apt,6,1.0,1 bath,0.0,3.0,244.0,1,365,7.0,4.66,4.66,4.77,4.87,4.88,4.61,t,0.0520547945205479,31
16912,within an hour,100,88,t,t,t,Baychester,Entire guest suite,Entire home/apt,2,1.0,1 bath,1.0,2.0,115.0,7,1125,7.0,5.0,4.98,5.0,5.0,4.89,4.95,f,0.3835616438356164,52
16918,within an hour,100,92,f,t,t,Midtown,Entire rental unit,Entire home/apt,5,1.0,1 bath,0.0,4.0,200.0,1,1125,6.0,4.53,4.5,4.41,4.76,4.84,4.41,f,0.0986301369863013,25
16926,within an hour,100,95,f,t,t,Hell's Kitchen,Entire rental unit,Entire home/apt,2,1.0,1 bath,1.0,1.0,575.0,30,180,30.0,5.0,4.83,5.0,5.0,4.67,4.67,f,0.6191780821917808,40
16983,within an hour,100,92,f,t,t,Midtown,Entire rental unit,Entire home/apt,4,1.0,1 bath,0.0,2.0,318.0,1,1125,4.0,4.56,4.62,4.81,4.84,4.84,4.44,f,0.1589041095890411,31
17006,within an hour,100,92,f,t,t,Midtown,Entire rental unit,Entire home/apt,6,1.0,1 bath,0.0,3.0,236.0,1,1125,7.0,4.72,4.71,4.81,4.87,4.9,4.64,t,0.0794520547945205,33
17045,within an hour,98,100,f,t,t,Financial District,Entire rental unit,Entire home/apt,2,1.0,1 bath,0.0,1.0,183.0,1,1125,1.0,4.5,4.65,4.48,4.3,4.65,4.57,t,0.6520547945205479,33
17057,within an hour,100,91,t,t,t,East Flatbush,Private room in home,Private room,2,1.0,1 private bath,1.0,1.0,99.0,3,60,3.0,4.92,4.9,4.94,4.95,4.56,4.92,f,0.6356164383561644,43
17098,within an hour,100,100,f,t,t,Bedford-Stuyvesant,Entire rental unit,Entire home/apt,2,1.0,1 bath,0.0,1.0,155.0,1,120,3.0,4.63,4.79,4.92,4.81,4.74,4.39,t,0.6493150684931507,32
17126,within an hour,100,92,f,t,t,Midtown,Entire rental unit,Entire home/apt,4,1.0,1 bath,0.0,3.0,369.0,1,1125,2.0,4.37,4.63,4.47,4.58,4.68,4.42,f,0.5260273972602739,22
17135,within an hour,100,92,f,t,t,Midtown,Entire rental unit,Entire home/apt,4,1.0,1 bath,0.0,2.0,237.0,1,1125,7.0,4.6,4.61,4.78,4.81,4.81,4.52,t,0.1123287671232876,29
17139,within an hour,100,79,t,t,t,Morris Heights,Entire home,Entire home/apt,8,1.5,1.5 baths,2.0,2.0,363.0,2,500,2.0,4.8,4.65,4.83,4.93,4.55,4.7,f,0.0684931506849315,28
17197,within an hour,100,98,f,t,t,Williamsburg,Entire rental unit,Entire home/apt,2,1.0,1 bath,1.0,1.0,163.0,3,29,3.0,4.58,4.47,4.82,4.86,4.76,4.49,f,0.6410958904109589,35
17267,within an hour,100,100,t,t,t,South Slope,Private room in townhouse,Private room,2,1.0,1 private bath,1.0,1.0,210.0,2,1125,2.0,4.99,5.0,4.99,4.99,4.97,4.94,f,0.5123287671232877,49
17268,within an hour,100,100,f,t,t,East New York,Private room in rental unit,Private room,2,0.0,0 shared baths,1.0,1.0,131.0,1,27,1.0,4.57,4.56,4.78,4.88,4.6,4.58,t,0.084931506849315,13
17272,within an hour,100,97,t,t,t,Financial District,Room in hotel,Private room,4,1.0,1 bath,1.0,2.0,308.0,1,28,1.0,4.71,4.71,4.43,4.14,4.57,4.57,f,0.4602739726027397,21
17322,within an hour,100,94,t,t,t,Crown Heights,Private room in townhouse,Private room,2,1.0,1 private bath,1.0,0.0,230.0,3,28,3.0,4.97,4.99,4.98,4.97,4.77,4.92,f,0.4520547945205479,47
17348,within an hour,98,100,f,t,t,Financial District,Entire rental unit,Entire home/apt,4,1.0,1 bath,1.0,2.0,441.0,1,1125,2.0,4.51,4.69,4.67,4.69,4.69,4.47,t,0.3972602739726027,33
17349,within an hour,98,100,f,t,t,Financial District,Entire rental unit,Entire home/apt,6,1.0,1 bath,2.0,3.0,600.0,1,1125,2.0,4.66,4.75,4.8,4.76,4.75,4.58,t,0.3890410958904109,34
17363,within an hour,98,100,f,t,t,Financial District,Entire rental unit,Entire home/apt,8,2.0,2 baths,3.0,4.0,701.0,1,1125,29.0,4.49,4.68,4.66,4.7,4.85,4.64,t,0.5506849315068493,33
17382,within an hour,100,99,f,t,t,Midtown,Entire loft,Entire home/apt,6,1.0,1 bath,1.0,3.0,311.0,4,90,7.0,4.36,4.4,4.57,4.43,4.79,4.51,t,0.1808219178082191,11
17414,within an hour,90,100,t,t,t,Astoria,Private room in rental unit,Private room,2,1.0,1 private bath,0.0,2.0,125.0,5,90,5.0,4.89,4.92,4.92,4.97,4.85,4.88,f,0.6876712328767123,29
17423,within an hour,100,99,f,t,t,East Elmhurst,Private room in home,Private room,2,1.0,1 shared bath,1.0,1.0,99.0,1,730,1.0,4.35,4.38,4.65,4.67,4.42,4.33,f,0.0301369863013698,34
17503,within a day,60,37,f,t,t,East Village,Private room in rental unit,Private room,2,1.0,1 private bath,1.0,1.0,399.0,4,1125,4.0,4.77,4.54,4.92,4.92,4.92,4.62,f,0.5068493150684932,22
17589,within an hour,100,85,t,t,t,East Flatbush,Entire rental unit,Entire home/apt,8,2.0,2 baths,4.0,8.0,600.0,3,28,3.0,5.0,5.0,4.91,5.0,4.82,4.82,f,0.5397260273972603,40
17615,within an hour,98,100,f,t,t,Battery Park City,Entire rental unit,Entire home/apt,4,1.0,1 bath,0.0,2.0,204.0,1,1125,4.0,4.74,4.77,4.8,4.72,4.81,4.64,t,0.3698630136986301,33
17648,within an hour,100,100,f,t,t,Chelsea,Entire rental unit,Entire home/apt,2,1.0,1 bath,0.0,2.0,392.0,1,28,1.0,4.13,4.41,4.57,4.36,4.82,4.27,t,0.1452054794520547,18
17674,within an hour,100,94,t,t,t,Williamsburg,Entire rental unit,Entire home/apt,4,1.0,1 bath,2.0,2.0,204.0,2,30,2.0,4.84,4.59,4.92,4.94,4.89,4.74,f,0.536986301369863,19
17680,within an hour,100,92,f,t,t,Midtown,Entire rental unit,Entire home/apt,5,1.0,1 bath,0.0,3.0,225.0,7,1125,6.0,4.56,4.39,4.65,4.86,4.92,4.47,f,0.0821917808219178,21
17693,within an hour,100,92,f,t,t,Midtown,Entire rental unit,Entire home/apt,5,1.0,1 bath,0.0,3.0,221.0,7,1125,6.0,4.55,4.33,4.59,4.76,4.86,4.28,f,0.1671232876712328,22
17826,within an hour,100,92,f,t,t,Midtown,Entire rental unit,Entire home/apt,9,1.0,1 bath,1.0,6.0,317.0,1,1125,7.0,4.61,4.63,4.75,4.86,4.86,4.59,t,0.6054794520547945,32
17885,within an hour,100,98,t,t,t,Bayside,Private room in home,Private room,1,1.0,1 private bath,1.0,1.0,109.0,5,365,5.0,4.94,4.83,4.94,4.94,4.89,4.78,f,0.6082191780821918,34
17886,within an hour,100,98,t,t,t,Bayside,Private room in vacation home,Private room,2,1.0,1 private bath,1.0,1.0,158.0,3,270,3.0,5.0,5.0,5.0,5.0,4.82,4.91,f,0.2821917808219178,47
17887,within an hour,100,98,t,t,t,Bayside,Private room in home,Private room,2,1.0,1 private bath,1.0,1.0,158.0,3,270,3.0,4.93,4.93,5.0,5.0,4.93,4.71,f,0.3424657534246575,54
17894,within a few hours,99,11,f,t,t,Midtown,Private room in resort,Private room,2,1.0,1 private bath,0.0,1.0,428.0,2,28,2.0,5.0,5.0,5.0,5.0,5.0,4.5,f,0.5205479452054794,25
17921,within an hour,100,100,f,t,t,Port Richmond,Private room in home,Private room,1,1.0,1 private bath,1.0,1.0,100.0,1,1125,1.0,4.63,4.68,4.71,4.87,4.58,4.55,t,0.0,51
17943,within an hour,100,100,t,t,t,Upper East Side,Entire guest suite,Entire home/apt,13,7.0,7 baths,8.0,11.0,2064.0,3,1125,5.0,4.88,4.8,4.93,4.96,5.0,4.7,t,0.1945205479452054,91
17990,within an hour,100,99,t,t,t,Rosedale,Private room in home,Private room,2,1.0,1 private bath,1.0,1.0,99.0,2,90,2.0,4.98,4.97,4.97,4.99,4.87,4.92,f,0.0821917808219178,58
18012,within an hour,100,100,f,t,t,South Ozone Park,Entire home,Entire home/apt,2,1.0,1 bath,1.0,1.0,105.0,1,40,1.0,4.42,4.69,4.65,4.44,4.59,4.5,t,0.2794520547945205,23
18042,within an hour,100,92,t,t,t,Canarsie,Entire home,Entire home/apt,3,1.0,1 bath,1.0,1.0,179.0,2,365,2.0,4.89,4.91,4.91,4.97,4.78,4.77,f,0.1150684931506849,39
18056,within an hour,100,92,f,t,t,Midtown,Entire rental unit,Entire home/apt,5,1.0,1 bath,1.0,3.0,275.0,1,1125,6.0,4.72,4.69,4.61,4.9,4.88,4.51,f,0.1123287671232876,29
18071,within an hour,100,100,f,t,t,Sunset Park,Private room in townhouse,Private room,2,1.0,1 shared bath,1.0,2.0,114.0,30,30,1.0,4.77,4.9,4.91,4.93,4.52,4.8,t,0.1123287671232876,36
18088,within an hour,100,100,t,t,t,Harlem,Private room in guest suite,Private room,3,1.0,1 private bath,1.0,1.0,198.0,2,90,2.0,4.81,4.86,4.77,4.95,4.89,4.79,t,0.6438356164383562,75
18110,within an hour,100,100,f,t,t,Midtown,Entire rental unit,Entire home/apt,4,1.0,1 bath,0.0,2.0,173.0,1,30,1.0,4.24,4.43,4.86,4.67,4.71,3.9,t,0.6164383561643836,28
18159,within an hour,100,96,f,t,t,Jamaica,Private room in home,Private room,4,1.0,1 private bath,1.0,1.0,80.0,1,90,1.0,4.72,4.75,4.81,4.79,4.51,4.68,f,0.0602739726027397,31
18181,within an hour,100,87,t,t,t,Tompkinsville,Private room in home,Private room,1,1.0,1 shared bath,1.0,1.0,75.0,3,180,3.0,4.89,5.0,4.93,4.89,4.89,4.74,f,0.073972602739726,17
18182,within an hour,100,87,t,t,t,Tompkinsville,Private room in home,Private room,1,1.0,1 shared bath,1.0,1.0,75.0,3,180,3.0,4.86,4.95,4.77,4.91,4.91,4.77,f,0.0273972602739726,21
18191,within an hour,100,99,f,t,t,Hell's Kitchen,Entire rental unit,Entire home/apt,9,1.0,1 bath,4.0,4.0,1000.0,2,1125,2.0,4.3,4.05,4.83,4.6,4.78,4.45,f,0.5095890410958904,15
18208,within a few hours,100,43,f,t,t,Hell's Kitchen,Entire rental unit,Entire home/apt,2,1.0,1 bath,1.0,2.0,249.0,1,365,1.0,4.94,4.94,4.86,5.0,4.92,4.75,f,0.2164383561643835,45
18210,within an hour,100,100,t,t,t,East Flatbush,Private room in townhouse,Private room,2,1.0,1 private bath,1.0,1.0,110.0,2,28,2.0,4.93,4.96,4.96,4.97,4.65,4.8,f,0.1589041095890411,46
18211,within an hour,100,100,t,t,t,Brownsville,Entire rental unit,Entire home/apt,4,1.0,1 bath,1.0,2.0,123.0,1,28,1.0,4.77,4.78,4.89,4.91,4.54,4.76,t,0.6,46
18222,within an hour,100,98,f,t,t,Chelsea,Private room in hostel,Private room,1,0.0,0 shared baths,1.0,1.0,163.0,1,180,2.0,5.0,5.0,5.0,5.0,5.0,5.0,t,0.210958904109589,26
18242,within an hour,100,97,t,t,t,East New York,Private room in rental unit,Private room,1,1.0,1 shared bath,1.0,1.0,72.0,2,29,2.0,4.78,4.62,4.82,4.89,4.62,4.65,f,0.6273972602739726,58
18245,within a few hours,100,77,f,t,t,Upper West Side,Private room in rental unit,Private room,2,1.5,1.5 shared baths,1.0,1.0,259.0,1,1125,1.0,4.84,4.68,4.93,4.89,4.84,4.71,f,0.0986301369863013,48
18249,within an hour,100,99,f,t,t,Harlem,Entire townhouse,Entire home/apt,13,4.5,4.5 baths,5.0,5.0,614.0,3,365,3.0,4.79,4.75,4.89,4.93,4.79,4.64,t,0.3205479452054794,32
18261,within an hour,100,92,f,t,t,Midtown,Entire rental unit,Entire home/apt,4,1.0,1 bath,0.0,2.0,248.0,1,1125,7.0,4.63,4.63,4.81,4.85,4.9,4.49,t,0.0794520547945205,32
18288,within an hour,100,92,f,t,t,Midtown,Entire rental unit,Entire home/apt,4,1.0,1 bath,0.0,2.0,229.0,7,1125,6.0,4.59,4.52,4.5,4.74,4.94,4.24,f,0.0931506849315068,27
18294,within an hour,100,95,t,t,t,Bergen Beach,Private room in rental unit,Private room,4,1.5,1.5 shared baths,2.0,1.0,300.0,1,28,1.0,4.89,4.95,4.95,4.89,4.89,4.74,f,0.010958904109589,59
18330,within an hour,100,94,t,t,t,Ozone Park,Private room in home,Private room,2,1.0,1 private bath,1.0,1.0,109.0,5,28,5.0,4.63,4.86,4.88,4.77,4.57,4.48,f,0.1205479452054794,48
18375,within an hour,100,99,f,t,t,Chelsea,Entire rental unit,Entire home/apt,4,1.0,1 bath,1.0,1.0,219.0,3,365,3.0,4.24,4.39,4.68,4.82,4.53,4.24,t,0.0657534246575342,36
18387,within an hour,98,100,f,t,t,Midtown,Room in boutique hotel,Private room,2,1.0,1 shared bath,0.0,1.0,317.0,1,1125,2.0,4.54,4.85,4.31,4.69,4.69,4.31,t,0.136986301369863,19
18388,within an hour,98,100,f,t,t,Flatiron District,Room in boutique hotel,Private room,2,1.0,1 private bath,0.0,1.0,313.0,1,1125,1.0,4.42,4.46,4.33,4.46,4.83,4.33,t,0.1315068493150684,18
18389,within an hour,98,100,f,t,t,Midtown,Room in boutique hotel,Private room,2,1.0,1 shared bath,0.0,1.0,165.0,1,1125,2.0,4.59,4.7,4.64,4.6,4.87,4.54,t,0.1178082191780822,17
18390,within an hour,98,100,f,t,t,Flatiron District,Room in boutique hotel,Private room,2,1.0,1 private bath,0.0,1.0,392.0,1,1125,1.0,4.61,4.62,4.64,4.62,4.87,4.51,t,0.1534246575342465,18
18391,within an hour,98,100,f,t,t,Midtown,Room in boutique hotel,Private room,2,1.0,1 private bath,0.0,1.0,451.0,1,1125,2.0,4.53,4.64,4.72,4.57,4.84,4.41,t,0.1205479452054794,19
18481,within an hour,100,90,t,t,t,Bushwick,Private room in townhouse,Private room,2,1.0,1 private bath,1.0,2.0,175.0,3,28,3.0,4.91,4.92,4.91,4.96,4.79,4.8,f,0.6082191780821918,43
18495,within an hour,98,100,f,t,t,Financial District,Entire rental unit,Entire home/apt,4,1.0,1 bath,0.0,2.0,196.0,1,1125,1.0,4.75,4.85,4.95,4.85,4.76,4.6,t,0.3863013698630137,32
18501,within an hour,98,100,f,t,t,Midtown,Room in boutique hotel,Private room,2,1.0,1 shared bath,1.0,1.0,362.0,1,1125,2.0,4.81,4.88,4.92,4.84,4.94,4.65,t,0.1205479452054794,20
18502,within an hour,98,100,f,t,t,Midtown,Room in boutique hotel,Private room,2,1.0,1 shared bath,1.0,1.0,498.0,1,1125,2.0,5.0,5.0,5.0,5.0,5.0,4.0,t,0.3232876712328767,21
18503,within an hour,98,100,f,t,t,Midtown,Room in boutique hotel,Private room,2,1.0,1 shared bath,1.0,1.0,419.0,1,1125,2.0,4.56,4.67,4.61,4.56,4.92,4.53,t,0.1068493150684931,20
18504,within an hour,98,100,f,t,t,Midtown,Room in boutique hotel,Private room,2,1.0,1 shared bath,1.0,1.0,362.0,1,1125,2.0,4.91,4.86,4.77,4.82,4.82,4.73,t,0.1616438356164383,20
18505,within an hour,98,100,f,t,t,Midtown,Room in boutique hotel,Private room,4,1.0,1 shared bath,1.0,2.0,535.0,1,1125,2.0,4.8,4.8,4.8,4.8,5.0,4.8,t,0.1643835616438356,20
18506,within an hour,98,100,f,t,t,Midtown,Room in boutique hotel,Private room,4,1.0,1 shared bath,1.0,2.0,530.0,1,1125,2.0,4.86,4.9,4.81,4.95,5.0,4.76,t,0.1671232876712328,20
18507,within an hour,98,100,f,t,t,Midtown,Room in boutique hotel,Private room,4,1.0,1 shared bath,1.0,2.0,734.0,1,1125,2.0,5.0,5.0,5.0,4.89,5.0,4.89,t,0.2136986301369863,20
18508,within an hour,98,100,f,t,t,Midtown,Room in boutique hotel,Private room,4,1.0,1 shared bath,1.0,2.0,867.0,1,1125,2.0,4.7,4.6,4.9,4.4,5.0,4.5,t,0.4027397260273972,20
18538,within an hour,100,100,t,t,t,Flushing,Private room in home,Private room,2,1.0,1 private bath,1.0,1.0,79.0,3,30,3.0,4.8,4.78,4.91,4.91,4.81,4.8,t,0.6958904109589041,27
18541,within an hour,100,81,t,t,f,Queens Village,Entire home,Entire home/apt,2,1.0,1 bath,2.0,2.0,145.0,2,28,2.0,4.86,4.88,4.98,4.98,4.76,4.72,f,0.0164383561643835,40
18554,within an hour,100,99,t,t,t,Upper West Side,Private room in guest suite,Private room,2,1.0,1 private bath,1.0,2.0,497.0,2,28,2.0,4.95,4.95,4.98,4.94,5.0,4.84,t,0.1643835616438356,45
18564,within an hour,100,100,t,t,t,Sunset Park,Private room in home,Private room,2,1.0,1 private bath,2.0,3.0,170.0,3,28,3.0,4.99,4.99,5.0,5.0,4.82,4.93,f,0.4027397260273972,39
18574,within an hour,98,99,t,t,f,Clason Point,Private room in home,Private room,1,1.0,1 shared bath,1.0,1.0,60.0,2,365,2.0,4.9,4.82,4.95,4.95,4.67,4.92,f,0.136986301369863,20
18575,within an hour,98,99,t,t,f,Clason Point,Private room in home,Private room,2,1.0,1 shared bath,1.0,1.0,80.0,1,365,1.0,4.88,4.77,4.95,4.9,4.7,4.76,f,0.0767123287671232,52
18584,within an hour,100,100,f,t,t,Long Island City,Room in boutique hotel,Private room,3,1.0,1 private bath,1.0,2.0,283.0,1,1125,1.0,4.45,4.54,4.59,4.41,4.5,4.45,t,0.3013698630136986,43
18586,within an hour,100,100,f,t,t,Long Island City,Room in boutique hotel,Private room,3,1.0,1 private bath,1.0,2.0,283.0,1,1125,1.0,4.25,4.39,4.37,4.18,4.31,4.29,t,0.2054794520547945,31
18606,within an hour,100,85,t,t,t,SoHo,Entire rental unit,Entire home/apt,4,2.0,2 baths,2.0,2.0,1000.0,3,365,3.0,5.0,4.9,4.7,4.8,4.9,4.7,f,0.3342465753424657,56
18620,within an hour,100,100,t,t,t,Bath Beach,Entire loft,Entire home/apt,4,1.0,1 bath,2.0,2.0,265.0,2,1125,5.0,4.92,4.92,4.96,4.95,4.84,4.83,t,0.136986301369863,54
18665,within an hour,98,100,f,t,t,Midtown,Room in boutique hotel,Private room,4,1.0,1 shared bath,1.0,2.0,641.0,1,1125,2.0,4.62,4.77,4.77,4.69,4.69,4.46,t,0.4986301369863014,21
18696,within an hour,100,100,f,t,t,Long Island City,Room in boutique hotel,Private room,4,1.0,1 private bath,1.0,2.0,286.0,1,1125,1.0,4.31,4.36,4.66,4.54,4.44,4.36,t,0.1835616438356164,36
18698,within an hour,100,100,f,t,t,Long Island City,Room in boutique hotel,Private room,3,1.0,1 private bath,1.0,2.0,292.0,1,1125,1.0,4.19,4.17,4.52,4.46,4.6,4.44,t,0.1835616438356164,39
18701,within an hour,100,97,t,t,t,Fresh Meadows,Entire home,Entire home/apt,8,1.5,1.5 baths,3.0,4.0,228.0,4,60,5.0,4.78,4.63,4.87,4.87,4.92,4.81,f,0.6,57
18714,within a few hours,92,75,t,t,t,Kew Gardens,Private room in home,Private room,2,1.0,1 shared bath,1.0,1.0,147.0,2,28,2.0,4.91,5.0,4.83,4.91,4.87,4.87,f,0.0054794520547945,18
18734,within an hour,100,98,f,t,t,Chelsea,Private room in hostel,Private room,1,0.0,0 baths,1.0,1.0,182.0,1,180,2.0,5.0,5.0,5.0,5.0,5.0,4.0,f,0.1260273972602739,24
18735,within an hour,100,98,f,t,t,Chelsea,Private room in hostel,Private room,1,0.0,0 shared baths,1.0,1.0,182.0,1,180,2.0,4.0,3.0,5.0,5.0,5.0,5.0,f,0.1315068493150684,23
18737,within an hour,100,98,f,t,t,Chelsea,Private room in hostel,Private room,1,0.0,0 baths,1.0,1.0,182.0,1,180,2.0,5.0,5.0,5.0,5.0,5.0,5.0,f,0.1616438356164383,20
18738,within an hour,100,98,f,t,t,Chelsea,Private room in hostel,Private room,1,0.0,0 baths,1.0,1.0,168.0,1,180,2.0,4.5,5.0,4.75,4.5,5.0,4.0,f,0.1780821917808219,24
18746,within an hour,100,98,f,t,t,Chelsea,Private room in hostel,Private room,1,0.0,0 shared baths,1.0,1.0,168.0,1,180,2.0,3.0,3.0,4.0,4.5,4.0,3.0,f,0.1123287671232876,24
18749,within an hour,100,98,f,t,t,Chelsea,Private room in kezhan,Private room,1,0.0,0 shared baths,1.0,1.0,182.0,1,180,2.0,4.5,5.0,4.5,4.0,5.0,4.0,f,0.0876712328767123,27
18752,within an hour,100,98,f,t,t,Chelsea,Private room in hostel,Private room,1,0.0,0 shared baths,1.0,1.0,167.0,1,365,2.0,4.22,4.0,4.67,4.22,4.56,3.89,f,0.2657534246575342,28
18754,within an hour,100,98,f,t,t,Chelsea,Private room in hostel,Private room,1,0.0,0 shared baths,1.0,1.0,168.0,1,180,2.0,4.33,4.67,4.67,3.67,4.67,3.67,f,0.1452054794520547,23
18755,within an hour,100,98,f,t,t,Chelsea,Private room in hostel,Private room,1,0.0,0 shared baths,1.0,1.0,182.0,1,180,2.0,5.0,5.0,5.0,4.0,4.0,4.0,f,0.136986301369863,25
18783,within a few hours,95,57,f,t,t,Midland Beach,Entire home,Entire home/apt,6,2.0,2 baths,3.0,3.0,131.0,3,37,3.0,4.7,4.67,4.88,4.83,4.83,4.8,f,0.6219178082191781,59
18899,within an hour,100,96,f,t,t,Crown Heights,Private room in home,Private room,2,1.0,1 private bath,1.0,1.0,260.0,4,90,4.0,4.98,4.98,4.97,4.89,4.98,4.95,f,0.6438356164383562,40
18912,within an hour,100,100,t,t,t,East New York,Private room in home,Private room,2,1.0,1 private bath,2.0,2.0,175.0,1,1125,1.0,4.95,4.96,4.94,4.98,4.62,4.94,t,0.5780821917808219,31
18937,within a few hours,100,100,t,t,t,South Slope,Private room in townhouse,Private room,2,1.0,1 private bath,1.0,1.0,235.0,4,29,4.0,4.99,4.96,4.94,4.99,4.99,4.91,f,0.6246575342465753,32
18951,within an hour,100,100,f,t,t,Eastchester,Private room in home,Private room,2,1.0,1 private bath,1.0,2.0,180.0,1,730,1.0,4.89,4.93,5.0,4.9,4.66,4.73,t,0.5287671232876713,44
18960,within an hour,100,99,t,t,t,Crown Heights,Entire rental unit,Entire home/apt,4,1.0,1 bath,2.0,2.0,230.0,2,25,2.0,4.93,4.96,4.99,4.99,4.62,4.87,f,0.1232876712328767,61
18963,within an hour,100,97,f,t,t,Hell's Kitchen,Room in hotel,Private room,4,1.0,1 private bath,1.0,2.0,482.0,1,28,1.0,4.67,4.67,4.67,4.55,4.61,4.48,t,0.1068493150684931,26
18964,within an hour,100,97,f,t,t,Hell's Kitchen,Room in hotel,Private room,2,1.0,1 private bath,1.0,1.0,365.0,1,28,1.0,4.83,4.94,4.87,4.94,4.89,4.83,t,0.2493150684931507,26
18965,within an hour,100,97,f,t,t,Hell's Kitchen,Room in hotel,Private room,2,1.0,1 private bath,1.0,1.0,365.0,1,28,1.0,4.8,4.87,4.86,4.77,4.8,4.71,t,0.1123287671232876,26
18966,within an hour,100,97,f,t,t,Hell's Kitchen,Room in hotel,Private room,2,1.0,1 private bath,1.0,1.0,385.0,1,28,1.0,4.89,4.89,4.78,4.78,4.89,4.78,t,0.1205479452054794,24
18983,within an hour,100,93,t,t,t,Park Slope,Private room in rental unit,Private room,2,1.0,1 shared bath,1.0,1.0,147.0,2,10,2.0,4.96,4.92,4.95,4.98,4.96,4.85,f,0.6246575342465753,38
19009,within an hour,100,75,t,t,t,Lower East Side,Private room in townhouse,Private room,13,2.0,2 baths,6.0,8.0,1500.0,1,1125,1.0,4.88,4.56,4.92,5.0,4.91,4.78,f,0.1095890410958904,72
19017,within a few hours,100,78,f,t,t,Astoria,Private room in rental unit,Private room,2,1.0,1 shared bath,1.0,1.0,204.0,2,1125,4.0,4.75,4.85,4.7,4.8,4.95,4.75,f,0.4657534246575342,33
19029,within an hour,100,99,f,t,t,Hell's Kitchen,Private room in rental unit,Private room,2,2.0,2 shared baths,1.0,1.0,185.0,2,1125,2.0,4.11,3.93,4.56,4.37,4.78,4.11,t,0.0493150684931506,12
19030,within an hour,100,99,f,t,t,Hell's Kitchen,Entire rental unit,Entire home/apt,6,1.0,1 bath,4.0,4.0,1000.0,2,1125,2.0,4.0,3.78,4.54,4.36,4.5,4.1,f,0.5287671232876713,13
19049,within an hour,100,100,t,t,t,Chinatown,Entire guest suite,Entire home/apt,6,1.0,1 bath,3.0,3.0,663.0,3,90,3.0,4.94,4.93,4.95,4.98,4.88,4.85,f,0.4602739726027397,28
19063,within an hour,100,99,f,t,t,Hell's Kitchen,Entire rental unit,Entire home/apt,6,1.0,1 bath,4.0,4.0,1200.0,2,1125,2.0,4.46,4.36,4.8,4.68,4.8,4.5,f,0.5095890410958904,14
19112,within an hour,100,98,t,t,t,Bushwick,Private room in rental unit,Private room,2,1.0,1 shared bath,1.0,1.0,81.0,3,28,2.0,4.8,4.86,4.86,4.82,4.5,4.76,f,0.6712328767123288,25
19113,within an hour,100,99,t,t,t,East Flatbush,Entire home,Entire home/apt,5,1.0,1 bath,2.0,2.0,203.0,3,1125,3.0,4.84,4.79,4.95,4.97,4.68,4.83,t,0.1808219178082191,62
19164,within an hour,100,99,t,t,t,Bedford-Stuyvesant,Private room in condo,Private room,2,1.5,1.5 shared baths,1.0,1.0,150.0,1,90,1.0,4.95,4.93,4.98,4.99,4.76,4.87,t,0.2082191780821917,63
19175,within an hour,100,100,t,t,f,Sea Gate,Private room in rental unit,Private room,2,1.0,1 private bath,1.0,1.0,96.0,2,60,2.0,4.92,4.87,4.8,4.88,4.78,4.87,f,0.5561643835616439,61
19211,within a few hours,100,99,t,t,t,Astoria,Private room in rental unit,Private room,2,1.0,1 shared bath,1.0,1.0,140.0,3,365,3.0,4.97,4.96,4.96,4.94,4.73,4.91,f,0.5808219178082191,52
19227,within a few hours,100,87,f,t,t,Prospect-Lefferts Gardens,Private room in home,Private room,2,1.0,1 private bath,1.0,2.0,150.0,4,30,4.0,4.96,4.84,4.99,4.99,4.88,4.95,f,0.3150684931506849,66
19237,within an hour,100,99,f,t,t,Hell's Kitchen,Entire rental unit,Entire home/apt,10,2.0,2 baths,5.0,0.0,1000.0,2,1125,2.0,4.11,4.22,4.67,4.44,4.75,4.36,f,0.5205479452054794,13
19240,within an hour,95,85,t,t,t,Harlem,Entire rental unit,Entire home/apt,2,1.0,1 bath,1.0,1.0,249.0,4,28,8.0,4.73,4.95,4.86,4.91,4.82,4.73,f,0.0493150684931506,37
19256,within an hour,100,99,f,t,f,Harlem,Entire rental unit,Entire home/apt,4,1.0,1 bath,0.0,2.0,159.0,4,28,4.0,4.55,4.5,4.9,4.84,4.53,4.53,f,0.347945205479452,25
19257,within an hour,100,99,f,t,f,Harlem,Entire rental unit,Entire home/apt,3,1.0,1 bath,0.0,2.0,145.0,4,29,4.0,4.67,4.64,4.89,4.9,4.52,4.55,f,0.1616438356164383,32
19279,within an hour,100,90,f,t,t,Williamsburg,Private room in rental unit,Private room,2,2.0,2 shared baths,1.0,1.0,156.0,3,90,3.0,4.9,4.85,4.96,4.98,4.83,4.84,f,0.1150684931506849,67
19283,within an hour,100,93,t,t,t,Williamsburg,Private room in guest suite,Private room,2,1.0,1 private bath,1.0,1.0,207.0,3,365,3.0,4.96,4.93,4.97,4.98,4.91,4.84,f,0.3013698630136986,50
19308,within an hour,100,96,t,t,t,Williamsburg,Private room in townhouse,Private room,2,1.0,1 private bath,1.0,2.0,174.0,3,1125,3.0,4.94,4.96,4.91,4.96,4.97,4.8,f,0.1671232876712328,26
19330,within an hour,90,68,f,t,f,Coney Island,Entire home,Entire home/apt,2,2.0,2 baths,2.0,3.0,193.0,7,120,7.0,4.61,4.61,4.89,4.86,4.39,4.5,f,0.0027397260273972,40
19359,within an hour,100,91,t,t,t,Crown Heights,Private room in guest suite,Private room,2,1.0,1 private bath,2.0,3.0,186.0,3,300,3.0,4.84,4.9,4.94,4.89,4.64,4.69,f,0.1589041095890411,39
19368,within an hour,100,100,t,t,t,Crown Heights,Private room in townhouse,Private room,4,1.0,1 private bath,1.0,2.0,284.0,1,29,4.0,4.96,4.97,4.99,4.99,4.93,4.84,f,0.1205479452054794,59
19374,within an hour,100,100,t,t,t,Gerritsen Beach,Private room in condo,Private room,2,1.0,1 private bath,1.0,3.0,184.0,1,365,1.0,4.98,4.94,4.98,4.92,4.84,4.86,f,0.5342465753424658,59
19386,within an hour,100,98,t,t,t,East Elmhurst,Private room in home,Private room,2,1.0,1 shared bath,1.0,2.0,95.0,2,21,2.0,4.77,4.81,4.82,4.74,4.59,4.72,f,0.2082191780821917,29
19394,within an hour,100,98,t,t,t,Canarsie,Entire home,Entire home/apt,8,2.0,2 baths,4.0,4.0,350.0,3,1125,3.0,4.92,4.89,4.96,4.98,4.76,4.79,f,0.1342465753424657,42
19431,within an hour,76,100,f,t,t,Hell's Kitchen,Room in hotel,Private room,2,1.0,1 bath,1.0,1.0,225.0,1,365,1.0,4.39,4.54,4.57,4.42,4.78,4.31,t,0.2301369863013698,14
19434,within an hour,76,100,f,t,t,Hell's Kitchen,Room in hotel,Private room,2,1.0,1 bath,1.0,1.0,240.0,1,365,1.0,4.02,4.24,4.16,4.0,4.7,4.14,t,0.1863013698630137,15
19435,within an hour,76,100,f,t,t,Hell's Kitchen,Room in hotel,Private room,2,1.0,1 bath,1.0,1.0,240.0,1,365,1.0,4.44,4.46,4.64,4.44,4.74,4.32,t,0.1863013698630137,14
19436,within an hour,76,100,f,t,t,Hell's Kitchen,Room in hotel,Private room,2,1.0,1 bath,1.0,1.0,240.0,1,365,1.0,4.26,4.43,4.38,4.18,4.67,4.26,t,0.1863013698630137,14
19440,within an hour,100,100,f,t,t,Sheepshead Bay,Entire bungalow,Entire home/apt,2,1.0,1 bath,2.0,2.0,312.0,1,365,1.0,4.6,4.58,4.93,4.88,4.69,4.49,t,0.0465753424657534,52
19441,within a day,100,99,t,t,t,Jamaica,Entire guest suite,Entire home/apt,2,1.0,1 bath,1.0,1.0,106.0,2,20,3.0,4.85,4.87,4.94,4.81,4.65,4.8,f,0.6,42
19446,within an hour,100,98,t,t,t,Ditmars Steinway,Private room in rental unit,Private room,2,1.0,1 private bath,1.0,1.0,174.0,5,21,5.0,4.97,5.0,4.97,4.98,4.92,4.89,f,0.1534246575342465,84
19456,within an hour,100,100,t,t,t,Greenpoint,Private room in rental unit,Private room,2,1.0,1 shared bath,1.0,1.0,206.0,3,18,3.0,5.0,5.0,5.0,5.0,4.99,4.97,f,0.6027397260273972,56
19459,within a few hours,100,100,t,t,t,Hollis,Private room in home,Private room,2,1.0,1 shared bath,1.0,1.0,83.0,2,365,2.0,4.53,4.68,4.68,4.68,4.38,4.49,f,0.0657534246575342,59
19479,within an hour,100,98,f,t,t,Bedford-Stuyvesant,Private room in rental unit,Private room,2,1.0,1 shared bath,1.0,1.0,82.0,2,365,2.0,4.76,4.68,4.86,4.79,4.66,4.71,f,0.4712328767123288,35
19480,within an hour,100,92,t,t,t,Jamaica,Private room in home,Private room,5,1.5,1.5 baths,3.0,3.0,195.0,5,21,5.0,4.77,4.69,4.81,4.79,4.77,4.75,f,0.0273972602739726,49
19528,within an hour,100,100,t,t,f,Sea Gate,Private room in rental unit,Private room,2,1.0,1 shared bath,0.0,1.0,96.0,2,365,2.0,4.91,4.91,4.91,4.94,4.7,4.77,f,0.536986301369863,68
19531,within an hour,100,100,f,t,t,East Flatbush,Private room in rental unit,Private room,2,1.0,1 shared bath,2.0,3.0,146.0,3,730,3.0,4.56,4.67,4.92,4.94,4.21,4.55,f,0.1095890410958904,41
19532,within an hour,100,100,t,t,t,Pelham Gardens,Private room in rental unit,Private room,3,1.0,1 private bath,1.0,2.0,125.0,4,29,4.0,4.86,4.85,4.93,4.92,4.9,4.81,f,0.0767123287671232,51
19539,within an hour,100,97,t,t,t,Ridgewood,Entire rental unit,Entire home/apt,2,1.0,1 bath,2.0,2.0,292.0,2,21,2.0,5.0,4.99,4.99,4.97,4.88,4.9,f,0.6082191780821918,63
19550,within an hour,100,99,f,t,t,Hell's Kitchen,Private room in rental unit,Private room,2,1.0,1 shared bath,1.0,0.0,214.0,2,1125,2.0,4.0,3.65,4.65,4.41,4.59,3.76,t,0.5068493150684932,12
19563,within an hour,100,100,t,t,t,Lower East Side,Entire rental unit,Entire home/apt,2,1.0,1 bath,1.0,1.0,313.0,1,365,2.0,4.88,4.91,4.92,4.91,4.9,4.72,t,0.0931506849315068,31
19573,within an hour,100,100,f,t,t,Canarsie,Entire rental unit,Entire home/apt,2,1.0,1 bath,1.0,1.0,158.0,3,1125,3.0,4.82,4.8,4.94,4.97,4.7,4.77,f,0.1013698630136986,39
19603,within an hour,100,100,t,t,t,Nolita,Entire rental unit,Entire home/apt,2,1.0,1 bath,1.0,1.0,313.0,1,365,2.0,4.95,4.89,4.93,4.92,4.91,4.81,t,0.3013698630136986,31
19610,within an hour,100,100,t,t,t,Nolita,Entire rental unit,Entire home/apt,2,1.0,1 bath,1.0,1.0,254.0,1,365,2.0,4.88,4.97,4.95,4.98,4.91,4.73,t,0.1315068493150684,29
19615,within an hour,100,98,t,t,t,Williamsburg,Entire guest suite,Entire home/apt,2,1.0,1 bath,1.0,1.0,248.0,3,60,3.0,4.98,4.98,4.98,4.98,4.95,4.83,f,0.3589041095890411,49
19632,within an hour,100,100,t,t,t,East Village,Private room in condo,Private room,2,1.0,1 shared bath,1.0,1.0,179.0,1,18,1.0,4.94,4.94,4.97,4.98,4.84,4.83,t,0.421917808219178,33
19637,within a few hours,100,94,t,t,t,Crown Heights,Entire townhouse,Entire home/apt,8,2.0,2 baths,3.0,4.0,650.0,2,29,3.0,4.94,4.91,4.97,4.97,4.79,4.83,f,0.6328767123287671,50
19647,within an hour,100,100,f,t,t,Midtown,Entire rental unit,Entire home/apt,4,1.0,1 bath,1.0,4.0,186.0,1,1125,3.0,4.62,4.63,4.82,4.72,4.91,4.57,t,0.2273972602739726,43
19651,within an hour,100,93,t,f,t,East Flatbush,Private room in home,Private room,2,1.0,1 private bath,2.0,2.0,130.0,3,30,3.0,4.79,4.88,4.87,4.84,4.17,4.71,f,0.073972602739726,48
19700,within an hour,100,91,f,t,t,East Elmhurst,Private room in home,Private room,2,1.0,1 private bath,1.0,1.0,239.0,1,730,1.0,4.91,4.91,4.94,4.92,4.87,4.81,f,0.5150684931506849,47
19707,within an hour,100,99,f,t,t,Sunset Park,Private room in rental unit,Private room,1,1.0,1 shared bath,1.0,1.0,128.0,1,1125,2.0,4.73,4.55,4.82,4.74,4.76,4.67,f,0.1287671232876712,26
19711,within an hour,99,100,f,t,t,Midtown,Entire rental unit,Entire home/apt,4,1.0,1 bath,1.0,2.0,455.0,1,365,99.0,4.55,4.71,4.65,4.67,4.9,4.48,t,0.5643835616438356,24
19717,within a few hours,100,98,t,t,t,Midtown,Private room in condo,Private room,2,1.0,1 private bath,1.0,1.0,262.0,2,14,2.0,4.97,4.95,4.97,4.98,4.98,4.89,f,0.3232876712328767,43
19772,within an hour,100,100,f,t,t,Midtown,Entire rental unit,Entire home/apt,5,1.0,1 bath,0.0,3.0,305.0,4,30,5.0,4.63,4.69,4.71,4.76,4.84,4.53,t,0.1534246575342465,18
19777,within an hour,100,98,f,t,t,Bedford-Stuyvesant,Private room in rental unit,Private room,2,0.0,0 shared baths,1.0,1.0,54.0,30,1125,30.0,4.67,4.62,4.9,4.86,4.59,4.61,t,0.3342465753424657,33
19779,within an hour,100,97,t,t,t,Bedford-Stuyvesant,Private room in rental unit,Private room,2,1.0,1 shared bath,1.0,1.0,105.0,1,21,1.0,4.92,4.9,4.98,4.92,4.8,4.8,f,0.6109589041095891,49
19783,within an hour,100,92,t,t,t,East Flatbush,Private room in townhouse,Private room,2,1.0,1 private bath,2.0,2.0,231.0,1,45,5.0,5.0,4.89,5.0,5.0,4.68,4.86,f,0.5068493150684932,42
19795,within an hour,100,100,t,t,t,Lower East Side,Entire rental unit,Entire home/apt,2,1.0,1 bath,1.0,1.0,212.0,1,365,2.0,4.89,4.92,4.93,4.9,4.89,4.75,t,0.1260273972602739,33
19820,within a few hours,100,100,t,t,t,Flushing,Private room in condo,Private room,2,1.0,1 private bath,1.0,1.0,95.0,2,60,2.0,4.84,4.65,4.88,4.91,4.72,4.7,f,0.1589041095890411,30
19877,within an hour,100,100,t,t,t,Lower East Side,Entire rental unit,Entire home/apt,2,1.0,1 bath,1.0,1.0,192.0,1,365,2.0,4.88,4.89,4.94,4.92,4.89,4.71,t,0.0547945205479452,32
19903,within an hour,100,100,t,t,t,Clifton,Entire home,Entire home/apt,9,1.5,1.5 baths,3.0,6.0,456.0,2,365,2.0,4.88,4.81,4.94,4.91,4.53,4.84,f,0.6958904109589041,56
19908,within an hour,100,100,t,t,t,Lower East Side,Entire rental unit,Entire home/apt,2,1.0,1 bath,1.0,1.0,219.0,1,365,2.0,4.88,4.9,4.95,4.91,4.89,4.66,t,0.1123287671232876,29
19974,within an hour,100,92,f,t,t,Midtown,Entire rental unit,Entire home/apt,7,1.0,1 bath,0.0,3.0,266.0,1,1125,7.0,4.67,4.62,4.84,4.87,4.94,4.59,t,0.1205479452054794,31
20042,within an hour,97,100,t,t,t,Financial District,Room in aparthotel,Entire home/apt,2,1.0,1 bath,1.0,1.0,444.0,1,365,4.0,4.54,4.85,4.87,4.79,4.74,4.36,t,0.1561643835616438,47
20043,within an hour,100,94,f,t,t,Lower East Side,Entire rental unit,Entire home/apt,4,1.0,1 bath,1.0,2.0,766.0,1,365,1.0,4.73,4.73,4.76,4.84,4.86,4.46,t,0.0493150684931506,25
20044,within an hour,100,94,f,t,t,Lower East Side,Entire rental unit,Entire home/apt,3,1.0,1 bath,1.0,1.0,303.0,1,365,1.0,4.87,4.81,4.74,4.68,4.9,4.77,t,0.0164383561643835,30
20045,within an hour,100,94,f,t,t,Lower East Side,Entire rental unit,Entire home/apt,4,1.0,1 bath,1.0,2.0,388.0,1,365,1.0,4.7,4.81,4.7,4.81,4.95,4.57,t,0.0136986301369863,23
20046,within an hour,100,94,f,t,t,Lower East Side,Entire rental unit,Entire home/apt,4,1.0,1 bath,1.0,2.0,837.0,1,365,1.0,4.59,4.71,4.59,4.59,4.76,4.35,t,0.0136986301369863,34
20049,within a few hours,100,75,f,t,t,Clason Point,Entire rental unit,Entire home/apt,3,1.0,1 bath,2.0,2.0,364.0,1,365,1.0,5.0,5.0,5.0,5.0,4.71,4.86,f,0.0,38
20051,within an hour,100,100,t,t,t,Bedford-Stuyvesant,Entire townhouse,Entire home/apt,5,1.0,1 bath,3.0,3.0,394.0,3,90,3.0,4.95,4.96,4.99,4.99,4.53,4.8,t,0.0931506849315068,53
20055,within an hour,100,81,t,t,f,Flatbush,Private room in townhouse,Private room,1,1.0,1 shared bath,1.0,1.0,56.0,5,30,5.0,4.97,4.96,4.95,4.97,4.82,4.96,f,0.210958904109589,44
20062,within an hour,100,100,t,t,t,Cypress Hills,Entire townhouse,Entire home/apt,4,1.0,1 bath,2.0,2.0,173.0,5,20,5.0,4.9,4.92,4.92,4.94,4.31,4.84,f,0.1726027397260274,50
20066,within an hour,100,100,t,t,t,Lower East Side,Entire rental unit,Entire home/apt,2,1.0,1 bath,1.0,1.0,205.0,1,365,2.0,4.87,4.89,4.92,4.92,4.88,4.71,t,0.0684931506849315,33
20070,within an hour,100,99,f,t,f,Harlem,Entire rental unit,Entire home/apt,3,1.0,1 bath,0.0,2.0,143.0,4,29,4.0,4.65,4.69,4.81,4.91,4.6,4.63,f,0.1643835616438356,25
20072,within an hour,100,100,f,t,t,Long Island City,Room in hotel,Private room,2,1.0,1 private bath,1.0,1.0,292.0,1,30,1.0,4.0,4.36,4.45,4.18,4.36,4.0,t,0.1205479452054794,31
20092,within an hour,100,100,t,t,t,Lower East Side,Entire rental unit,Entire home/apt,2,1.0,1 bath,1.0,1.0,244.0,1,365,2.0,4.9,4.94,4.93,4.92,4.92,4.8,t,0.1808219178082191,35
20096,within an hour,100,94,f,t,t,Lower East Side,Entire rental unit,Entire home/apt,3,1.0,1 bath,1.0,2.0,444.0,1,365,1.0,4.5,4.73,4.6,4.4,4.73,4.27,t,0.021917808219178,33
20110,within an hour,100,100,t,t,t,Chelsea,Entire rental unit,Entire home/apt,5,1.0,1 bath,0.0,3.0,200.0,4,29,4.0,4.73,4.83,4.84,4.81,4.91,4.63,t,0.3041095890410959,28
20111,within an hour,100,100,t,t,t,Midtown,Entire rental unit,Entire home/apt,5,1.0,1 bath,0.0,3.0,211.0,4,28,4.0,4.69,4.86,4.86,4.86,4.9,4.63,t,0.2657534246575342,30
20124,within an hour,100,100,t,t,t,Washington Heights,Entire rental unit,Entire home/apt,5,1.0,1 bath,2.0,2.0,321.0,5,28,5.0,4.84,4.87,4.91,4.9,4.69,4.74,f,0.0876712328767123,51
20147,within an hour,100,100,t,t,t,Nolita,Entire rental unit,Entire home/apt,2,1.0,1 bath,1.0,1.0,234.0,1,365,2.0,4.89,4.89,4.95,4.91,4.9,4.75,t,0.0958904109589041,29
20162,within an hour,100,100,t,t,t,East Elmhurst,Entire rental unit,Entire home/apt,6,2.0,2 baths,3.0,3.0,201.0,2,27,2.0,4.87,4.92,4.93,4.91,4.8,4.81,t,0.2027397260273972,52
20163,within an hour,98,100,f,t,t,Tribeca,Room in boutique hotel,Private room,2,1.0,1 shared bath,0.0,1.0,308.0,1,1125,1.0,4.62,4.62,4.79,4.76,4.81,4.53,t,0.1068493150684931,20
20164,within an hour,98,100,f,t,t,Tribeca,Room in boutique hotel,Private room,4,1.0,1 shared bath,0.0,2.0,351.0,1,1125,1.0,4.69,4.65,4.9,4.81,4.98,4.46,t,0.1753424657534246,20
20165,within an hour,98,100,f,t,t,Tribeca,Room in boutique hotel,Private room,2,1.0,1 bath,0.0,1.0,365.0,1,1125,1.0,4.43,4.47,4.6,4.37,4.63,4.4,t,0.1534246575342465,20
20166,within an hour,98,100,f,t,t,Tribeca,Room in boutique hotel,Private room,2,1.0,1 shared bath,0.0,1.0,263.0,1,1125,1.0,4.46,4.67,4.71,4.46,4.88,4.13,t,0.2465753424657534,20
20168,within an hour,98,100,f,t,t,Tribeca,Room in boutique hotel,Private room,4,1.0,1 shared bath,1.0,2.0,336.0,1,1125,1.0,4.74,4.79,4.84,4.79,4.79,4.47,t,0.673972602739726,20
20170,within an hour,98,100,f,t,t,Tribeca,Room in boutique hotel,Private room,4,2.0,2 shared baths,0.0,2.0,410.0,1,1125,2.0,4.86,4.79,4.93,4.79,4.79,4.64,t,0.3095890410958904,20
20174,within an hour,100,94,f,t,t,Lower East Side,Entire rental unit,Entire home/apt,4,1.0,1 bath,1.0,2.0,385.0,1,365,1.0,4.5,4.43,4.5,4.61,4.79,4.46,t,0.0547945205479452,31
20175,within an hour,100,94,f,t,t,Lower East Side,Entire rental unit,Entire home/apt,2,1.0,1 bath,1.0,1.0,303.0,1,365,1.0,4.63,4.73,4.55,4.68,4.95,4.48,t,0.021917808219178,32
20176,within an hour,100,94,f,t,t,Lower East Side,Entire rental unit,Entire home/apt,2,1.0,1 bath,1.0,1.0,258.0,1,365,1.0,4.62,4.69,4.69,4.49,4.69,4.54,t,0.0493150684931506,31
20191,within an hour,100,93,t,t,t,Kew Gardens,Private room in rental unit,Private room,2,1.0,1 private bath,1.0,1.0,100.0,2,28,2.0,4.83,4.69,4.83,4.82,4.83,4.72,f,0.1260273972602739,33
20204,within an hour,100,94,f,t,t,Lower East Side,Entire rental unit,Entire home/apt,4,1.0,1 bath,1.0,4.0,793.0,1,365,1.0,4.97,4.86,4.93,4.97,5.0,4.69,t,0.0136986301369863,25
20223,within an hour,100,100,t,t,t,Bushwick,Private room in rental unit,Private room,2,1.0,1 shared bath,1.0,1.0,105.0,3,29,3.0,4.91,4.84,4.95,4.99,4.88,4.88,f,0.3616438356164383,63
20228,within an hour,100,100,t,t,f,Crown Heights,Entire rental unit,Entire home/apt,2,1.0,1 bath,2.0,2.0,204.0,4,14,4.0,4.88,4.92,4.92,4.94,4.34,4.85,f,0.1342465753424657,40
20254,within an hour,100,92,t,t,t,Rockaway Beach,Private room in bungalow,Private room,2,1.0,1 private bath,2.0,2.0,146.0,1,1125,1.0,4.98,4.97,5.0,4.97,4.94,4.94,f,0.3178082191780822,64
20263,within an hour,91,99,f,t,t,Port Morris,Entire serviced apartment,Entire home/apt,2,1.0,1 bath,0.0,1.0,194.0,1,1125,30.0,4.11,4.28,4.11,4.17,3.89,3.98,t,0.0054794520547945,45
20277,within a few hours,100,97,t,t,t,Williamsburg,Private room in townhouse,Private room,2,1.5,1.5 baths,1.0,1.0,225.0,1,10,1.0,4.89,4.8,4.96,4.93,4.95,4.82,f,0.6602739726027397,68
20287,within an hour,100,100,t,f,f,College Point,Private room in home,Private room,4,1.0,1 private bath,2.0,2.0,92.0,2,28,2.0,4.64,4.69,4.81,4.83,4.54,4.61,t,0.2136986301369863,27
20293,within an hour,100,100,t,t,t,East Flatbush,Private room in home,Private room,2,1.0,1 shared bath,1.0,1.0,68.0,3,25,3.0,4.82,4.81,4.94,4.9,4.52,4.78,f,0.2684931506849315,27
20302,within an hour,100,98,f,f,f,Canarsie,Entire home,Entire home/apt,2,1.0,1 bath,1.0,1.0,116.0,2,1125,2.0,4.76,4.99,4.93,4.87,4.66,4.69,f,0.0301369863013698,45
20306,within an hour,100,96,t,t,t,Bushwick,Entire serviced apartment,Entire home/apt,2,1.0,1 bath,2.0,2.0,305.0,2,28,2.0,4.97,4.95,4.99,4.97,4.73,4.89,f,0.1205479452054794,59
20322,within an hour,100,90,f,t,t,West Brighton,Private room in home,Private room,2,1.0,1 private bath,1.0,2.0,109.0,4,365,4.0,4.78,4.76,4.87,4.84,4.84,4.76,f,0.0876712328767123,50
20391,within an hour,100,100,t,t,f,Harlem,Private room in rental unit,Private room,1,2.0,2 baths,1.0,1.0,99.0,1,365,1.0,4.95,4.95,4.95,4.99,4.85,4.93,t,0.336986301369863,52
20410,within an hour,100,100,t,t,t,Mariners Harbor,Private room in home,Private room,1,1.0,1 shared bath,1.0,1.0,75.0,2,30,2.0,4.9,4.88,4.98,4.98,4.76,4.86,f,0.0630136986301369,17
20440,within an hour,90,100,t,t,t,Bedford-Stuyvesant,Private room in townhouse,Private room,2,1.0,1 private bath,1.0,1.0,150.0,2,365,2.0,4.93,4.91,4.94,4.97,4.72,4.9,t,0.1835616438356164,54
20469,within an hour,100,90,f,t,t,Williamsburg,Private room in rental unit,Private room,2,2.0,2 shared baths,1.0,1.0,156.0,3,90,3.0,4.96,4.93,4.96,4.95,4.79,4.85,f,0.136986301369863,63
20475,within a day,100,94,t,t,f,Ditmars Steinway,Private room in rental unit,Private room,2,1.0,1 shared bath,1.0,1.0,133.0,2,30,2.0,4.96,4.98,4.95,5.0,4.84,4.78,f,0.1616438356164383,49
20492,within an hour,94,100,f,t,t,Greenpoint,Room in hotel,Private room,2,1.0,1 private bath,1.0,1.0,399.0,1,1125,1.0,4.88,5.0,4.97,4.88,4.68,4.62,f,0.5616438356164384,25
20493,within an hour,94,100,f,t,t,Greenpoint,Room in hotel,Private room,2,1.0,1 private bath,1.0,1.0,399.0,1,1125,1.0,4.75,4.88,4.85,4.83,4.7,4.68,t,0.5753424657534246,25
20494,within an hour,94,100,f,t,t,Greenpoint,Room in hotel,Private room,2,1.0,1 private bath,1.0,1.0,399.0,1,1125,1.0,4.83,4.9,4.95,4.86,4.79,4.69,f,0.5671232876712329,24
20497,within an hour,100,100,t,t,f,Flatbush,Private room in home,Private room,2,1.0,1 private bath,1.0,2.0,133.0,2,27,2.0,4.92,4.93,4.92,4.94,4.87,4.85,f,0.410958904109589,60
20499,within an hour,100,99,f,t,t,Hell's Kitchen,Entire rental unit,Entire home/apt,10,2.0,2 baths,5.0,5.0,1200.0,2,30,2.0,4.35,4.15,4.71,4.56,4.76,4.29,f,0.5095890410958904,14
20501,within an hour,91,99,f,t,t,Port Morris,Entire serviced apartment,Entire home/apt,4,1.0,1 bath,0.0,1.0,232.0,1,1125,30.0,4.35,4.65,4.25,3.85,4.2,4.15,t,0.0383561643835616,48
20502,within an hour,91,99,f,t,t,Port Morris,Entire serviced apartment,Entire home/apt,4,1.0,1 bath,0.0,1.0,256.0,1,1125,30.0,3.85,3.95,4.05,3.7,4.05,3.85,t,0.0383561643835616,45
20503,within an hour,91,99,f,t,t,Port Morris,Entire serviced apartment,Entire home/apt,2,1.0,1 bath,0.0,2.0,217.0,1,1125,30.0,4.07,3.93,4.07,4.07,4.36,3.79,t,0.0356164383561643,47
20519,within an hour,91,99,f,t,t,Port Morris,Entire serviced apartment,Entire home/apt,2,1.0,1 bath,0.0,1.0,181.0,1,1125,30.0,3.94,4.42,4.0,3.67,3.82,4.03,t,0.0054794520547945,45
20520,within an hour,97,100,t,t,t,Financial District,Room in aparthotel,Entire home/apt,4,1.0,1 bath,1.0,1.0,577.0,1,1125,4.0,4.64,4.81,4.64,4.66,4.84,4.64,t,0.1698630136986301,47
20521,within an hour,97,100,t,t,t,Financial District,Room in aparthotel,Entire home/apt,8,2.0,2 baths,4.0,4.0,1133.0,1,1125,4.0,4.79,4.82,4.89,4.87,4.93,4.59,t,0.2054794520547945,47
20530,within an hour,100,95,f,t,t,Maspeth,Private room in home,Private room,2,1.0,1 private bath,1.0,4.0,104.0,1,29,1.0,4.78,4.81,4.91,4.89,4.71,4.75,f,0.0493150684931506,27
20531,within an hour,100,100,t,t,t,Mariners Harbor,Entire home,Entire home/apt,4,1.0,1 bath,2.0,2.0,171.0,3,28,5.0,4.98,5.0,4.96,4.98,4.87,4.96,f,0.5150684931506849,57
20533,within an hour,97,100,t,t,t,Financial District,Room in aparthotel,Entire home/apt,4,1.0,1 bath,0.0,2.0,380.0,1,1125,4.0,4.81,4.85,4.89,4.81,4.85,4.68,t,0.1506849315068493,44
20537,within an hour,95,94,f,t,f,Bushwick,Entire rental unit,Entire home/apt,4,1.0,1 bath,2.0,2.0,325.0,3,1125,3.0,4.4,4.32,4.6,4.24,4.52,4.28,f,0.0246575342465753,48
20547,within an hour,90,100,t,t,t,Williamsburg,Private room in rental unit,Private room,2,1.0,1 private bath,2.0,2.0,269.0,2,365,2.0,4.86,4.97,4.83,4.89,4.83,4.54,f,0.0821917808219178,27
20561,within an hour,100,100,t,t,t,Bedford-Stuyvesant,Private room in guest suite,Private room,2,1.0,1 private bath,1.0,2.0,168.0,3,30,4.0,4.88,4.94,4.96,4.9,4.8,4.85,f,0.1945205479452054,26
20600,within an hour,90,100,f,t,t,Midtown,Entire rental unit,Entire home/apt,5,1.0,1 bath,1.0,2.0,174.0,1,1125,3.0,4.53,4.39,4.68,4.77,4.82,4.28,t,0.1671232876712328,44
20611,within an hour,100,100,t,t,t,Prospect-Lefferts Gardens,Private room in home,Private room,2,1.0,1 private bath,1.0,1.0,150.0,3,365,3.0,4.97,4.85,4.99,5.0,4.93,4.93,f,0.147945205479452,45
20618,within an hour,100,98,f,t,t,Sheepshead Bay,Entire condo,Entire home/apt,4,1.0,1 bath,1.0,3.0,182.0,1,1125,1.0,4.81,4.85,4.89,4.92,4.77,4.65,t,0.1205479452054794,63
20628,within an hour,100,100,t,t,t,East Elmhurst,Private room in home,Private room,2,1.5,1.5 baths,1.0,2.0,123.0,1,28,1.0,4.94,4.87,4.95,4.98,4.86,4.9,f,0.6602739726027397,42
20651,within an hour,100,100,t,t,t,Lower East Side,Entire rental unit,Entire home/apt,4,1.0,1 bath,1.0,2.0,272.0,1,365,2.0,4.85,4.88,4.91,4.85,4.87,4.7,t,0.0958904109589041,27
20672,within an hour,97,100,t,t,t,Financial District,Room in aparthotel,Entire home/apt,6,1.0,1 bath,3.0,3.0,829.0,1,1125,4.0,4.69,4.82,4.83,4.74,4.83,4.61,t,0.2273972602739726,47
20673,within an hour,97,100,t,t,t,Financial District,Room in aparthotel,Entire home/apt,4,1.0,1 bath,2.0,2.0,695.0,1,1125,4.0,4.68,4.8,4.88,4.75,4.78,4.54,t,0.147945205479452,48
20675,within an hour,97,100,t,t,t,Financial District,Room in aparthotel,Entire home/apt,8,1.5,1.5 baths,4.0,4.0,1097.0,1,1125,4.0,4.76,4.74,4.85,4.78,4.88,4.61,t,0.147945205479452,46
20676,within an hour,97,100,t,t,t,Financial District,Room in aparthotel,Entire home/apt,4,1.0,1 bath,1.0,2.0,563.0,1,1125,4.0,4.94,4.94,4.94,4.97,4.89,4.81,t,0.1808219178082191,45
20677,within an hour,97,100,t,t,t,Financial District,Room in aparthotel,Entire home/apt,2,1.0,1 bath,1.0,1.0,375.0,1,1125,4.0,4.57,4.71,4.74,4.7,4.87,4.56,t,0.1561643835616438,50
20683,within an hour,100,98,t,t,t,Crown Heights,Entire rental unit,Entire home/apt,2,1.0,1 bath,1.0,1.0,196.0,2,15,2.0,4.8,4.76,4.94,4.92,4.51,4.77,f,0.6164383561643836,43
20715,within an hour,100,99,f,t,t,Theater District,Entire serviced apartment,Entire home/apt,5,1.0,1 bath,2.0,2.0,739.0,7,28,10.0,4.78,4.75,4.94,4.86,4.75,4.49,t,0.0027397260273972,47
20739,within an hour,100,100,t,t,t,Lower East Side,Entire rental unit,Entire home/apt,2,1.0,1 bath,1.0,1.0,187.0,1,365,2.0,4.89,4.9,4.92,4.91,4.91,4.71,t,0.1698630136986301,27
20757,within an hour,91,99,f,t,t,Port Morris,Entire serviced apartment,Entire home/apt,4,1.0,1 bath,0.0,1.0,242.0,1,1125,30.0,3.67,3.83,3.92,3.5,3.5,3.42,t,0.0575342465753424,48
20758,within an hour,91,99,f,t,t,Port Morris,Entire serviced apartment,Entire home/apt,3,1.0,1 bath,0.0,1.0,250.0,1,1125,30.0,5.0,5.0,4.0,5.0,1.0,3.0,t,0.0273972602739726,48
20775,within an hour,100,100,t,t,f,Bedford-Stuyvesant,Entire rental unit,Entire home/apt,5,2.0,2 baths,2.0,3.0,519.0,4,60,4.0,4.96,4.99,4.99,5.0,4.68,4.79,f,0.0684931506849315,76
20808,within an hour,100,97,t,t,t,East Flatbush,Entire guest suite,Entire home/apt,2,1.0,1 bath,1.0,2.0,228.0,2,27,1.0,4.97,4.97,4.98,5.0,4.71,4.9,f,0.3013698630136986,49
20916,within a few hours,100,100,t,t,t,Flushing,Private room in rental unit,Private room,2,1.0,1 shared bath,1.0,1.0,84.0,2,60,2.0,4.92,4.85,5.0,5.0,4.85,4.96,f,0.1863013698630137,18
20921,within an hour,100,100,t,t,t,Lower East Side,Entire rental unit,Entire home/apt,2,1.0,1 bath,1.0,1.0,263.0,1,365,2.0,4.85,4.93,4.95,4.89,4.85,4.78,t,0.0958904109589041,28
20924,within an hour,100,97,t,t,t,Morris Park,Private room,Private room,2,1.0,1 shared bath,1.0,1.0,182.0,2,29,2.0,4.96,4.94,4.99,5.0,4.88,4.78,f,0.0410958904109589,57
20926,within an hour,94,96,f,t,t,Upper West Side,Entire rental unit,Entire home/apt,4,1.0,1 bath,1.0,2.0,581.0,1,365,3.0,4.67,4.67,5.0,5.0,5.0,4.33,t,0.5534246575342465,28
20927,within an hour,94,96,f,t,t,Upper West Side,Entire serviced apartment,Entire home/apt,4,1.0,1 bath,1.0,2.0,581.0,1,365,3.0,4.8,4.67,5.0,4.93,4.87,4.6,t,0.5534246575342465,28
20928,within an hour,94,96,f,t,t,Upper West Side,Entire serviced apartment,Entire home/apt,2,1.0,1 bath,0.0,1.0,536.0,1,365,3.0,5.0,5.0,5.0,5.0,5.0,4.8,t,0.5232876712328767,28
20930,within an hour,94,96,f,t,t,Upper West Side,Entire serviced apartment,Entire home/apt,4,1.0,1 bath,1.0,2.0,693.0,1,365,3.0,4.78,4.89,4.89,5.0,5.0,4.56,t,0.4876712328767123,28
20951,within an hour,100,100,t,t,t,Prospect Heights,Entire home,Entire home/apt,2,1.0,1 bath,1.0,2.0,284.0,3,365,5.0,4.92,4.98,4.96,4.99,4.96,4.83,f,0.1041095890410958,36
20966,within an hour,100,99,f,t,t,Midtown,Entire rental unit,Entire home/apt,5,1.0,1 bath,1.0,3.0,229.0,1,365,7.0,4.67,4.62,4.82,4.82,4.85,4.36,t,0.2301369863013698,34
20979,within an hour,100,97,t,t,t,Astoria,Entire rental unit,Entire home/apt,10,2.0,2 baths,4.0,8.0,548.0,5,60,5.0,4.99,5.0,5.0,4.97,4.96,4.92,f,0.4054794520547945,48
20985,within an hour,100,98,t,t,t,Midtown,Entire rental unit,Entire home/apt,3,1.0,1 bath,1.0,2.0,199.0,1,365,6.0,4.76,4.84,4.94,4.95,4.92,4.56,t,0.5972602739726027,34
20987,within an hour,100,91,t,t,t,Bushwick,Private room in home,Private room,2,1.0,1 private bath,1.0,1.0,156.0,1,60,1.0,4.78,4.8,4.84,4.91,4.82,4.7,f,0.0273972602739726,43
20995,within an hour,100,98,t,t,t,Midtown,Private room in rental unit,Private room,3,1.0,1 bath,1.0,2.0,298.0,1,365,6.0,4.63,5.0,5.0,4.88,5.0,4.13,f,0.5972602739726027,30
21009,within an hour,100,99,f,t,t,Midtown,Entire rental unit,Entire home/apt,5,1.0,1 bath,1.0,3.0,202.0,1,365,6.0,4.6,4.6,4.8,4.87,5.0,4.6,t,0.1589041095890411,23
21014,within an hour,98,100,f,t,t,Midtown,Private room in rental unit,Private room,3,0.0,0 shared baths,1.0,2.0,63.0,1,365,1.0,4.25,4.23,4.6,4.48,4.83,4.35,t,0.4191780821917808,34
21019,within an hour,100,100,t,t,t,Bushwick,Private room in townhouse,Private room,1,1.0,1 shared bath,1.0,1.0,148.0,2,60,2.0,4.95,4.87,4.94,4.9,4.73,4.8,f,0.0520547945205479,46
21024,within an hour,100,100,f,t,t,Astoria,Private room in rental unit,Private room,2,1.0,1 shared bath,1.0,1.0,104.0,1,365,1.0,4.78,4.6,4.86,4.9,4.88,4.67,f,0.1917808219178082,34
21031,within an hour,100,100,f,t,t,Astoria,Private room in bungalow,Private room,2,1.0,1 private bath,1.0,1.0,112.0,1,365,1.0,4.75,4.51,4.91,4.92,4.86,4.72,t,0.1972602739726027,32
21032,within a few hours,100,93,t,t,f,Crown Heights,Entire home,Entire home/apt,5,1.0,1 bath,3.0,3.0,209.0,1,730,1.0,4.87,4.83,4.89,4.87,4.43,4.77,f,0.2246575342465753,46
21035,within an hour,100,100,f,t,t,Astoria,Private room in bungalow,Private room,2,1.0,1 shared bath,1.0,1.0,101.0,1,365,1.0,4.66,4.53,4.91,4.9,4.79,4.6,f,0.2876712328767123,32
21036,within an hour,100,100,f,t,t,Astoria,Private room in bungalow,Private room,2,1.0,1 shared bath,1.0,1.0,102.0,1,365,1.0,4.74,4.66,4.94,4.88,4.74,4.71,f,0.1616438356164383,33
21042,within an hour,98,100,f,t,t,Midtown,Private room in rental unit,Private room,3,0.0,0 shared baths,1.0,2.0,68.0,1,365,1.0,4.0,4.14,4.5,4.5,4.79,4.03,t,0.4438356164383562,37
21043,within an hour,98,100,f,t,t,Midtown,Private room in rental unit,Private room,4,0.0,0 shared baths,1.0,2.0,77.0,1,365,1.0,4.45,4.5,4.71,4.71,5.0,4.45,t,0.4,37
21044,within an hour,98,100,f,t,t,Midtown,Private room in rental unit,Private room,3,0.0,0 shared baths,1.0,3.0,82.0,1,365,1.0,4.23,4.29,4.52,4.56,4.79,4.21,t,0.6109589041095891,37
21045,within an hour,98,100,f,t,t,Midtown,Private room in rental unit,Private room,4,0.0,0 shared baths,1.0,2.0,72.0,1,365,1.0,4.07,4.2,4.67,4.53,4.87,3.93,t,0.3753424657534246,38
21046,within an hour,98,100,f,t,t,Midtown,Private room in rental unit,Private room,4,0.0,0 shared baths,1.0,2.0,74.0,1,365,1.0,4.06,4.36,4.45,4.48,4.67,4.21,t,0.3835616438356164,37
21049,within an hour,100,98,f,t,t,Unionport,Private room in home,Private room,2,1.0,1 private bath,1.0,2.0,148.0,2,30,2.0,4.64,4.52,4.75,4.68,4.62,4.71,f,0.0684931506849315,63
21074,within an hour,98,100,f,t,t,Midtown,Private room in rental unit,Private room,4,0.0,0 shared baths,1.0,2.0,83.0,1,365,1.0,4.3,4.39,4.59,4.57,4.72,4.3,t,0.3863013698630137,37
21075,within an hour,98,100,f,t,t,Midtown,Private room in rental unit,Private room,4,0.0,0 shared baths,1.0,2.0,84.0,1,365,1.0,3.96,4.21,4.39,4.29,4.82,4.07,t,0.3917808219178082,37
21077,within an hour,98,100,f,t,t,Midtown,Private room in rental unit,Private room,5,1.0,1 private bath,1.0,3.0,118.0,1,365,1.0,4.41,4.48,4.59,4.59,4.83,4.33,t,0.4493150684931506,35
21103,within an hour,100,97,t,t,t,East Elmhurst,Private room in rental unit,Private room,2,1.0,1 shared bath,1.0,1.0,150.0,3,30,3.0,4.84,4.85,4.9,4.95,4.72,4.81,f,0.0547945205479452,41
21132,within an hour,100,100,t,t,f,Sea Gate,Private room in rental unit,Private room,1,1.0,1 private bath,1.0,1.0,81.0,2,60,2.0,4.91,4.87,4.87,4.94,4.76,4.76,f,0.5780821917808219,68
21149,within an hour,100,100,f,t,t,Clason Point,Entire home,Entire home/apt,4,2.0,2 baths,2.0,2.0,164.0,1,1125,1.0,4.69,4.75,4.85,4.91,4.51,4.64,f,0.0794520547945205,78
21150,within an hour,100,100,t,t,t,Gravesend,Private room in guest suite,Private room,4,1.0,1 private bath,2.0,3.0,274.0,4,90,4.0,5.0,4.95,5.0,4.98,4.88,4.89,f,0.1917808219178082,65
21154,within an hour,69,99,f,t,t,Chelsea,Room in hotel,Private room,2,1.0,1 private bath,1.0,0.0,262.0,1,1125,1.0,3.67,3.89,3.56,3.44,3.89,3.78,t,0.1972602739726027,3
21164,within an hour,100,100,f,t,t,East Village,Private room in condo,Private room,1,1.0,1 shared bath,1.0,1.0,111.0,1,28,1.0,4.23,3.87,4.56,4.51,4.79,4.1,f,0.0547945205479452,48
21179,within an hour,100,94,t,t,f,Flatbush,Private room in home,Private room,2,1.0,1 private bath,1.0,1.0,230.0,2,17,2.0,4.71,5.0,5.0,5.0,4.71,5.0,f,0.0821917808219178,53
21184,within an hour,100,100,t,t,t,East Harlem,Private room in condo,Private room,1,1.0,1 shared bath,1.0,1.0,220.0,1,730,1.0,4.78,4.78,4.9,4.87,4.47,4.58,t,0.2876712328767123,49
21219,within an hour,100,91,t,t,t,East New York,Private room in home,Private room,2,1.0,1 private bath,1.0,1.0,92.0,3,100,3.0,4.86,4.86,4.93,4.93,4.72,4.83,f,0.4,40
21240,within an hour,100,96,t,t,t,Crown Heights,Private room in rental unit,Private room,1,1.0,1 shared bath,1.0,1.0,82.0,3,90,3.0,4.88,4.62,5.0,4.98,4.9,4.87,f,0.6465753424657534,38
21246,within an hour,100,94,t,t,f,Flatbush,Private room in home,Private room,2,1.0,1 private bath,1.0,2.0,225.0,2,17,2.0,4.76,4.94,5.0,4.71,4.71,4.76,f,0.0821917808219178,48
21250,within a few hours,100,100,t,t,t,Canarsie,Private room in home,Private room,2,1.0,1 shared bath,1.0,1.0,127.0,2,120,2.0,4.74,4.74,4.89,4.94,4.81,4.7,f,0.1589041095890411,55
21255,within an hour,100,99,f,t,t,Midtown,Entire rental unit,Entire home/apt,6,1.0,1 bath,1.0,3.0,238.0,1,365,6.0,4.66,4.72,4.66,4.69,4.97,4.83,t,0.1506849315068493,31
21258,within an hour,100,100,t,t,t,Sunset Park,Entire rental unit,Entire home/apt,2,1.0,1 bath,1.0,3.0,199.0,2,28,2.0,4.98,4.97,4.99,5.0,4.95,4.95,f,0.4876712328767123,65
21265,within an hour,100,94,t,t,f,Flatbush,Private room in home,Private room,2,1.0,1 private bath,1.0,2.0,220.0,2,15,2.0,4.79,4.95,5.0,5.0,4.74,4.74,f,0.0821917808219178,56
21288,within an hour,100,94,t,t,f,Flatbush,Private room in home,Private room,2,1.0,1 private bath,1.0,1.0,240.0,2,17,2.0,5.0,5.0,5.0,5.0,4.2,5.0,f,0.0821917808219178,56
21289,within an hour,100,100,f,t,t,East Flatbush,Entire rental unit,Entire home/apt,2,1.0,1 bath,1.0,2.0,153.0,5,365,5.0,4.86,4.98,4.86,4.96,4.31,4.63,t,0.1095890410958904,46
21290,within an hour,100,99,f,t,t,Midtown,Entire rental unit,Entire home/apt,6,1.0,1 bath,1.0,6.0,218.0,1,365,6.0,4.85,4.9,4.85,4.8,4.95,4.75,t,0.2,24
21299,within an hour,100,100,f,t,t,East Village,Private room in condo,Private room,1,1.0,1 shared bath,1.0,1.0,112.0,1,28,1.0,4.48,4.09,4.57,4.52,4.89,4.46,t,0.0657534246575342,48
21314,within an hour,100,100,t,t,t,Bedford-Stuyvesant,Private room in rental unit,Private room,5,2.0,2 shared baths,2.0,5.0,298.0,3,365,3.0,4.91,4.81,4.99,4.99,4.49,4.84,f,0.273972602739726,73
21326,within an hour,100,90,t,t,t,Bay Ridge,Entire rental unit,Entire home/apt,2,2.0,2 baths,3.0,4.0,217.0,1,29,1.0,4.82,4.93,4.89,4.99,4.76,4.81,f,0.4383561643835616,58
21376,within an hour,100,99,f,t,t,Midtown,Entire rental unit,Entire home/apt,4,1.0,1 bath,1.0,2.0,249.0,1,365,6.0,4.6,4.63,4.8,4.85,4.83,4.48,t,0.2328767123287671,32
21377,within an hour,100,99,f,t,t,Midtown,Entire rental unit,Entire home/apt,4,1.0,1 bath,1.0,2.0,252.0,1,365,6.0,4.67,4.7,4.83,4.85,4.87,4.65,t,0.210958904109589,28
21397,within an hour,100,99,f,t,t,Midtown,Entire rental unit,Entire home/apt,6,1.0,1 bath,1.0,3.0,244.0,1,365,7.0,4.79,4.76,4.76,4.86,4.9,4.76,t,0.2328767123287671,31
21425,within an hour,95,75,t,t,t,East Harlem,Private room in condo,Private room,1,1.0,1 shared bath,1.0,1.0,65.0,1,365,1.0,4.84,4.7,4.94,4.97,4.46,4.78,f,0.2602739726027397,13
21440,within an hour,100,83,t,t,t,Greenpoint,Private room in rental unit,Private room,1,1.0,1 shared bath,1.0,1.0,131.0,2,4,2.0,4.93,4.9,4.99,4.98,4.96,4.87,f,0.6164383561643836,51
21451,within an hour,97,99,f,t,t,Flatiron District,Room in hotel,Private room,2,1.0,1 bath,1.0,1.0,366.0,1,365,3.0,4.4,4.61,4.74,4.45,4.78,4.13,t,0.1753424657534246,12
21456,within an hour,100,93,f,t,t,Flatbush,Entire rental unit,Entire home/apt,4,1.0,1 bath,2.0,2.0,211.0,2,35,2.0,4.69,4.78,4.82,4.8,4.43,4.51,f,0.1287671232876712,45
21467,within an hour,91,99,f,t,t,Port Morris,Entire serviced apartment,Entire home/apt,4,1.0,1 bath,0.0,1.0,252.0,1,1125,30.0,4.0,4.6,4.2,4.8,4.8,4.2,t,0.0301369863013698,45
21559,within an hour,100,96,f,t,t,Midtown,Entire rental unit,Entire home/apt,6,1.0,1 bath,1.0,3.0,319.0,1,1125,3.0,4.57,4.64,4.75,4.72,4.86,4.6,t,0.3863013698630137,44
21589,within an hour,100,99,f,t,t,Sunset Park,Private room in rental unit,Private room,1,1.5,1.5 baths,1.0,1.0,134.0,1,1125,7.0,4.54,4.4,4.66,4.53,4.6,4.49,t,0.136986301369863,18
21594,within an hour,100,96,t,t,t,Glendale,Private room in home,Private room,2,1.0,1 private bath,1.0,1.0,97.0,2,29,2.0,4.98,4.99,4.98,4.98,4.83,4.97,f,0.684931506849315,56
21622,within an hour,100,99,t,t,t,Greenpoint,Private room in townhouse,Private room,2,1.5,1.5 shared baths,1.0,1.0,128.0,3,60,3.0,4.84,4.88,4.97,4.86,4.93,4.68,t,0.6493150684931507,24
21630,within an hour,100,100,f,t,t,Tompkinsville,Private room in villa,Private room,8,2.5,2.5 baths,4.0,5.0,435.0,4,365,4.0,4.96,4.96,4.96,4.96,4.89,4.86,f,0.2082191780821917,73
21632,within an hour,97,99,f,t,t,East Flatbush,Private room in home,Private room,2,1.0,1 private bath,1.0,1.0,140.0,1,365,1.0,4.82,5.0,4.82,4.91,5.0,4.91,f,0.0,18
21639,within an hour,100,100,t,t,t,Cypress Hills,Entire home,Entire home/apt,4,1.0,1 bath,1.0,2.0,160.0,5,730,5.0,4.89,4.85,4.89,4.85,4.26,4.78,f,0.1013698630136986,52
21641,within an hour,100,100,t,t,t,Cypress Hills,Entire townhouse,Entire home/apt,4,1.0,1 bath,2.0,2.0,164.0,5,20,5.0,4.92,4.92,4.89,4.97,4.63,4.76,f,0.3589041095890411,55
21666,within a day,100,0,f,t,t,Midtown,Entire serviced apartment,Entire home/apt,5,2.0,2 baths,2.0,3.0,800.0,5,5,5.0,5.0,5.0,5.0,5.0,5.0,5.0,f,0.1616438356164383,31
21667,within an hour,100,98,t,t,t,Midtown,Entire rental unit,Entire home/apt,4,1.0,1 bath,1.0,2.0,256.0,1,365,8.0,4.88,4.89,4.9,4.96,4.92,4.73,f,0.5561643835616439,41
21674,within an hour,100,100,f,t,t,Corona,Private room in rental unit,Private room,4,1.0,1 private bath,1.0,2.0,279.0,1,20,1.0,4.71,4.71,4.78,4.72,4.54,4.65,f,0.6328767123287671,33
21706,within an hour,100,100,t,t,t,Borough Park,Private room in rental unit,Private room,1,1.0,1 private bath,1.0,1.0,135.0,1,28,1.0,4.88,4.97,5.0,4.97,4.67,4.76,t,0.5178082191780822,42
21716,within an hour,100,93,t,t,f,East Harlem,Private room in rental unit,Private room,2,1.0,1 private bath,1.0,1.0,164.0,3,182,3.0,4.94,4.9,4.98,4.97,4.69,4.86,f,0.1424657534246575,38
21738,within an hour,100,96,t,t,t,Bedford-Stuyvesant,Private room in rental unit,Private room,2,1.0,1 private bath,2.0,3.0,150.0,3,120,3.0,4.98,5.0,4.94,4.98,4.81,4.92,f,0.2602739726027397,50
21742,within an hour,100,100,t,t,t,Ditmars Steinway,Private room in casa particular,Private room,1,1.0,1 shared bath,1.0,1.0,106.0,3,35,3.0,4.92,4.55,5.0,4.97,4.89,4.82,f,0.136986301369863,19
21776,within an hour,100,99,t,t,t,Briarwood,Private room in home,Private room,2,1.0,1 private bath,1.0,1.0,120.0,2,10,2.0,4.81,4.79,4.88,4.93,4.54,4.78,f,0.2082191780821917,42
21779,within an hour,100,100,t,t,t,Crown Heights,Entire home,Entire home/apt,6,1.5,1.5 baths,1.0,3.0,227.0,3,29,3.0,4.79,4.84,4.87,4.89,4.42,4.72,f,0.6575342465753424,27
21782,within an hour,100,100,t,t,t,Bedford-Stuyvesant,Private room in rental unit,Private room,2,1.0,1 shared bath,1.0,1.0,105.0,2,28,2.0,4.83,4.86,4.74,4.86,4.86,4.76,f,0.1068493150684931,51
21800,within an hour,100,100,t,t,t,Ridgewood,Entire condo,Entire home/apt,4,1.5,1.5 baths,2.0,4.0,406.0,2,365,2.0,4.94,4.92,4.98,4.92,4.84,4.86,f,0.0986301369863013,19
21807,within an hour,100,100,t,t,t,Bedford-Stuyvesant,Private room in rental unit,Private room,2,1.0,1 shared bath,1.0,1.0,109.0,2,28,1.0,4.8,4.77,4.83,4.88,4.8,4.78,f,0.5835616438356165,48
21815,within a few hours,100,70,f,f,t,East Elmhurst,Private room in home,Private room,2,1.0,1 shared bath,1.0,1.0,65.0,2,18,2.0,4.52,4.49,4.72,4.78,4.53,4.67,f,0.1260273972602739,21
21836,within an hour,100,100,t,t,t,Bedford-Stuyvesant,Private room in rental unit,Private room,2,1.0,1 shared bath,1.0,1.0,116.0,1,28,1.0,4.78,4.76,4.79,4.89,4.78,4.75,t,0.1041095890410958,45
21863,within a few hours,100,100,t,t,t,Astoria,Private room in home,Private room,2,1.0,1 private bath,1.0,1.0,175.0,2,30,2.0,4.74,4.84,4.83,4.82,4.88,4.75,f,0.0684931506849315,23
21883,within an hour,100,100,t,t,t,East New York,Private room in home,Private room,2,1.0,1 private bath,1.0,1.0,131.0,1,28,1.0,4.73,4.74,4.93,4.94,4.48,4.68,t,0.0465753424657534,20
21886,within an hour,98,100,f,t,t,Long Island City,Entire rental unit,Entire home/apt,2,1.0,1 bath,0.0,1.0,237.0,1,1125,1.0,4.68,4.75,4.66,4.66,4.69,4.46,t,0.1013698630136986,27
21887,within an hour,98,100,f,t,t,Long Island City,Entire rental unit,Entire home/apt,4,1.0,1 bath,1.0,2.0,334.0,1,1125,2.0,4.73,4.68,4.63,4.63,4.73,4.57,t,0.2219178082191781,27
21888,within an hour,98,100,f,t,t,Long Island City,Entire rental unit,Entire home/apt,6,1.0,1 bath,2.0,3.0,659.0,1,1125,2.0,4.77,4.73,4.76,4.69,4.8,4.49,t,0.136986301369863,28
21889,within an hour,98,100,f,t,t,Long Island City,Entire rental unit,Entire home/apt,2,1.0,1 bath,0.0,1.0,285.0,1,1125,1.0,4.76,4.77,4.75,4.67,4.81,4.56,t,0.0986301369863013,27
21900,within an hour,100,100,t,t,t,Sunset Park,Private room in rental unit,Private room,6,2.0,2 baths,2.0,3.0,213.0,1,365,1.0,4.81,4.82,4.84,4.88,4.85,4.72,f,0.1698630136986301,65
21910,within an hour,98,100,f,t,t,Long Island City,Entire rental unit,Entire home/apt,6,1.0,1 bath,2.0,3.0,662.0,1,1125,2.0,4.88,4.8,4.8,4.78,4.87,4.66,t,0.1397260273972602,27
21922,within an hour,100,100,t,t,t,Arverne,Private room in rental unit,Private room,2,1.0,1 shared bath,1.0,1.0,110.0,2,1125,2.0,4.82,4.78,4.87,4.91,4.64,4.78,f,0.010958904109589,64
21937,within an hour,100,100,t,t,t,Rosedale,Private room in rental unit,Private room,2,1.0,1 shared bath,1.0,1.0,169.0,1,90,1.0,4.87,4.91,4.91,4.91,4.77,4.78,f,0.0,53
21942,within an hour,100,100,t,t,t,Long Island City,Room in boutique hotel,Private room,4,1.0,1 private bath,1.0,1.0,347.0,1,365,1.0,4.68,4.68,4.91,4.45,4.59,4.36,t,0.1753424657534246,39
21952,within an hour,100,98,t,t,t,Midtown,Entire rental unit,Entire home/apt,4,1.0,1 bath,1.0,2.0,348.0,1,365,8.0,4.78,4.78,5.0,4.89,5.0,4.33,f,0.5561643835616439,38
21957,within an hour,100,98,t,t,t,Midtown,Private room in rental unit,Private room,4,1.0,1 private bath,1.0,2.0,275.0,1,365,8.0,4.6,5.0,5.0,5.0,4.8,4.4,f,0.5561643835616439,34
21975,within an hour,100,99,f,t,t,Midtown,Entire loft,Entire home/apt,5,1.0,1 bath,1.0,3.0,285.0,4,31,6.0,4.59,4.7,4.72,4.58,4.86,4.46,t,0.1643835616438356,8
22006,within an hour,100,100,t,t,t,Long Island City,Room in boutique hotel,Private room,3,1.0,1 private bath,1.0,2.0,373.0,1,365,1.0,4.75,5.0,4.75,4.75,4.75,4.25,t,0.1698630136986301,38
22008,within an hour,100,100,t,t,t,Long Island City,Room in boutique hotel,Private room,4,1.0,1 private bath,1.0,2.0,280.0,1,365,1.0,3.67,4.33,3.67,3.67,4.33,3.67,t,0.1835616438356164,36
22010,within an hour,100,100,t,t,t,Long Island City,Room in hotel,Private room,2,1.0,1 private bath,1.0,1.0,254.0,1,365,1.0,5.0,5.0,5.0,5.0,4.0,4.0,t,0.2082191780821917,38
22022,within an hour,100,100,t,t,t,East Flatbush,Entire guest suite,Entire home/apt,2,1.0,1 bath,1.0,2.0,182.0,1,28,1.0,4.91,4.96,4.98,4.91,4.44,4.76,t,0.0931506849315068,67
22027,within a few hours,100,75,t,t,t,Windsor Terrace,Private room in guest suite,Private room,6,1.0,1 private bath,2.0,3.0,274.0,2,28,2.0,4.99,5.0,4.97,5.0,4.97,4.93,f,0.5561643835616439,64
22031,within an hour,100,98,t,t,t,Brownsville,Entire loft,Entire home/apt,4,1.0,1 bath,1.0,2.0,211.0,2,28,5.0,4.87,4.9,4.91,4.92,4.25,4.82,f,0.5534246575342465,43
22046,within an hour,100,99,f,t,t,Midtown,Entire rental unit,Entire home/apt,6,1.0,1 bath,0.0,3.0,347.0,3,30,4.0,4.08,4.19,4.57,4.59,4.65,4.16,t,0.0958904109589041,18
22049,within an hour,100,80,f,t,t,Crown Heights,Private room in casa particular,Private room,2,1.0,1 private bath,1.0,1.0,115.0,1,90,1.0,4.81,4.65,4.9,4.91,4.67,4.74,f,0.2684931506849315,44
22051,within an hour,100,99,t,t,t,Prospect Heights,Private room in townhouse,Private room,2,1.0,1 private bath,1.0,1.0,151.0,1,60,1.0,4.94,4.98,4.97,4.99,4.96,4.92,f,0.284931506849315,22
22062,within an hour,100,66,f,t,t,Midtown,Room in boutique hotel,Private room,2,1.0,1 private bath,1.0,1.0,1143.0,1,1125,1.0,5.0,5.0,5.0,5.0,5.0,5.0,f,0.0027397260273972,51
22120,within an hour,100,100,t,t,t,Greenpoint,Private room in condo,Private room,2,1.0,1 private bath,1.0,1.0,239.0,2,30,2.0,4.92,4.84,4.95,5.0,4.97,4.84,f,0.6684931506849315,45
22142,within an hour,100,98,f,t,t,Bedford-Stuyvesant,Private room in rental unit,Private room,2,1.0,1 shared bath,1.0,1.0,83.0,2,365,2.0,4.58,4.55,4.65,4.65,4.6,4.64,t,0.6356164383561644,41
22157,within an hour,100,100,t,t,t,Ditmars Steinway,Private room in guest suite,Private room,2,1.0,1 private bath,1.0,2.0,199.0,2,21,2.0,4.99,4.94,5.0,5.0,4.97,4.95,f,0.6219178082191781,62
22192,within an hour,100,99,f,t,t,Jackson Heights,Private room in home,Private room,2,1.0,1 shared bath,1.0,1.0,88.0,1,28,1.0,4.58,4.53,4.85,4.86,4.47,4.56,f,0.1013698630136986,34
22196,within an hour,100,100,t,t,t,Greenpoint,Private room in guest suite,Private room,2,1.0,1 private bath,1.0,1.0,242.0,4,29,4.0,4.9,5.0,4.94,4.94,5.0,4.84,f,0.6,55
22216,within an hour,100,100,t,t,t,Woodside,Private room in condo,Private room,2,1.0,1 shared bath,1.0,1.0,135.0,1,28,1.0,4.91,4.93,4.95,4.98,4.94,4.86,f,0.0328767123287671,31
22238,within an hour,100,98,f,t,t,Laurelton,Entire guest suite,Entire home/apt,2,1.0,1 bath,1.0,1.0,93.0,3,1125,3.0,4.82,4.84,4.9,4.97,4.65,4.79,f,0.6191780821917808,67
22242,within an hour,100,100,t,t,t,Bedford-Stuyvesant,Private room in loft,Private room,2,1.0,1 private bath,1.0,1.0,142.0,2,1125,2.0,4.88,4.9,4.97,4.95,4.55,4.81,t,0.1616438356164383,53
22266,within an hour,100,100,t,t,t,East Flatbush,Private room in home,Private room,2,1.0,1 private bath,1.0,1.0,136.0,1,365,3.0,4.9,4.95,4.88,4.95,4.53,4.69,t,0.0356164383561643,56
22281,within an hour,100,100,f,t,t,East Flatbush,Private room in guest suite,Private room,2,1.0,1 private bath,1.0,1.0,100.0,2,730,2.0,4.62,4.64,4.81,4.84,4.22,4.67,t,0.1342465753424657,23
22286,within an hour,100,89,t,t,t,Springfield Gardens,Entire home,Entire home/apt,4,2.0,2 baths,2.0,3.0,192.0,3,60,3.0,4.9,4.99,4.98,5.0,4.77,4.91,f,0.6246575342465753,58
22290,within an hour,100,92,t,t,t,East New York,Private room in guest suite,Private room,2,1.0,1 private bath,2.0,2.0,154.0,1,1125,1.0,4.94,4.9,4.95,4.98,4.44,4.91,f,0.084931506849315,47
22303,within an hour,100,100,t,t,t,East Elmhurst,Private room in townhouse,Private room,2,1.0,1 private bath,2.0,4.0,180.0,2,180,2.0,4.71,4.65,4.9,4.87,4.6,4.71,t,0.021917808219178,43
22306,within an hour,100,100,f,t,t,Chelsea,Private room in hostel,Private room,1,1.0,1 shared bath,1.0,1.0,113.0,1,365,1.0,4.56,4.61,4.74,4.79,4.77,4.45,t,0.5315068493150685,21
22349,within an hour,100,100,t,t,t,Bedford-Stuyvesant,Private room in rental unit,Private room,2,1.0,1 private bath,0.0,2.0,220.0,2,1125,2.0,4.91,4.91,4.95,5.0,4.82,4.82,f,0.0082191780821917,52
22358,within an hour,100,100,t,t,t,Midtown,Entire rental unit,Entire home/apt,5,1.0,1 bath,2.0,3.0,363.0,1,25,1.0,4.72,4.81,4.98,4.93,4.95,4.64,t,0.6328767123287671,40
22370,within an hour,100,100,t,t,t,Midtown,Entire rental unit,Entire home/apt,8,1.0,1 bath,1.0,4.0,429.0,1,25,1.0,4.9,4.76,4.96,5.0,4.96,4.82,t,0.5506849315068493,40
22371,within an hour,100,100,t,t,t,Midtown,Entire rental unit,Entire home/apt,8,1.0,1 bath,0.0,4.0,442.0,1,25,1.0,4.75,4.72,4.93,4.94,4.91,4.69,t,0.5863013698630137,40
22373,within an hour,100,100,t,t,t,Midtown,Entire rental unit,Entire home/apt,4,1.0,1 bath,0.0,2.0,208.0,1,25,1.0,4.73,4.77,4.95,4.94,4.89,4.62,t,0.4684931506849315,38
22374,within an hour,100,100,t,t,t,Midtown,Entire rental unit,Entire home/apt,6,1.0,1 bath,0.0,4.0,252.0,1,25,1.0,4.8,4.73,4.98,4.95,5.0,4.62,t,0.5561643835616439,38
22375,within an hour,100,100,t,t,t,Midtown,Entire rental unit,Entire home/apt,3,1.0,1 bath,0.0,3.0,194.0,1,25,1.0,4.42,4.42,4.68,4.74,4.63,4.47,t,0.4986301369863014,38
22376,within an hour,100,100,t,t,t,Midtown,Entire rental unit,Entire home/apt,4,1.0,1 bath,0.0,3.0,196.0,1,25,1.0,4.73,4.72,4.95,4.94,4.87,4.63,t,0.3945205479452054,38
22377,within an hour,100,100,t,t,t,Midtown,Entire rental unit,Entire home/apt,6,1.0,1 bath,0.0,3.0,300.0,1,25,1.0,4.75,4.79,4.95,4.95,4.87,4.72,t,0.4657534246575342,37
22378,within an hour,100,100,t,t,t,Midtown,Entire rental unit,Entire home/apt,6,1.0,1 bath,0.0,3.0,298.0,1,25,1.0,4.91,4.85,4.95,4.94,4.91,4.86,t,0.4876712328767123,39
22379,within an hour,100,100,t,t,t,Midtown,Entire rental unit,Entire home/apt,6,1.0,1 bath,2.0,3.0,383.0,1,25,1.0,4.72,4.75,4.86,4.93,4.89,4.61,t,0.663013698630137,38
22391,within an hour,100,96,f,t,f,Bedford-Stuyvesant,Private room in rental unit,Private room,2,1.0,1 shared bath,1.0,1.0,93.0,2,20,2.0,4.79,4.55,4.91,4.91,4.65,4.7,f,0.6136986301369863,42
22397,within an hour,98,100,f,t,t,Flatiron District,Room in boutique hotel,Private room,4,1.0,1 bath,0.0,2.0,410.0,1,1125,2.0,4.61,4.65,4.83,4.74,4.89,4.46,t,0.1123287671232876,22
22398,within an hour,98,100,f,t,t,Flatiron District,Room in boutique hotel,Private room,2,1.0,1 bath,0.0,1.0,178.0,1,1125,2.0,4.6,4.61,4.76,4.68,4.89,4.46,t,0.1150684931506849,22
22399,within an hour,98,100,f,t,t,Flatiron District,Room in boutique hotel,Private room,2,1.0,1 bath,0.0,1.0,393.0,1,1125,2.0,3.6,3.2,4.8,4.4,4.8,3.6,t,0.1917808219178082,22
22400,within an hour,98,100,f,t,t,Flatiron District,Room in boutique hotel,Private room,2,1.0,1 bath,0.0,1.0,353.0,1,1125,2.0,4.25,4.33,4.68,4.54,4.8,4.11,t,0.1178082191780822,21
22405,within a few hours,100,87,t,t,t,Bushwick,Private room in rental unit,Private room,2,1.0,1 private bath,1.0,1.0,138.0,3,180,8.0,5.0,4.96,4.98,5.0,4.88,4.96,f,0.6602739726027397,52
22454,within an hour,100,98,t,t,t,Jamaica,Private room in home,Private room,2,1.0,1 private bath,1.0,1.0,120.0,1,365,1.0,4.84,4.83,4.86,4.86,4.71,4.77,f,0.0794520547945205,56
22463,within an hour,100,98,t,t,t,Bushwick,Private room in townhouse,Private room,1,1.5,1.5 shared baths,1.0,1.0,100.0,3,29,3.0,5.0,4.77,4.94,4.94,4.9,4.74,f,0.1506849315068493,51
22465,within an hour,100,100,f,t,t,Midtown,Entire rental unit,Entire home/apt,5,1.0,1 bath,1.0,3.0,217.0,1,1125,3.0,4.59,4.61,4.7,4.77,4.84,4.52,t,0.2767123287671232,42
22467,within an hour,100,100,t,t,t,Park Slope,Entire home,Entire home/apt,2,1.0,1 bath,1.0,2.0,230.0,2,29,2.0,4.86,4.59,4.97,4.96,4.91,4.75,f,0.1534246575342465,62
22535,within an hour,100,99,t,t,t,Clinton Hill,Entire condo,Entire home/apt,4,2.0,2 baths,2.0,2.0,462.0,4,180,4.0,4.98,5.0,5.0,4.96,4.96,4.87,t,0.6328767123287671,69
22566,within an hour,100,95,f,t,t,Hell's Kitchen,Entire rental unit,Entire home/apt,3,1.0,1 bath,1.0,1.0,500.0,30,180,30.0,4.67,4.0,5.0,5.0,4.67,4.0,f,0.6657534246575343,32
22578,within an hour,100,100,t,t,t,Jamaica,Entire home,Entire home/apt,6,2.0,2 baths,3.0,4.0,428.0,2,24,2.0,4.93,5.0,4.85,4.98,4.7,4.82,f,0.0273972602739726,71
22588,within an hour,100,100,t,t,t,Bushwick,Private room in rental unit,Private room,2,1.0,1 private bath,1.0,2.0,150.0,2,1125,2.0,4.89,4.92,4.86,4.93,4.65,4.74,t,0.1068493150684931,13
22592,within an hour,100,99,t,t,t,Springfield Gardens,Entire home,Entire home/apt,6,2.0,2 baths,3.0,3.0,208.0,2,1125,2.0,4.84,4.83,4.89,5.0,4.7,4.84,t,0.2684931506849315,47
22618,within an hour,98,100,f,t,t,Flatiron District,Room in boutique hotel,Private room,2,1.0,1 bath,0.0,1.0,305.0,1,1125,2.0,4.44,4.53,4.5,4.41,4.91,4.25,t,0.1452054794520547,22
22653,within an hour,100,96,f,t,t,Jamaica,Entire home,Entire home/apt,6,1.0,1 bath,3.0,4.0,220.0,2,29,2.0,4.73,4.61,4.89,4.9,4.66,4.66,f,0.0958904109589041,52
22662,within an hour,100,97,t,t,t,Sunset Park,Private room in rental unit,Private room,2,1.0,1 private bath,1.0,1.0,133.0,1,365,1.0,4.94,4.97,4.92,4.99,4.68,4.92,f,0.6931506849315069,59
22665,within an hour,100,99,t,t,t,Bushwick,Private room in condo,Private room,2,1.0,1 private bath,1.0,1.0,127.0,1,30,1.0,4.98,4.96,4.99,5.0,4.85,4.9,f,0.6219178082191781,27
22666,within an hour,100,92,t,t,t,East Harlem,Entire home,Entire home/apt,12,4.5,4.5 baths,4.0,7.0,957.0,2,365,2.0,4.86,4.88,4.93,4.84,4.54,4.73,f,0.0931506849315068,57
22672,within an hour,100,83,t,t,t,Bushwick,Entire condo,Entire home/apt,2,1.0,1 bath,1.0,1.0,253.0,3,29,3.0,4.82,4.78,4.9,4.94,4.69,4.75,f,0.3397260273972602,40
22683,within a day,90,84,t,t,t,Bushwick,Private room in casa particular,Private room,2,1.0,1 private bath,1.0,1.0,199.0,1,28,1.0,4.9,4.86,4.95,4.9,4.76,4.68,f,0.5780821917808219,41
22692,within an hour,100,94,t,t,f,Flatbush,Private room in home,Private room,2,1.0,1 private bath,1.0,2.0,220.0,2,15,2.0,5.0,5.0,5.0,5.0,4.67,4.17,f,0.0821917808219178,18
22694,within an hour,98,100,f,t,t,Financial District,Entire rental unit,Entire home/apt,4,2.0,2 baths,2.0,2.0,548.0,1,1125,2.0,4.57,4.14,4.57,4.29,4.57,4.29,t,0.4520547945205479,28
22697,within an hour,100,100,t,t,f,Richmond Hill,Private room in rental unit,Private room,2,1.0,1 private bath,1.0,2.0,159.0,1,30,1.0,4.92,4.98,4.89,4.94,4.6,4.86,t,0.1068493150684931,54
22699,within an hour,100,99,f,t,f,Harlem,Entire vacation home,Entire home/apt,5,1.0,1 bath,2.0,3.0,269.0,4,29,4.0,4.68,4.39,4.84,4.97,4.65,4.45,f,0.2712328767123287,21
22711,within an hour,100,100,f,t,t,Springfield Gardens,Private room in rental unit,Private room,2,1.0,1 private bath,1.0,1.0,140.0,2,7,2.0,4.79,4.97,4.88,4.96,4.62,4.74,f,0.2876712328767123,30
22715,within an hour,100,66,f,t,t,Midtown,Room in hotel,Private room,6,2.5,2.5 baths,2.0,3.0,2657.0,1,1125,1.0,4.92,5.0,4.67,5.0,5.0,4.92,f,0.084931506849315,56
22738,within an hour,95,97,f,t,t,Theater District,Room in hotel,Hotel room,12,3.0,3 baths,3.0,6.0,100.0,1,1125,1.0,4.0,4.2,4.6,3.8,4.8,3.8,t,0.1671232876712328,21
22739,within an hour,95,97,f,t,t,Hell's Kitchen,Room in hotel,Hotel room,8,2.0,2 baths,2.0,4.0,100.0,1,1125,2.0,4.5,4.5,4.5,4.5,4.5,4.5,t,0.1589041095890411,21
22770,within an hour,100,100,t,t,t,Crown Heights,Entire rental unit,Entire home/apt,2,1.0,1 bath,1.0,1.0,168.0,3,35,4.0,4.89,4.9,4.91,4.98,4.53,4.74,f,0.3753424657534246,48
22778,within a few hours,90,15,f,t,t,Bedford-Stuyvesant,Private room in condo,Private room,2,2.0,2 baths,1.0,5.0,195.0,5,29,5.0,4.93,4.9,5.0,4.98,4.55,4.7,f,0.2438356164383561,66
22789,within an hour,99,100,t,t,t,Midtown,Entire loft,Entire home/apt,6,1.0,1 bath,2.0,2.0,269.0,1,365,1.0,4.76,4.73,4.87,4.73,4.89,4.6,t,0.5232876712328767,38
22790,within an hour,100,99,t,t,f,Bedford-Stuyvesant,Entire guest suite,Entire home/apt,2,1.0,1 bath,1.0,2.0,112.0,2,1125,2.0,4.93,4.91,4.97,4.99,4.83,4.9,f,0.3095890410958904,50
22791,within an hour,99,100,t,t,t,Midtown,Entire loft,Entire home/apt,6,1.0,1 bath,2.0,2.0,301.0,1,365,1.0,4.66,4.65,4.88,4.71,4.81,4.54,t,0.3726027397260274,36
22793,within an hour,99,100,t,t,t,Midtown,Entire loft,Entire home/apt,6,1.0,1 bath,2.0,2.0,377.0,1,365,1.0,4.69,4.71,4.92,4.78,4.86,4.55,t,0.3068493150684931,38
22795,within an hour,99,100,t,t,t,Midtown,Entire loft,Entire home/apt,3,1.0,1 bath,1.0,1.0,202.0,1,365,1.0,4.87,4.87,4.95,4.78,4.93,4.72,t,0.5041095890410959,33
22797,within an hour,99,100,t,t,t,Midtown,Entire loft,Entire home/apt,3,1.0,1 bath,1.0,1.0,210.0,1,365,1.0,4.84,4.84,4.95,4.8,4.85,4.71,t,0.3643835616438356,37
22798,within an hour,99,100,t,t,t,Midtown,Entire loft,Entire home/apt,3,1.0,1 bath,1.0,1.0,246.0,1,365,1.0,4.75,4.86,4.93,4.8,4.85,4.71,t,0.6328767123287671,37
22799,within an hour,99,100,t,t,t,Midtown,Entire loft,Entire home/apt,4,1.0,1 bath,1.0,2.0,281.0,1,365,1.0,4.83,4.89,4.93,4.82,4.92,4.73,t,0.4931506849315068,37
22800,within an hour,99,100,t,t,t,Midtown,Entire loft,Entire home/apt,4,1.0,1 bath,0.0,2.0,313.0,1,365,1.0,4.78,4.76,4.91,4.78,4.86,4.63,t,0.3780821917808219,35
22801,within an hour,99,100,t,t,t,Midtown,Entire loft,Entire home/apt,3,1.0,1 bath,1.0,1.0,219.0,1,365,1.0,4.71,4.75,4.93,4.77,4.89,4.63,t,0.347945205479452,36
22813,within an hour,100,100,t,t,t,SoHo,Private room in condo,Private room,6,2.0,2 baths,3.0,2.0,1065.0,1,100,1.0,4.88,4.97,4.95,4.92,4.8,4.73,f,0.5095890410958904,59
22817,within an hour,96,100,f,t,t,Sunset Park,Private room in townhouse,Private room,2,1.0,1 private bath,1.0,1.0,89.0,1,100,3.0,4.73,4.72,4.88,4.84,4.63,4.71,f,0.6383561643835617,36
22819,within an hour,96,100,f,t,t,Sunset Park,Private room in townhouse,Private room,2,1.0,1 private bath,1.0,1.0,99.0,1,100,3.0,4.69,4.57,4.9,4.81,4.57,4.53,f,0.6164383561643836,44
22834,within an hour,100,97,f,t,t,East Flatbush,Private room in rental unit,Private room,2,1.0,1 shared bath,2.0,3.0,146.0,3,730,3.0,4.49,4.51,4.82,4.84,4.13,4.49,f,0.0520547945205479,46
22842,within an hour,100,97,f,t,t,Astoria,Entire home,Entire home/apt,5,1.0,1 bath,2.0,3.0,228.0,1,30,2.0,4.75,4.55,4.84,4.92,4.87,4.66,f,0.4191780821917808,44
22855,within an hour,100,94,t,t,f,Flatbush,Private room in home,Private room,2,1.0,1 private bath,2.0,2.0,275.0,2,17,2.0,5.0,5.0,5.0,5.0,4.89,4.67,f,0.0821917808219178,61
22921,within an hour,100,83,t,t,t,Rosedale,Private room in rental unit,Private room,6,2.0,2 baths,2.0,3.0,241.0,2,28,2.0,4.93,4.96,4.97,5.0,4.75,4.9,f,0.0876712328767123,47
22923,within an hour,100,94,t,t,f,Flatbush,Private room in home,Private room,2,1.0,1 private bath,1.0,2.0,230.0,2,17,2.0,5.0,5.0,5.0,5.0,4.6,4.8,f,0.0821917808219178,65
22925,within an hour,100,94,t,t,f,Flatbush,Private room in home,Private room,2,1.0,1 private bath,1.0,2.0,230.0,2,17,2.0,5.0,5.0,5.0,5.0,4.4,5.0,f,0.0821917808219178,54
22933,within an hour,100,99,t,t,f,Flatlands,Entire home,Entire home/apt,2,1.0,1 bath,1.0,1.0,168.0,3,28,3.0,4.93,4.9,4.97,4.97,4.69,4.92,f,0.3150684931506849,40
22935,within an hour,100,100,t,t,t,Bedford-Stuyvesant,Private room in townhouse,Private room,3,1.0,1 private bath,2.0,2.0,156.0,2,112,2.0,4.84,4.6,4.84,4.87,4.75,4.73,f,0.3917808219178082,51
22949,within an hour,100,98,t,t,t,Bedford-Stuyvesant,Entire guest suite,Entire home/apt,2,1.0,1 bath,2.0,3.0,268.0,3,28,3.0,4.93,4.8,4.93,4.93,4.46,4.69,f,0.684931506849315,49
22984,within an hour,94,100,f,t,t,Midtown,Room in aparthotel,Entire home/apt,4,2.0,2 baths,1.0,2.0,464.0,1,29,2.0,4.54,4.71,4.76,4.58,4.95,4.49,t,0.0630136986301369,23
22985,within an hour,100,100,t,t,t,Harlem,Entire serviced apartment,Entire home/apt,2,1.0,1 bath,1.0,2.0,235.0,3,90,3.0,4.86,4.88,4.96,4.98,4.68,4.68,f,0.6821917808219178,39
23005,within an hour,100,100,t,t,t,Tompkinsville,Private room in home,Private room,2,1.0,1 private bath,3.0,3.0,179.0,2,730,2.0,4.78,4.89,4.92,4.97,4.62,4.76,f,0.3013698630136986,36
23049,within an hour,98,100,f,t,t,Midtown,Private room in rental unit,Private room,4,1.0,1 private bath,1.0,2.0,116.0,1,365,1.0,4.3,4.7,4.6,4.7,4.9,4.1,t,0.4027397260273972,38
23070,within an hour,100,100,f,t,t,Theater District,Entire rental unit,Entire home/apt,4,1.0,1 bath,1.0,2.0,242.0,3,365,5.0,4.65,4.65,4.6,4.91,4.8,4.64,t,0.5863013698630137,41
23078,within an hour,100,100,t,t,t,East Harlem,Private room in condo,Private room,1,1.0,1 shared bath,1.0,1.0,281.0,1,1125,1.0,4.88,4.79,4.84,4.91,4.51,4.72,t,0.010958904109589,48
23079,within an hour,96,100,t,t,t,Midtown,Entire rental unit,Entire home/apt,6,1.0,1 bath,0.0,4.0,351.0,1,25,1.0,4.83,4.87,4.95,4.94,4.9,4.71,t,0.3561643835616438,43
23105,within an hour,100,99,f,t,t,Hell's Kitchen,Entire rental unit,Entire home/apt,10,2.0,2 baths,5.0,5.0,1200.0,2,365,2.0,4.13,4.25,4.38,4.19,4.38,4.06,f,0.5260273972602739,15
23108,within an hour,100,97,t,t,t,Midtown,Entire home,Entire home/apt,10,3.0,3 baths,4.0,5.0,1173.0,3,365,6.0,4.96,4.75,4.96,4.95,4.98,4.74,f,0.2438356164383561,49
23109,within an hour,100,100,f,t,t,Harlem,Private room in rental unit,Private room,2,1.0,1 shared bath,1.0,1.0,111.0,1,30,1.0,4.6,4.56,4.79,4.93,4.58,4.56,f,0.6136986301369863,29
23118,within an hour,100,100,t,t,t,Bedford-Stuyvesant,Private room in rental unit,Private room,1,1.0,1 shared bath,1.0,1.0,96.0,1,28,1.0,4.83,4.89,4.79,4.9,4.75,4.77,t,0.6465753424657534,50
23123,within an hour,100,96,f,t,f,Mariners Harbor,Private room in home,Private room,2,1.0,1 private bath,1.0,1.0,80.0,2,29,2.0,4.54,4.12,4.65,4.73,4.54,4.5,f,0.1917808219178082,21
23131,within an hour,100,100,f,t,t,Unionport,Entire home,Entire home/apt,4,1.0,1 bath,2.0,3.0,283.0,3,365,3.0,4.75,4.92,4.92,4.83,4.42,4.25,f,0.0438356164383561,57
23156,within an hour,98,100,f,t,t,Park Slope,Room in boutique hotel,Private room,2,1.0,1 private bath,0.0,2.0,253.0,1,1125,2.0,4.43,4.54,4.8,4.69,4.7,4.35,t,0.1972602739726027,22
23157,within an hour,98,100,f,t,t,Gowanus,Room in boutique hotel,Private room,2,1.0,1 private bath,0.0,1.0,245.0,1,1125,2.0,4.47,4.61,4.42,4.67,4.64,4.42,t,0.1506849315068493,21
23158,within an hour,98,100,f,t,t,Gowanus,Room in boutique hotel,Private room,2,1.0,1 private bath,0.0,1.0,243.0,1,1125,2.0,4.39,4.42,4.7,4.68,4.63,4.12,t,0.0931506849315068,21
23159,within an hour,98,100,f,t,t,Park Slope,Room in boutique hotel,Private room,2,1.0,1 private bath,0.0,1.0,322.0,1,1125,2.0,4.15,4.05,4.6,4.35,4.4,4.0,t,0.2219178082191781,22
23187,within an hour,100,99,t,t,t,Gowanus,Private room in rental unit,Private room,2,1.0,1 private bath,1.0,1.0,154.0,2,365,3.0,4.96,4.95,4.96,4.99,4.97,4.85,f,0.3506849315068493,53
23194,within an hour,100,98,t,t,t,Gravesend,Private room in condo,Private room,2,1.0,1 private bath,1.0,1.0,102.0,1,180,1.0,4.88,4.95,4.93,4.91,4.72,4.84,t,0.5753424657534246,42
23202,within an hour,87,100,f,t,t,Chelsea,Room in hotel,Private room,2,1.0,1 bath,1.0,1.0,301.0,1,365,1.0,1.0,1.0,3.0,2.5,2.5,1.5,t,0.6465753424657534,25
23212,within an hour,100,100,t,t,t,Brownsville,Private room in home,Private room,2,1.0,1 private bath,1.0,1.0,130.0,4,28,4.0,4.91,4.94,4.92,4.91,4.38,4.7,t,0.0958904109589041,43
23219,within an hour,100,100,t,t,t,Flushing,Private room in home,Private room,2,2.0,2 shared baths,1.0,1.0,106.0,1,365,1.0,4.89,4.84,4.97,4.9,4.83,4.74,f,0.0410958904109589,41
23230,within an hour,100,98,f,t,t,Harlem,Private room in rental unit,Private room,2,1.0,1 shared bath,1.0,2.0,158.0,2,30,2.0,4.8,4.72,4.94,4.89,4.89,4.59,f,0.589041095890411,28
23243,within an hour,100,100,f,t,t,Gramercy,Entire rental unit,Entire home/apt,2,0.0,0 baths,0.0,2.0,138.0,1,14,1.0,4.64,4.72,4.83,4.86,4.94,4.52,f,0.5753424657534246,28
23252,within an hour,100,100,t,t,t,Bedford-Stuyvesant,Entire rental unit,Entire home/apt,4,1.0,1 bath,1.0,2.0,155.0,2,1125,2.0,4.68,4.76,4.92,4.91,4.4,4.61,t,0.2712328767123287,56
23253,within an hour,100,97,t,t,t,Financial District,Entire rental unit,Entire home/apt,3,1.0,1 bath,1.0,2.0,367.0,3,1125,4.0,4.96,4.92,4.9,4.98,4.9,4.84,f,0.1178082191780822,50
23269,within an hour,100,100,t,t,t,East Flatbush,Private room in home,Private room,2,1.0,1 shared bath,1.0,2.0,84.0,3,29,3.0,4.77,4.83,4.89,4.85,4.6,4.79,f,0.1863013698630137,28
23275,within an hour,100,100,t,t,t,Flushing,Private room in home,Private room,2,2.0,2 shared baths,1.0,1.0,96.0,1,365,1.0,4.88,4.74,4.9,4.95,4.77,4.8,f,0.0547945205479452,42
23286,within an hour,98,100,f,t,t,Long Island City,Room in boutique hotel,Private room,2,1.0,1 bath,0.0,1.0,179.0,1,1125,1.0,4.62,4.66,4.67,4.53,4.67,4.38,t,0.1424657534246575,24
23288,within an hour,98,100,f,t,t,Long Island City,Room in boutique hotel,Private room,4,1.0,1 bath,0.0,2.0,235.0,1,1125,1.0,4.75,4.66,4.75,4.73,4.66,4.58,t,0.1205479452054794,24
23289,within an hour,98,100,f,t,t,Long Island City,Room in boutique hotel,Private room,2,1.0,1 bath,0.0,1.0,283.0,1,1125,1.0,4.61,4.61,4.68,4.64,4.58,4.41,t,0.0958904109589041,24
23290,within an hour,98,100,f,t,t,Long Island City,Room in boutique hotel,Private room,2,1.0,1 bath,0.0,1.0,214.0,1,1125,1.0,4.58,4.58,4.84,4.53,4.63,4.21,t,0.2136986301369863,24
23292,within an hour,98,100,f,t,t,Long Island City,Room in boutique hotel,Private room,2,1.0,1 bath,0.0,1.0,194.0,1,1125,1.0,4.64,4.64,4.86,4.79,4.67,4.48,t,0.1780821917808219,24
23316,within a day,80,84,t,t,t,Maspeth,Private room in rental unit,Private room,2,1.0,1 private bath,1.0,1.0,92.0,3,90,3.0,4.94,4.91,4.95,4.9,4.66,4.92,f,0.6575342465753424,33
23341,within an hour,100,98,t,t,t,Bushwick,Private room in townhouse,Private room,1,1.5,1.5 shared baths,1.0,1.0,100.0,3,28,3.0,5.0,4.94,5.0,5.0,4.97,4.97,f,0.1260273972602739,23
23342,within a few hours,100,77,f,t,t,Upper West Side,Private room in rental unit,Private room,2,1.5,1.5 baths,2.0,2.0,300.0,1,365,1.0,4.65,4.65,4.76,4.71,4.94,4.53,f,0.1123287671232876,45
23347,within an hour,100,100,t,t,f,Canarsie,Private room in home,Private room,2,1.0,1 private bath,1.0,1.0,119.0,2,365,2.0,4.94,4.92,4.98,4.98,4.69,4.83,f,0.5095890410958904,44
23386,within an hour,96,99,t,t,t,Canarsie,Entire home,Entire home/apt,2,1.0,1 bath,1.0,1.0,158.0,2,29,2.0,4.97,4.96,4.97,5.0,4.74,4.93,t,0.6356164383561644,53
23389,within an hour,98,100,f,t,t,Battery Park City,Entire rental unit,Entire home/apt,4,1.0,1 bath,1.0,2.0,433.0,1,1125,2.0,4.25,4.75,4.88,4.63,4.75,4.19,t,0.5205479452054794,33
23397,within an hour,100,0,f,t,t,Bath Beach,Private room in townhouse,Private room,4,1.0,1 private bath,2.0,2.0,298.0,2,365,2.0,4.8,4.8,4.8,4.8,4.9,4.8,f,0.0356164383561643,48
23402,within an hour,100,99,t,t,t,Flatlands,Entire condo,Entire home/apt,4,1.0,1 bath,2.0,3.0,216.0,1,180,3.0,4.82,4.85,4.94,4.95,4.7,4.7,f,0.6219178082191781,46
23419,within an hour,100,79,t,t,t,Flatbush,Entire condo,Entire home/apt,4,2.0,2 baths,2.0,3.0,325.0,4,365,4.0,4.99,4.99,4.99,4.99,4.62,4.88,f,0.6164383561643836,44
23432,within an hour,100,100,f,t,t,Bedford-Stuyvesant,Shared room in rental unit,Shared room,2,1.0,1 shared bath,2.0,2.0,137.0,3,29,3.0,4.97,4.97,4.98,4.98,4.73,4.92,f,0.147945205479452,65
23443,within a few hours,100,93,t,t,t,Greenpoint,Entire condo,Entire home/apt,6,2.0,2 baths,3.0,5.0,599.0,30,365,30.0,4.78,4.76,4.89,4.81,4.76,4.54,f,0.147945205479452,42
23459,within an hour,100,100,t,t,f,Sea Gate,Entire guest suite,Entire home/apt,8,2.0,2 baths,3.0,4.0,200.0,3,365,3.0,5.0,4.92,5.0,5.0,4.75,4.92,f,0.5972602739726027,60
23460,within an hour,100,96,f,t,t,Murray Hill,Entire guest suite,Entire home/apt,2,1.0,1 bath,1.0,1.0,309.0,2,365,2.0,4.9,4.98,4.98,4.92,4.98,4.76,f,0.1095890410958904,35
23464,within an hour,100,100,t,t,t,Hell's Kitchen,Private room in rental unit,Private room,2,1.0,1 shared bath,1.0,1.0,185.0,5,60,5.0,4.7,4.74,4.7,4.87,4.98,4.65,t,0.1068493150684931,39
23466,within an hour,100,100,t,t,t,Sheepshead Bay,Private room in home,Private room,2,1.0,1 private bath,1.0,1.0,129.0,1,365,1.0,4.87,4.74,4.97,4.97,4.84,4.82,t,0.0630136986301369,19
23467,within an hour,100,99,t,t,t,Bergen Beach,Entire place,Entire home/apt,8,1.5,1.5 baths,1.0,5.0,297.0,2,28,2.0,4.91,4.93,4.91,4.97,4.75,4.83,f,0.0767123287671232,59
23489,within an hour,100,100,t,t,f,Maspeth,Entire guest suite,Entire home/apt,3,1.0,1 bath,1.0,2.0,150.0,30,1125,2.0,4.96,4.96,4.97,4.99,4.84,4.94,f,0.5013698630136987,58
23507,within an hour,100,98,t,t,t,Bushwick,Private room in rental unit,Private room,2,1.0,1 shared bath,1.0,1.0,99.0,3,21,3.0,4.9,4.81,4.95,4.92,4.76,4.83,t,0.1342465753424657,53
23531,within an hour,97,100,t,t,t,Jamaica,Private room in guest suite,Private room,4,1.0,1 private bath,1.0,1.0,103.0,1,1125,1.0,4.98,4.96,4.97,4.99,4.85,4.93,f,0.2246575342465753,63
23539,within an hour,100,100,t,t,t,St. Albans,Entire home,Entire home/apt,8,1.5,1.5 baths,3.0,4.0,299.0,2,180,2.0,4.89,4.84,4.91,4.9,4.68,4.8,f,0.0712328767123287,41
23546,within an hour,100,99,t,t,t,East Flatbush,Private room in rental unit,Private room,1,2.0,2 shared baths,1.0,1.0,100.0,2,28,2.0,4.95,5.0,4.98,4.93,4.3,4.88,f,0.0986301369863013,32
23554,within an hour,93,100,f,t,t,Richmond Hill,Private room in home,Private room,2,1.0,1 private bath,1.0,1.0,122.0,1,1125,1.0,4.57,4.54,4.91,4.91,4.47,4.56,f,0.0328767123287671,52
23581,within an hour,100,59,f,t,t,Edenwald,Private room in home,Private room,1,2.0,2 shared baths,1.0,0.0,50.0,1,27,1.0,4.71,4.63,4.92,4.92,4.47,4.76,f,0.0575342465753424,40
23613,within an hour,98,100,f,t,t,Long Island City,Room in boutique hotel,Private room,4,1.0,1 bath,0.0,2.0,205.0,1,1125,1.0,4.89,4.56,5.0,5.0,4.89,4.56,t,0.4684931506849315,24
23622,within an hour,98,99,f,t,f,Harlem,Room in boutique hotel,Private room,2,1.0,1 shared bath,1.0,1.0,170.0,1,14,1.0,4.54,4.7,4.86,4.84,4.59,4.32,t,0.1123287671232876,28
23623,within an hour,98,99,f,t,f,Harlem,Room in boutique hotel,Private room,4,1.0,1 shared bath,1.0,2.0,227.0,1,14,1.0,4.65,4.64,4.92,4.88,4.56,4.54,t,0.1671232876712328,30
23624,within an hour,98,99,f,t,f,Harlem,Room in boutique hotel,Private room,3,1.0,1 shared bath,1.0,2.0,213.0,1,365,1.0,4.5,4.6,4.77,4.83,4.43,4.49,t,0.1232876712328767,30
23630,within an hour,98,99,f,t,f,Harlem,Room in boutique hotel,Private room,4,1.0,1 shared bath,1.0,2.0,209.0,1,14,1.0,4.6,4.65,4.8,5.0,4.65,4.65,t,0.1506849315068493,30
23631,within an hour,99,100,t,t,t,Bedford-Stuyvesant,Entire rental unit,Entire home/apt,2,1.0,1 bath,0.0,1.0,165.0,1,365,3.0,4.88,4.9,4.92,4.93,4.73,4.63,t,0.6383561643835617,24
23649,within an hour,94,93,t,t,t,Eltingville,Entire home,Entire home/apt,4,1.0,1 bath,1.0,3.0,135.0,2,30,2.0,4.84,4.73,4.86,4.84,4.89,4.84,f,0.1205479452054794,55
23650,within an hour,100,100,f,t,t,Chinatown,Room in hotel,Private room,2,1.0,1 private bath,0.0,1.0,225.0,1,365,1.0,4.73,4.7,4.84,4.86,4.77,4.51,t,0.6136986301369863,22
23657,within an hour,99,100,t,t,t,Bedford-Stuyvesant,Entire rental unit,Entire home/apt,2,1.0,1 bath,0.0,1.0,178.0,1,365,3.0,4.89,4.95,4.95,4.9,4.82,4.66,t,0.6410958904109589,24
23658,within an hour,99,100,t,t,t,Bedford-Stuyvesant,Entire rental unit,Entire home/apt,2,1.0,1 bath,0.0,1.0,150.0,1,365,3.0,4.86,4.92,4.98,4.89,4.75,4.57,t,0.6547945205479452,31
23678,within an hour,99,100,t,t,t,Bedford-Stuyvesant,Entire rental unit,Entire home/apt,2,1.0,1 bath,0.0,1.0,150.0,1,365,3.0,4.87,4.97,4.98,4.94,4.8,4.57,t,0.6273972602739726,24
23689,within an hour,99,100,t,t,t,Bedford-Stuyvesant,Entire rental unit,Entire home/apt,2,1.0,1 bath,0.0,1.0,169.0,1,365,3.0,4.83,4.93,4.94,4.91,4.81,4.56,t,0.6493150684931507,24
23712,within an hour,99,100,t,t,t,Bedford-Stuyvesant,Entire rental unit,Entire home/apt,2,1.0,1 bath,0.0,1.0,152.0,1,365,3.0,4.88,4.98,4.97,4.94,4.86,4.73,t,0.6657534246575343,24
23714,within an hour,88,100,f,t,t,Midtown,Room in boutique hotel,Private room,2,1.0,1 private bath,1.0,1.0,292.0,1,365,1.0,5.0,5.0,5.0,5.0,5.0,5.0,t,0.4794520547945205,17
23716,within an hour,100,100,t,t,t,Long Island City,Private room in rental unit,Private room,2,1.0,1 shared bath,1.0,1.0,99.0,4,13,4.0,4.97,4.97,5.0,5.0,4.9,4.95,f,0.2301369863013698,42
23722,within a few hours,100,95,t,t,t,Kensington,Private room in rental unit,Private room,2,1.5,1.5 baths,1.0,1.0,156.0,2,102,2.0,5.0,4.98,4.98,5.0,4.9,4.92,f,0.147945205479452,55
23724,within an hour,100,100,t,t,t,Fort Greene,Entire rental unit,Entire home/apt,2,1.0,1 bath,1.0,1.0,119.0,1,365,1.0,4.79,4.67,4.77,4.9,4.97,4.6,t,0.1726027397260274,36
23733,within an hour,100,97,t,f,t,Crown Heights,Private room in home,Private room,2,1.0,1 private bath,1.0,1.0,152.0,2,1125,2.0,4.95,4.95,5.0,4.95,4.91,4.74,t,0.6109589041095891,47
23737,within an hour,100,100,t,t,t,Astoria,Private room in home,Private room,8,1.0,1 private bath,2.0,4.0,283.0,2,365,2.0,4.92,4.87,5.0,5.0,4.97,4.9,t,0.1726027397260274,45
23755,within an hour,100,91,t,t,f,Cambria Heights,Entire guest suite,Entire home/apt,2,1.0,1 bath,1.0,1.0,150.0,2,25,2.0,4.96,4.92,4.97,5.0,4.82,4.89,f,0.1397260273972602,51
23756,within an hour,88,100,f,t,t,Flatiron District,Room in hotel,Private room,2,1.0,1 shared bath,1.0,1.0,229.0,1,365,1.0,4.0,3.0,5.0,5.0,5.0,5.0,t,0.410958904109589,18
23757,within an hour,88,100,f,t,t,Flatiron District,Room in hotel,Private room,1,1.0,1 private bath,1.0,1.0,276.0,1,365,1.0,4.4,4.8,4.8,4.2,4.6,4.2,t,0.5260273972602739,19
23758,within an hour,88,100,f,t,t,Flatiron District,Room in hotel,Private room,2,1.0,1 private bath,1.0,2.0,290.0,1,365,1.0,4.83,4.67,4.83,4.83,4.83,5.0,t,0.6109589041095891,19
23759,within an hour,88,100,f,t,t,Flatiron District,Room in hotel,Private room,2,1.0,1 shared bath,1.0,1.0,251.0,1,365,1.0,4.29,4.57,4.86,4.14,5.0,4.57,t,0.2821917808219178,18
23762,within an hour,88,100,f,t,t,Flatiron District,Room in hotel,Private room,2,1.0,1 shared bath,1.0,1.0,305.0,1,365,1.0,4.71,4.71,4.93,4.71,4.93,4.36,t,0.410958904109589,19
23765,within an hour,100,100,f,t,t,Chinatown,Room in hotel,Private room,2,1.0,1 private bath,0.0,2.0,232.0,1,365,1.0,4.69,4.71,4.89,4.8,4.79,4.54,t,0.6082191780821918,23
23772,within an hour,100,100,t,t,t,Windsor Terrace,Entire home,Entire home/apt,4,1.0,1 bath,2.0,3.0,250.0,2,31,2.0,4.96,4.96,4.96,4.92,4.95,4.92,t,0.273972602739726,39
23774,within an hour,80,100,t,t,t,Cypress Hills,Private room in townhouse,Private room,2,1.0,1 shared bath,1.0,1.0,95.0,2,1125,2.0,4.87,4.93,4.88,4.79,4.6,4.77,t,0.0493150684931506,31
23780,within an hour,100,100,t,t,t,East Harlem,Room in hotel,Private room,2,1.0,1 private bath,1.0,1.0,187.0,1,14,1.0,4.95,4.89,4.74,4.79,4.42,4.68,t,0.136986301369863,25
23787,within an hour,100,100,t,t,t,East Harlem,Room in hotel,Private room,3,1.0,1 private bath,1.0,2.0,195.0,1,14,1.0,4.67,4.86,4.9,4.86,4.24,4.67,t,0.1205479452054794,25
23790,within an hour,100,100,t,t,t,East Harlem,Room in hotel,Private room,4,1.0,1 shared bath,1.0,2.0,197.0,1,14,1.0,4.63,4.79,4.68,4.63,4.11,4.47,t,0.2767123287671232,26
23792,within an hour,100,100,t,t,t,East Harlem,Room in hotel,Private room,4,1.0,1 private bath,1.0,2.0,222.0,1,365,1.0,5.0,5.0,5.0,5.0,5.0,5.0,t,0.2410958904109589,25
23793,within an hour,100,100,t,t,t,East Harlem,Room in hotel,Private room,6,1.0,1 private bath,2.0,3.0,235.0,1,14,1.0,4.64,4.86,4.68,4.68,4.0,4.45,t,0.4136986301369863,25
23795,within an hour,100,100,t,t,t,East Harlem,Room in hotel,Private room,2,1.0,1 private bath,1.0,2.0,185.0,1,14,1.0,5.0,5.0,5.0,5.0,5.0,5.0,t,0.2082191780821917,24
23803,within an hour,100,80,f,t,t,Crown Heights,Private room in casa particular,Private room,2,1.0,1 shared bath,1.0,1.0,120.0,30,1125,30.0,4.36,4.27,4.36,4.73,4.82,4.18,f,0.0,51
23807,within an hour,100,100,f,t,t,SoHo,Room in hotel,Private room,2,1.0,1 private bath,0.0,1.0,223.0,1,365,1.0,4.43,4.47,4.76,4.68,4.65,4.22,t,0.6876712328767123,23
23808,within an hour,100,100,f,t,t,SoHo,Room in hotel,Private room,3,1.0,1 private bath,0.0,1.0,237.0,1,365,1.0,4.71,4.75,4.94,4.9,4.75,4.58,t,0.6465753424657534,23
23838,within an hour,100,89,t,t,t,Williamsburg,Private room in condo,Private room,2,1.0,1 private bath,1.0,2.0,341.0,2,29,4.0,5.0,4.99,4.97,4.99,4.99,4.91,f,0.589041095890411,76
23844,within an hour,100,99,t,t,t,Crown Heights,Shared room in rental unit,Shared room,2,1.0,1 shared bath,2.0,4.0,145.0,3,1125,7.0,4.85,4.91,4.85,4.72,4.13,4.72,t,0.0904109589041095,66
23856,within a few hours,100,100,t,t,f,Canarsie,Private room in condo,Private room,2,1.0,1 private bath,1.0,1.0,100.0,2,21,2.0,4.83,4.91,4.81,4.83,4.51,4.81,f,0.0794520547945205,14
23859,within an hour,100,98,t,t,t,Arverne,Private room in guest suite,Private room,2,1.0,1 private bath,2.0,3.0,110.0,2,29,2.0,4.99,4.91,4.99,4.97,4.79,4.95,f,0.5917808219178082,66
23876,within an hour,100,97,t,t,t,Flushing,Private room in rental unit,Private room,2,1.0,1 private bath,1.0,4.0,110.0,3,730,26.0,4.96,4.94,4.99,4.99,4.83,4.93,f,0.6410958904109589,52
23921,within an hour,100,99,t,t,t,Canarsie,Entire rental unit,Entire home/apt,5,1.0,1 bath,3.0,3.0,475.0,3,60,3.0,4.99,5.0,4.99,4.99,4.62,4.91,f,0.0876712328767123,57
23962,within an hour,100,100,t,t,t,Fort Hamilton,Private room in rental unit,Private room,2,1.0,1 private bath,1.0,2.0,206.0,2,28,2.0,4.89,4.83,4.96,4.98,4.89,4.83,t,0.2410958904109589,34
23965,within an hour,100,97,t,t,t,Concourse,Private room in rental unit,Private room,2,1.0,1 private bath,1.0,1.0,154.0,1,28,1.0,4.88,4.74,4.94,4.96,4.76,4.85,f,0.147945205479452,43
24058,within an hour,100,98,t,t,t,Upper East Side,Entire rental unit,Entire home/apt,3,1.0,1 bath,0.0,2.0,350.0,3,60,5.0,4.82,4.88,4.98,4.86,4.95,4.73,f,0.1780821917808219,40
24069,within an hour,100,95,t,t,t,Jackson Heights,Entire guest suite,Entire home/apt,2,1.0,1 bath,1.0,1.0,150.0,3,14,3.0,4.88,4.94,4.98,4.98,4.6,4.75,f,0.1205479452054794,31
24093,within a few hours,100,86,t,t,t,Harlem,Private room in rental unit,Private room,1,1.0,1 shared bath,1.0,1.0,82.0,5,1125,5.0,4.98,4.95,5.0,4.9,4.62,4.86,f,0.3616438356164383,36
24098,within an hour,100,95,f,t,t,Ridgewood,Private room in rental unit,Private room,2,1.0,1 private bath,1.0,1.0,250.0,2,365,2.0,4.99,4.96,4.94,4.97,4.87,4.84,f,0.1095890410958904,41
24100,within an hour,100,99,t,t,t,Flatlands,Entire home,Entire home/apt,2,1.0,1 bath,2.0,2.0,185.0,1,365,1.0,4.83,4.79,4.95,4.96,4.81,4.86,t,0.0958904109589041,48
24108,within an hour,100,95,f,t,t,Hell's Kitchen,Entire rental unit,Entire home/apt,4,2.0,2 baths,2.0,2.0,800.0,30,180,30.0,4.67,4.33,5.0,5.0,4.0,4.33,f,0.6657534246575343,35
24118,within a day,100,46,t,t,f,Pelham Gardens,Private room,Private room,2,1.0,1 private bath,1.0,1.0,138.0,2,1125,2.0,4.88,4.88,4.94,5.0,4.75,4.69,f,0.0191780821917808,33
24122,within an hour,100,100,f,t,t,Rosedale,Entire home,Entire home/apt,6,2.0,2 baths,3.0,3.0,274.0,2,30,2.0,4.95,4.97,4.95,4.95,4.78,4.88,f,0.5972602739726027,63
24129,within an hour,100,97,f,t,t,Chinatown,Entire loft,Entire home/apt,2,1.0,1 bath,1.0,1.0,192.0,1,365,6.0,4.53,4.47,4.73,4.74,4.61,4.36,t,0.0,29
24152,within an hour,100,97,f,t,t,SoHo,Entire loft,Entire home/apt,4,1.0,1 bath,1.0,2.0,264.0,1,365,6.0,4.55,4.48,4.72,4.69,4.49,4.29,t,0.0082191780821917,26
24171,within an hour,100,85,t,t,t,East New York,Private room in home,Private room,2,1.0,1 shared bath,2.0,2.0,115.0,2,10,2.0,4.86,5.0,4.92,4.8,4.4,4.92,f,0.5150684931506849,34
24180,within an hour,100,100,f,t,t,Bedford-Stuyvesant,Private room in townhouse,Private room,2,1.0,1 private bath,1.0,2.0,225.0,2,27,2.0,4.89,4.77,5.0,4.98,4.7,4.77,f,0.3315068493150685,53
24182,within an hour,100,100,f,t,t,Financial District,Entire rental unit,Entire home/apt,4,1.0,1 bath,1.0,2.0,294.0,1,365,1.0,4.37,4.42,4.63,4.58,4.58,4.32,t,0.4657534246575342,15
24208,within an hour,100,100,t,t,t,Jackson Heights,Private room in casa particular,Private room,2,1.0,1 shared bath,1.0,1.0,122.0,2,365,2.0,4.85,4.82,4.83,4.96,4.8,4.73,f,0.1068493150684931,29
24216,within an hour,90,99,t,t,t,Bellerose,Entire home,Entire home/apt,7,1.0,1 bath,2.0,4.0,285.0,2,180,3.0,4.89,4.91,4.94,4.96,4.75,4.8,f,0.6712328767123288,50
24232,within a day,100,98,t,t,t,Bushwick,Entire rental unit,Entire home/apt,2,1.0,1 bath,1.0,1.0,187.0,3,1125,3.0,4.89,4.71,4.9,4.95,4.68,4.79,f,0.0821917808219178,53
24237,within an hour,100,97,f,t,t,Harlem,Private room in rental unit,Private room,2,1.0,1 private bath,1.0,1.0,258.0,3,730,3.0,4.8,4.73,4.75,4.84,4.67,4.69,f,0.1123287671232876,58
24246,within an hour,97,98,f,t,t,Brighton Beach,Private room in home,Private room,1,2.0,2 shared baths,4.0,1.0,79.0,1,25,1.0,4.81,4.59,4.95,4.96,4.82,4.82,f,0.0684931506849315,8
24248,within an hour,100,97,f,t,t,Tribeca,Entire loft,Entire home/apt,3,1.0,1 bath,1.0,2.0,238.0,1,365,6.0,4.43,4.45,4.71,4.68,4.53,4.31,t,0.010958904109589,30
24249,within an hour,100,97,f,t,t,Chinatown,Entire loft,Entire home/apt,4,1.0,1 bath,1.0,2.0,264.0,1,365,6.0,4.5,4.37,4.76,4.78,4.57,4.32,t,0.0027397260273972,31
24251,within an hour,100,97,f,t,t,Tribeca,Private room in loft,Private room,2,1.0,1 private bath,1.0,1.0,192.0,1,365,6.0,4.59,4.6,4.76,4.72,4.59,4.55,f,0.0027397260273972,31
24252,within an hour,100,97,f,t,t,Chinatown,Private room in loft,Private room,5,1.0,1 private bath,1.0,1.0,192.0,1,25,6.0,4.56,4.51,4.77,4.77,4.61,4.41,t,0.021917808219178,29
24260,within an hour,100,100,t,t,t,Jamaica,Private room in guest suite,Private room,3,1.0,1 private bath,2.0,2.0,124.0,1,365,1.0,4.84,4.89,4.94,4.95,4.7,4.79,t,0.0958904109589041,45
24266,within an hour,100,99,t,t,t,Crown Heights,Private room in rental unit,Private room,2,1.0,1 shared bath,1.0,1.0,65.0,1,365,1.0,4.85,4.77,4.89,4.88,4.55,4.78,f,0.4,21
24279,within an hour,100,100,t,t,t,Bath Beach,Entire loft,Entire home/apt,3,1.0,1 bath,2.0,2.0,307.0,1,365,5.0,4.98,4.96,4.98,4.97,4.9,4.84,t,0.0876712328767123,55
24293,within an hour,100,100,t,t,t,Bedford-Stuyvesant,Private room in townhouse,Private room,4,1.0,1 private bath,1.0,2.0,325.0,2,180,2.0,4.94,4.93,4.96,4.97,4.66,4.74,t,0.1863013698630137,46
24294,within a few hours,100,82,f,t,t,Queens Village,Private room in home,Private room,1,1.0,1 private bath,1.0,1.0,45.0,30,1000,30.0,4.86,4.86,4.86,5.0,4.86,5.0,f,0.3972602739726027,39
24298,within an hour,100,100,t,t,t,Prospect-Lefferts Gardens,Entire guest suite,Entire home/apt,5,1.0,1 bath,3.0,5.0,299.0,1,28,1.0,4.82,4.86,4.93,4.91,4.36,4.71,t,0.3890410958904109,67
24312,within an hour,100,100,t,t,t,Windsor Terrace,Private room in rental unit,Private room,2,1.0,1 private bath,1.0,1.0,215.0,2,365,2.0,4.99,4.99,4.97,5.0,4.99,4.92,t,0.2465753424657534,29
24316,within an hour,88,100,f,t,t,Flatiron District,Room in hotel,Private room,1,1.0,1 private bath,1.0,1.0,225.0,1,365,1.0,4.65,4.7,4.96,4.87,4.96,4.26,f,0.1342465753424657,19
24327,within an hour,100,96,t,t,t,Longwood,Private room in townhouse,Private room,2,1.0,1 shared bath,1.0,1.0,114.0,2,365,2.0,4.95,4.88,5.0,4.98,4.33,4.81,f,0.0465753424657534,34
24334,within an hour,100,97,f,t,t,SoHo,Entire loft,Entire home/apt,5,1.0,1 bath,1.0,1.0,192.0,1,365,6.0,4.51,4.49,4.69,4.73,4.58,4.42,t,0.021917808219178,29
24336,within an hour,100,96,t,t,t,East Harlem,Private room in condo,Private room,2,1.0,1 shared bath,1.0,1.0,150.0,4,1125,4.0,4.89,4.79,4.88,5.0,4.6,4.79,f,0.1698630136986301,42
24337,within an hour,100,99,t,t,t,Crown Heights,Private room in rental unit,Private room,1,1.0,1 shared bath,1.0,1.0,59.0,1,365,1.0,4.86,4.8,4.88,4.95,4.39,4.76,f,0.3726027397260274,21
24358,within a few hours,100,100,f,t,t,Sheepshead Bay,Private room in condo,Private room,2,1.5,1.5 baths,1.0,1.0,45.0,30,365,30.0,5.0,5.0,5.0,5.0,4.75,5.0,f,0.5698630136986301,47
24379,within an hour,100,96,t,t,t,Longwood,Private room in townhouse,Private room,2,1.0,1 shared bath,1.0,2.0,120.0,2,365,2.0,4.77,4.84,4.8,4.86,4.43,4.64,f,0.0876712328767123,25
24388,within an hour,100,100,f,t,f,St. George,Private room in home,Private room,4,1.0,1 private bath,2.0,2.0,151.0,2,90,2.0,4.59,4.61,4.82,4.78,4.41,4.54,f,0.0684931506849315,65
24396,within an hour,90,99,t,t,t,East Elmhurst,Private room in home,Private room,1,1.0,1 shared bath,1.0,1.0,72.0,2,28,2.0,4.74,4.65,4.94,4.83,4.61,4.7,f,0.1808219178082191,30
24397,within an hour,90,99,t,t,t,East Elmhurst,Private room in home,Private room,2,1.0,1 shared bath,1.0,1.0,52.0,2,1125,2.0,4.77,4.58,4.99,4.89,4.6,4.8,f,0.3890410958904109,23
24398,within an hour,100,98,f,t,t,South Slope,Entire townhouse,Entire home/apt,6,1.0,1 bath,2.0,4.0,400.0,2,90,2.0,4.75,4.94,4.94,4.93,4.78,4.65,f,0.1013698630136986,58
24429,within an hour,100,96,f,t,t,Bedford-Stuyvesant,Entire guest suite,Entire home/apt,4,1.0,1 bath,2.0,2.0,325.0,3,30,3.0,4.72,4.76,4.89,4.91,4.49,4.62,f,0.1041095890410958,53
24435,within an hour,100,97,t,t,t,Flatlands,Private room in home,Private room,2,1.0,1 private bath,1.0,1.0,109.0,2,28,2.0,4.9,4.94,4.89,4.92,4.81,4.81,f,0.6191780821917808,38
24440,within a few hours,100,98,t,t,t,Arverne,Private room in rental unit,Private room,2,1.0,1 shared bath,1.0,1.0,85.0,1,15,1.0,4.65,4.75,4.89,4.8,4.43,4.61,f,0.1589041095890411,23
24443,within an hour,100,100,t,t,t,Cambria Heights,Entire townhouse,Entire home/apt,2,1.0,1 bath,1.0,1.0,106.0,1,730,2.0,4.93,4.97,4.91,4.95,4.76,4.9,t,0.3150684931506849,43
24447,within an hour,100,100,t,t,t,Gramercy,Private room in loft,Private room,2,1.0,1 private bath,1.0,3.0,450.0,3,29,3.0,5.0,4.82,5.0,5.0,4.95,4.93,f,0.6219178082191781,48
24474,within an hour,100,100,t,t,t,Astoria,Private room in home,Private room,4,1.0,1 private bath,2.0,2.0,215.0,2,60,2.0,4.98,4.95,4.98,4.99,4.91,4.88,t,0.589041095890411,46
24478,within an hour,100,100,t,f,t,Sheepshead Bay,Entire condo,Entire home/apt,3,1.0,1 bath,0.0,2.0,188.0,3,29,3.0,4.91,4.85,5.0,4.94,4.87,4.83,t,0.1205479452054794,48
24485,within an hour,98,100,f,t,t,Midtown,Private room in rental unit,Private room,3,1.0,1 shared bath,1.0,2.0,82.0,1,365,1.0,4.32,4.47,4.64,4.57,4.74,4.4,t,0.6547945205479452,35
24488,within a few hours,100,79,t,t,t,Cypress Hills,Private room in home,Private room,2,1.0,1 shared bath,1.0,1.0,93.0,4,1125,4.0,4.9,4.85,4.91,4.87,4.71,4.89,f,0.6575342465753424,26
24491,within an hour,100,84,t,t,t,Kew Gardens,Entire loft,Entire home/apt,2,1.0,1 bath,1.0,1.0,150.0,2,16,2.0,4.97,4.97,4.98,4.98,4.84,4.86,f,0.1315068493150684,44
24493,within an hour,100,63,t,t,t,Williamsburg,Entire townhouse,Entire home/apt,5,1.0,1 bath,1.0,2.0,284.0,2,45,2.0,4.93,4.85,4.96,4.97,4.81,4.84,f,0.5095890410958904,36
24501,within an hour,97,98,f,t,t,Brighton Beach,Private room in home,Private room,1,2.0,2 shared baths,4.0,1.0,79.0,1,25,1.0,4.69,4.58,4.84,4.87,4.7,4.73,f,0.0438356164383561,8
24527,within a few hours,100,96,f,t,t,Canarsie,Private room in home,Private room,2,1.0,1 private bath,1.0,2.0,165.0,3,375,3.0,4.83,4.8,4.89,4.87,4.59,4.72,f,0.0136986301369863,24
24532,within an hour,100,98,f,t,t,Upper West Side,Entire condo,Entire home/apt,2,1.0,1 bath,1.0,1.0,222.0,1,1125,3.0,4.72,4.68,4.81,4.85,4.91,4.69,f,0.6136986301369863,47
24548,within an hour,100,97,f,t,f,Midtown,Private room in resort,Private room,2,1.0,1 private bath,0.0,1.0,495.0,1,1125,1.0,5.0,5.0,5.0,5.0,5.0,5.0,t,0.1589041095890411,28
24554,within an hour,100,100,f,t,f,Midtown,Private room in resort,Private room,2,1.0,1 private bath,0.0,1.0,471.0,1,1125,1.0,5.0,5.0,5.0,5.0,5.0,5.0,t,0.2410958904109589,34
24557,within an hour,100,97,t,t,t,Concourse,Private room in rental unit,Private room,2,1.0,1 private bath,1.0,1.0,159.0,1,30,1.0,4.86,4.68,4.91,4.93,4.5,4.84,t,0.1205479452054794,27
24571,within an hour,100,98,t,t,t,Flushing,Private room in home,Private room,2,1.0,1 shared bath,1.0,1.0,138.0,2,6,2.0,4.85,4.72,4.87,4.89,4.78,4.76,f,0.0,18
24573,within an hour,100,100,f,t,f,Midtown,Private room in resort,Private room,2,1.0,1 private bath,0.0,1.0,429.0,1,1125,1.0,4.75,5.0,4.75,5.0,5.0,4.75,t,0.1698630136986301,28
24586,within an hour,100,98,t,t,t,Fort Greene,Entire rental unit,Entire home/apt,4,2.0,2 baths,2.0,4.0,275.0,3,31,3.0,4.92,4.84,5.0,4.98,4.92,4.9,f,0.4356164383561643,50
24590,within a day,89,100,f,t,t,Mott Haven,Private room in home,Private room,2,1.5,1.5 shared baths,3.0,1.0,265.0,1,365,1.0,5.0,5.0,5.0,5.0,5.0,4.75,f,0.0,63
24609,within an hour,100,97,t,t,t,Sunnyside,Private room in home,Private room,2,1.0,1 shared bath,1.0,2.0,125.0,3,90,3.0,4.83,4.86,4.9,4.84,4.84,4.77,f,0.5808219178082191,53
24610,within an hour,100,100,f,t,t,Fresh Meadows,Private room in home,Private room,4,1.0,1 private bath,1.0,2.0,139.0,1,365,1.0,4.71,4.95,4.95,4.81,4.71,4.71,t,0.0,39
24611,within an hour,94,99,t,t,f,Springfield Gardens,Private room in vacation home,Private room,2,1.0,1 private bath,1.0,1.0,90.0,3,1125,3.0,4.84,4.74,4.84,4.94,4.66,4.64,t,0.0958904109589041,38
24614,within an hour,100,97,t,t,t,Brownsville,Private room in townhouse,Private room,2,1.5,1.5 shared baths,1.0,1.0,364.0,1,365,2.0,4.87,4.82,4.87,4.9,4.33,4.87,f,0.5808219178082191,88
24707,within an hour,100,97,t,t,t,Brownsville,Private room in townhouse,Private room,2,1.5,1.5 shared baths,1.0,1.0,506.0,1,365,2.0,4.96,4.92,4.98,4.98,4.52,4.88,f,0.5178082191780822,88
24708,within an hour,100,97,t,t,t,Brownsville,Private room in townhouse,Private room,2,1.5,1.5 shared baths,1.0,1.0,362.0,1,365,2.0,4.91,4.89,4.98,4.95,4.49,4.82,f,0.5095890410958904,86
24718,within an hour,100,99,t,t,f,Springfield Gardens,Private room in rental unit,Private room,6,1.0,1 private bath,2.0,4.0,170.0,2,30,2.0,4.87,4.81,4.94,4.94,4.67,4.85,t,0.2547945205479452,28
24730,within an hour,100,94,t,t,t,East Harlem,Private room in townhouse,Private room,2,1.0,1 private bath,1.0,1.0,149.0,3,14,3.0,5.0,4.99,4.95,4.99,4.59,4.91,f,0.6986301369863014,36
24777,within an hour,100,99,t,t,t,Canarsie,Private room in rental unit,Private room,2,1.0,1 shared bath,1.0,1.0,120.0,2,365,2.0,5.0,4.92,4.96,4.96,4.38,4.67,t,0.0958904109589041,37
24778,within an hour,100,99,t,t,t,Canarsie,Private room in rental unit,Private room,2,1.0,1 shared bath,1.0,1.0,125.0,2,365,2.0,4.83,4.83,5.0,4.89,4.56,4.78,t,0.010958904109589,40
24779,within an hour,92,100,f,t,t,Gramercy,Entire rental unit,Entire home/apt,5,2.0,2 baths,2.0,0.0,627.0,2,365,2.0,4.62,4.77,4.85,4.69,4.95,4.46,f,0.1178082191780822,29
24780,within an hour,100,92,t,t,t,Prospect Heights,Entire townhouse,Entire home/apt,2,1.0,1 bath,1.0,0.0,305.0,5,60,5.0,5.0,5.0,4.92,5.0,5.0,5.0,f,0.6767123287671233,51
24783,within an hour,90,93,t,t,t,Sheepshead Bay,Entire home,Entire home/apt,2,2.0,2 baths,2.0,3.0,350.0,2,27,2.0,4.88,4.84,4.92,4.96,4.92,4.88,f,0.0575342465753424,48
24790,within an hour,98,100,f,t,t,Murray Hill,Room in boutique hotel,Private room,2,1.0,1 bath,1.0,1.0,270.0,1,1125,2.0,4.55,4.61,4.75,4.59,4.88,4.46,t,0.1342465753424657,24
24791,within an hour,98,100,f,t,t,Murray Hill,Room in boutique hotel,Private room,2,1.0,1 bath,1.0,1.0,357.0,1,1125,2.0,4.83,4.83,4.67,4.83,4.83,4.75,t,0.1260273972602739,32
24792,within an hour,98,100,f,t,t,Midtown,Room in boutique hotel,Private room,2,1.0,1 bath,1.0,1.0,267.0,1,1125,2.0,4.54,4.66,4.78,4.59,4.81,4.47,t,0.2164383561643835,24
24796,within an hour,98,100,f,t,t,Murray Hill,Room in boutique hotel,Private room,2,1.0,1 bath,1.0,1.0,484.0,1,1125,2.0,5.0,4.75,4.75,5.0,4.75,4.75,t,0.1452054794520547,32
24797,within an hour,98,100,f,t,t,Midtown,Room in boutique hotel,Private room,4,1.0,1 bath,1.0,2.0,387.0,1,1125,2.0,4.11,4.67,4.44,4.11,4.44,3.67,t,0.3643835616438356,32
24799,within an hour,92,95,f,t,t,Midtown,Room in hotel,Hotel room,2,1.0,1 bath,1.0,1.0,296.0,1,1125,1.0,5.0,5.0,5.0,5.0,5.0,5.0,t,0.0356164383561643,21
24820,within an hour,92,95,f,t,t,Midtown,Room in hotel,Hotel room,2,1.0,1 bath,1.0,1.0,296.0,1,1125,1.0,4.0,5.0,5.0,5.0,5.0,3.0,t,0.0356164383561643,21
24827,within an hour,95,97,f,t,t,Murray Hill,Room in hotel,Hotel room,2,1.0,1 bath,1.0,1.0,308.0,1,1125,1.0,5.0,5.0,5.0,5.0,5.0,5.0,t,0.0904109589041095,19
24850,within an hour,98,78,f,t,t,Chelsea,Room in hotel,Private room,2,1.0,1 private bath,1.0,1.0,324.0,1,365,3.0,4.56,4.67,4.78,4.63,4.85,4.22,t,0.0054794520547945,45
24887,within an hour,100,97,f,t,f,Midtown,Private room in resort,Private room,2,1.0,1 private bath,0.0,1.0,495.0,1,1125,1.0,5.0,5.0,5.0,5.0,5.0,5.0,t,0.1589041095890411,28
24900,within a few hours,100,96,t,t,t,Crown Heights,Entire guest suite,Entire home/apt,2,1.0,1 bath,1.0,2.0,193.0,3,15,3.0,4.87,4.87,4.83,5.0,4.78,4.7,f,0.6191780821917808,26
24903,within an hour,100,95,f,t,t,Bushwick,Private room in rental unit,Private room,2,1.0,1 shared bath,1.0,1.0,125.0,1,365,1.0,4.44,4.27,4.69,4.87,4.54,4.38,t,0.136986301369863,27
24905,within an hour,100,95,f,t,t,Bushwick,Private room in rental unit,Private room,2,1.0,1 shared bath,1.0,1.0,100.0,1,365,1.0,4.42,4.56,4.63,4.64,4.47,4.29,t,0.1808219178082191,27
24938,within an hour,100,98,f,t,t,Jamaica,Private room in home,Private room,2,1.0,1 shared bath,1.0,1.0,80.0,2,1125,2.0,4.7,4.89,4.59,4.44,4.56,4.7,f,0.1150684931506849,43
24941,within an hour,100,66,f,t,t,Midtown,Room in hotel,Private room,4,2.0,2 baths,1.0,2.0,1414.0,1,1125,1.0,5.0,5.0,5.0,5.0,4.94,4.94,f,0.0246575342465753,53
24949,within an hour,100,97,t,t,t,Sunset Park,Private room in condo,Private room,2,1.0,1 private bath,1.0,2.0,250.0,1,365,1.0,4.9,4.97,4.95,4.95,4.89,4.85,f,0.0356164383561643,37
24955,within an hour,100,100,f,t,t,Williamsburg,Private room in rental unit,Private room,1,1.0,1 bath,1.0,2.0,94.0,3,15,3.0,4.7,4.5,4.86,4.76,4.78,4.67,t,0.6246575342465753,17
24977,within an hour,100,100,t,t,t,East Flatbush,Private room in home,Private room,1,1.0,1 shared bath,1.0,1.0,55.0,3,25,3.0,4.88,4.84,4.95,4.92,4.77,4.93,f,0.589041095890411,26
24982,within an hour,100,99,f,t,t,Lower East Side,Entire rental unit,Entire home/apt,4,1.0,1 bath,2.0,2.0,253.0,1,365,1.0,4.67,4.81,4.79,4.67,4.42,4.56,f,0.6931506849315069,28
24992,within an hour,100,97,f,t,t,SoHo,Entire loft,Entire home/apt,6,1.0,1 bath,1.0,3.0,305.0,1,365,6.0,4.57,4.37,4.7,4.8,4.5,4.4,t,0.0547945205479452,27
25001,within an hour,100,100,t,t,t,Jamaica,Private room in rental unit,Private room,4,1.0,1 private bath,2.0,3.0,144.0,2,50,3.0,4.59,4.64,4.64,4.82,4.45,4.59,f,0.336986301369863,60
25002,within an hour,100,100,t,t,t,Midtown,Entire rental unit,Entire home/apt,8,1.0,1 bath,0.0,4.0,329.0,1,25,1.0,4.76,4.66,4.9,4.92,4.9,4.79,t,0.3726027397260274,38
25007,within an hour,100,99,f,t,t,Chinatown,Entire rental unit,Entire home/apt,12,2.0,2 baths,5.0,6.0,1034.0,1,1125,1.0,4.77,4.82,4.79,4.75,4.61,4.57,t,0.6712328767123288,35
25018,within a few hours,100,94,f,t,t,Mott Haven,Private room in townhouse,Private room,2,1.0,1 private bath,1.0,2.0,156.0,1,60,1.0,4.89,4.81,5.0,4.96,4.48,4.78,f,0.3068493150684931,40
25019,within an hour,98,100,f,t,t,Midtown,Private room in rental unit,Private room,2,1.0,1 shared bath,1.0,1.0,65.0,1,365,1.0,3.82,4.18,4.32,3.95,4.55,3.64,t,0.4520547945205479,34
25040,within an hour,100,72,t,t,t,Sunnyside,Entire guest suite,Entire home/apt,10,2.0,2 baths,4.0,6.0,406.0,2,120,3.0,4.7,4.73,4.97,4.9,4.8,4.53,f,0.0821917808219178,36
25067,within an hour,94,99,t,t,f,Springfield Gardens,Private room in home,Private room,1,1.0,1 shared bath,1.0,1.0,55.0,5,365,5.0,4.9,4.9,4.9,4.9,4.8,4.8,f,0.2438356164383561,27
25068,within an hour,94,99,t,t,f,Springfield Gardens,Private room in rental unit,Private room,1,1.0,1 shared bath,1.0,1.0,55.0,5,365,5.0,4.52,4.67,4.67,4.86,4.52,4.52,t,0.1205479452054794,25
25075,within an hour,100,100,f,t,t,Westerleigh,Private room in guest suite,Private room,1,1.0,1 private bath,1.0,1.0,93.0,1,1125,1.0,4.92,5.0,5.0,4.92,4.92,4.85,f,0.0,47
25126,within an hour,100,100,t,t,t,St. Albans,Entire home,Entire home/apt,8,2.0,2 baths,3.0,3.0,255.0,1,90,1.0,4.93,4.92,4.99,4.97,4.8,4.93,f,0.5863013698630137,50
25129,within an hour,100,100,t,t,t,Jamaica,Private room in rental unit,Private room,2,1.0,1 private bath,1.0,2.0,190.0,1,28,5.0,4.92,4.95,4.95,4.9,4.54,4.8,f,0.0465753424657534,56
25145,within an hour,100,100,t,t,t,Richmond Hill,Private room in guest suite,Private room,2,1.0,1 private bath,1.0,1.0,125.0,2,1125,2.0,4.83,4.71,4.94,4.93,4.7,4.68,t,0.0821917808219178,42
25147,within an hour,100,100,f,t,t,Chelsea,Entire rental unit,Entire home/apt,4,1.0,1 bath,0.0,0.0,300.0,1,365,2.0,4.6,4.68,4.81,4.75,4.84,4.49,t,0.5945205479452055,22
25167,within an hour,100,99,t,t,t,Sunnyside,Private room in rental unit,Private room,2,1.0,1 shared bath,1.0,1.0,94.0,2,1125,3.0,4.93,4.94,4.89,4.94,4.87,4.87,f,0.5178082191780822,44
25195,within an hour,90,100,t,t,t,Parkchester,Private room in home,Private room,2,1.0,1 shared bath,2.0,2.0,155.0,2,30,2.0,4.97,4.94,5.0,5.0,4.56,4.78,f,0.5123287671232877,24
25204,within an hour,100,98,t,t,t,Harlem,Private room in rental unit,Private room,2,1.0,1 shared bath,1.0,1.0,142.0,4,60,4.0,4.8,4.98,4.8,4.8,4.53,4.71,t,0.1534246575342465,43
25221,within a few hours,100,97,t,t,f,East Flatbush,Entire home,Entire home/apt,2,1.0,1 bath,1.0,1.0,235.0,2,29,2.0,4.99,4.96,4.99,5.0,4.74,4.91,f,0.547945205479452,47
25237,within an hour,100,96,f,t,t,Woodside,Private room in condo,Private room,2,2.0,2 baths,1.0,1.0,200.0,2,1125,2.0,4.96,4.96,4.94,5.0,4.76,4.91,f,0.0958904109589041,22
25241,within an hour,100,95,t,t,t,Canarsie,Private room in home,Private room,1,1.0,1 private bath,1.0,1.0,105.0,2,90,2.0,4.95,4.94,4.94,5.0,4.65,4.83,f,0.6164383561643836,41
25261,within an hour,100,92,t,t,t,Jamaica Estates,Private room in home,Private room,2,1.0,1 private bath,0.0,1.0,207.0,3,1125,3.0,4.95,4.92,5.0,4.97,4.54,4.78,f,0.010958904109589,34
25292,within an hour,100,96,t,t,t,Laurelton,Entire guest suite,Entire home/apt,5,1.0,1 bath,2.0,2.0,214.0,2,365,2.0,4.83,4.94,4.83,5.0,4.72,4.83,f,0.5506849315068493,41
25310,within an hour,100,100,f,t,t,Flushing,Private room in home,Private room,5,2.0,2 baths,3.0,3.0,264.0,2,29,3.0,4.72,4.68,4.92,4.89,4.58,4.62,f,0.5589041095890411,38
25330,within an hour,100,100,t,t,t,Ozone Park,Private room in rental unit,Private room,6,2.0,2 baths,3.0,3.0,207.0,2,1125,2.0,4.8,4.68,4.86,4.83,4.65,4.61,t,0.2219178082191781,60
25336,within an hour,100,100,t,t,t,East New York,Entire rental unit,Entire home/apt,4,1.0,1 bath,2.0,2.0,202.0,2,45,2.0,4.84,4.94,4.95,5.0,4.23,4.81,f,0.6794520547945205,40
25341,within an hour,100,100,f,t,t,South Ozone Park,Private room in home,Private room,2,1.0,1 shared bath,1.0,1.0,85.0,1,1125,1.0,4.69,4.79,4.69,4.57,4.54,4.65,t,0.3041095890410959,14
25342,within an hour,100,100,f,t,t,South Ozone Park,Private room in home,Private room,2,1.0,1 shared bath,1.0,1.0,85.0,1,1125,1.0,4.71,4.86,4.68,4.56,4.62,4.65,t,0.2547945205479452,13
25343,within an hour,100,98,t,t,t,Sunset Park,Entire guesthouse,Entire home/apt,2,1.0,1 bath,2.0,3.0,198.0,2,1125,2.0,4.93,4.98,4.97,4.96,4.71,4.84,f,0.4383561643835616,48
25345,within an hour,100,100,f,t,t,South Ozone Park,Private room in home,Private room,2,1.0,1 private bath,1.0,1.0,105.0,1,365,1.0,4.65,4.8,4.7,4.44,4.61,4.61,t,0.2,16
25348,within an hour,100,100,f,t,f,Canarsie,Private room in home,Private room,2,1.0,1 shared bath,2.0,3.0,170.0,2,365,2.0,4.9,5.0,5.0,4.9,4.8,4.8,t,0.6931506849315069,51
25371,within an hour,100,96,f,t,t,Lower East Side,Room in hotel,Private room,2,1.0,1 private bath,0.0,1.0,283.0,1,28,4.0,4.73,4.77,4.86,4.82,4.75,4.52,t,0.3780821917808219,25
25372,within an hour,100,96,f,t,t,Lower East Side,Entire rental unit,Entire home/apt,2,1.0,1 bath,0.0,1.0,307.0,1,28,5.0,4.74,4.83,4.87,4.84,4.74,4.56,t,0.421917808219178,27
25384,within an hour,100,97,f,t,t,Jamaica,Entire guest suite,Entire home/apt,2,1.0,1 bath,1.0,1.0,138.0,1,28,1.0,4.7,4.76,4.88,4.83,4.24,4.63,f,0.6,50
25391,within an hour,100,100,t,t,f,Flatbush,Private room in home,Private room,2,1.0,1 private bath,1.0,2.0,129.0,2,27,2.0,4.96,4.98,4.97,4.96,4.87,4.92,f,0.3890410958904109,63
25424,within an hour,100,98,t,t,t,Bedford-Stuyvesant,Private room in rental unit,Private room,2,1.0,1 private bath,1.0,1.0,105.0,3,21,3.0,4.91,4.85,4.88,4.97,4.65,4.76,t,0.1260273972602739,54
25454,within an hour,100,100,f,t,t,Sunnyside,Private room in bed and breakfast,Private room,2,1.0,1 bath,1.0,1.0,116.0,1,28,1.0,4.73,4.63,4.89,4.83,4.86,4.67,f,0.0,30
25467,within an hour,100,98,t,t,t,East Flatbush,Entire home,Entire home/apt,5,1.0,1 bath,3.0,3.0,526.0,2,28,2.0,4.96,4.98,5.0,5.0,4.69,4.92,f,0.0410958904109589,52
25492,within an hour,100,95,t,t,t,Long Island City,Entire rental unit,Entire home/apt,4,1.0,1 bath,1.0,2.0,240.0,2,365,2.0,4.78,4.78,4.84,4.99,4.67,4.66,f,0.1698630136986301,60
25550,within an hour,100,99,t,t,t,Crown Heights,Entire townhouse,Entire home/apt,2,1.0,1 bath,1.0,2.0,275.0,1,29,3.0,4.95,4.96,4.96,4.97,4.85,4.83,t,0.2876712328767123,37
25561,within an hour,98,78,f,t,t,Chelsea,Room in hotel,Private room,2,1.0,1 shared bath,1.0,1.0,227.0,1,365,3.0,4.67,4.62,4.81,4.86,5.0,4.33,t,0.0520547945205479,45
25576,within an hour,100,100,t,t,t,Ditmars Steinway,Private room in rental unit,Private room,1,1.0,1 shared bath,1.0,1.0,101.0,3,35,3.0,4.92,4.64,4.97,4.97,4.86,4.89,t,0.0657534246575342,17
25581,within an hour,100,100,t,t,t,Richmond Hill,Entire home,Entire home/apt,8,1.0,1 bath,3.0,3.0,499.0,3,28,3.0,5.0,4.97,5.0,4.99,4.74,4.92,t,0.1561643835616438,64
25603,within an hour,90,99,t,t,t,Ridgewood,Private room in rental unit,Private room,2,1.0,1 private bath,1.0,2.0,150.0,3,30,3.0,4.78,4.73,4.82,4.82,4.52,4.65,f,0.1041095890410958,45
25605,within an hour,97,100,t,t,t,Financial District,Room in aparthotel,Entire home/apt,2,1.0,1 bath,0.0,1.0,375.0,1,365,4.0,4.44,4.78,4.89,4.67,4.89,4.22,t,0.2410958904109589,28
25606,within an hour,100,94,t,t,f,Flatbush,Private room in home,Private room,2,1.0,1 private bath,1.0,2.0,260.0,2,17,2.0,5.0,5.0,5.0,5.0,4.67,4.67,f,0.0794520547945205,60
25610,within an hour,97,100,t,t,t,Financial District,Room in aparthotel,Entire home/apt,4,1.0,1 bath,1.0,4.0,398.0,1,365,4.0,4.94,4.91,4.97,4.82,5.0,4.64,t,0.589041095890411,34
25612,within an hour,86,95,f,t,t,Chinatown,Private room in rental unit,Private room,2,1.0,1 shared bath,1.0,1.0,75.0,1,1125,2.0,4.3,4.09,4.7,4.77,4.68,4.32,f,0.4438356164383562,19
25613,within an hour,100,96,t,t,t,Richmond Hill,Entire guest suite,Entire home/apt,2,1.0,1 bath,1.0,1.0,177.0,2,365,2.0,4.92,5.0,5.0,5.0,4.75,4.86,f,0.1342465753424657,46
25614,within an hour,97,100,t,t,t,Financial District,Room in aparthotel,Entire home/apt,2,1.0,1 bath,1.0,1.0,449.0,1,365,4.0,4.83,4.83,4.83,4.92,4.83,4.75,t,0.336986301369863,34
25616,within an hour,97,100,t,t,t,Financial District,Room in aparthotel,Entire home/apt,4,1.5,1.5 baths,1.0,3.0,586.0,1,365,4.0,4.93,4.93,5.0,4.93,4.8,4.53,t,0.410958904109589,31
25617,within an hour,97,100,t,t,t,Financial District,Room in aparthotel,Entire home/apt,4,2.0,2 baths,2.0,2.0,751.0,1,365,4.0,4.4,4.63,4.8,4.6,4.73,4.27,t,0.347945205479452,34
25618,within an hour,97,100,t,t,t,Financial District,Room in aparthotel,Entire home/apt,2,1.0,1 bath,1.0,1.0,453.0,1,365,4.0,4.5,4.0,4.0,4.5,4.0,4.5,t,0.336986301369863,35
25619,within an hour,100,100,f,t,t,East Elmhurst,Private room in home,Private room,2,1.0,1 private bath,1.0,1.0,239.0,1,30,1.0,4.83,4.94,4.8,4.84,4.78,4.64,f,0.0136986301369863,50
25620,within an hour,100,97,t,t,t,Williamsburg,Private room in rental unit,Private room,2,1.0,1 shared bath,1.0,1.0,116.0,2,365,2.0,4.91,4.97,4.91,4.99,4.85,4.79,f,0.6219178082191781,23
25655,within a few hours,100,92,t,f,t,Bedford-Stuyvesant,Private room in rental unit,Private room,6,1.0,1 private bath,3.0,4.0,488.0,3,28,3.0,4.95,4.95,4.95,4.96,4.66,4.76,f,0.5972602739726027,44
25684,within an hour,100,100,t,t,t,Bedford-Stuyvesant,Entire rental unit,Entire home/apt,2,1.0,1 bath,1.0,1.0,170.0,3,1125,3.0,4.93,4.97,4.97,5.0,4.8,4.87,t,0.3397260273972602,51
25691,within an hour,100,100,t,t,t,Sunset Park,Entire home,Entire home/apt,2,1.5,1.5 baths,1.0,2.0,154.0,2,28,2.0,4.9,4.94,4.98,4.97,4.45,4.78,f,0.6657534246575343,56
25702,within an hour,96,99,f,t,f,Lower East Side,Entire rental unit,Entire home/apt,3,1.0,1 bath,1.0,2.0,399.0,2,1125,2.0,4.85,4.44,4.99,4.93,4.8,4.61,t,0.1232876712328767,52
25710,within an hour,100,95,t,t,t,Rosedale,Private room in guest suite,Private room,9,2.0,2 baths,3.0,3.0,225.0,4,1125,3.0,4.88,4.71,4.96,5.0,4.9,4.78,f,0.010958904109589,51
25711,within an hour,100,100,f,t,t,Jamaica,Private room in home,Private room,2,1.0,1 shared bath,1.0,2.0,85.0,1,30,1.0,4.86,4.87,4.87,4.84,4.59,4.77,f,0.0986301369863013,50
25720,within an hour,92,95,f,t,t,Midtown,Room in hotel,Hotel room,2,1.0,1 bath,1.0,1.0,237.0,1,1125,1.0,3.5,4.0,4.0,3.0,4.0,3.0,t,0.0191780821917808,21
25725,within an hour,100,97,t,t,t,Melrose,Private room in townhouse,Private room,2,1.5,1.5 shared baths,1.0,2.0,99.0,2,28,2.0,4.89,4.81,4.95,4.94,4.4,4.76,f,0.5945205479452055,43
25734,within an hour,100,97,t,t,t,Melrose,Private room in townhouse,Private room,2,1.5,1.5 shared baths,1.0,1.0,84.0,2,28,2.0,4.86,4.82,4.95,4.96,4.25,4.82,f,0.6602739726027397,48
25738,within an hour,95,97,f,t,t,Murray Hill,Room in hotel,Hotel room,8,2.0,2 baths,2.0,4.0,678.0,1,1125,1.0,5.0,5.0,5.0,5.0,5.0,4.33,t,0.0630136986301369,19
25743,within an hour,95,97,f,t,t,Murray Hill,Entire serviced apartment,Entire home/apt,4,1.0,1 bath,1.0,1.0,400.0,1,1125,1.0,5.0,5.0,5.0,5.0,5.0,5.0,t,0.1205479452054794,19
25748,within an hour,100,97,t,t,t,Melrose,Private room in townhouse,Private room,2,1.5,1.5 shared baths,1.0,2.0,84.0,2,28,2.0,4.85,4.85,4.94,4.94,4.18,4.79,f,0.6767123287671233,48
25762,within a day,100,90,t,t,t,East New York,Private room in bed and breakfast,Private room,2,1.0,1 shared bath,1.0,1.0,110.0,1,29,1.0,4.9,4.94,4.96,4.91,4.74,4.84,f,0.6164383561643836,37
25769,within an hour,92,95,f,t,t,Midtown,Room in hotel,Hotel room,8,2.0,2 baths,2.0,4.0,328.0,1,1125,1.0,3.0,3.0,3.0,3.0,4.0,2.0,t,0.073972602739726,21
25772,within an hour,100,100,t,t,t,Morris Heights,Private room in home,Private room,2,1.0,1 shared bath,1.0,1.0,128.0,1,1125,1.0,4.86,4.69,4.85,4.92,4.28,4.64,t,0.073972602739726,52
25774,within an hour,98,100,f,t,t,Murray Hill,Entire rental unit,Entire home/apt,2,1.0,1 bath,0.0,1.0,315.0,1,1125,2.0,4.29,4.17,4.5,4.37,4.67,4.09,t,0.1342465753424657,33
25777,within an hour,100,100,t,t,t,Clifton,Private room in home,Private room,2,1.0,1 private bath,1.0,1.0,125.0,1,30,1.0,4.93,4.95,4.93,4.97,4.82,4.89,f,0.0273972602739726,48
25781,within an hour,92,95,f,t,t,Midtown,Room in hotel,Hotel room,4,1.0,1 bath,1.0,2.0,164.0,1,1125,1.0,5.0,4.0,5.0,3.0,5.0,4.0,t,0.0520547945205479,21
25785,within a day,80,57,t,t,t,Midtown,Private room in rental unit,Private room,1,1.0,1 shared bath,2.0,1.0,159.0,3,90,3.0,4.88,4.94,4.94,4.94,5.0,4.63,f,0.589041095890411,7
25831,within an hour,100,80,t,t,t,Bedford-Stuyvesant,Entire guest suite,Entire home/apt,2,1.0,1 bath,1.0,1.0,215.0,5,26,5.0,4.97,4.95,4.97,5.0,4.79,4.82,f,0.6410958904109589,35
25832,within an hour,100,93,f,t,t,Cobble Hill,Private room in condo,Private room,2,1.0,1 private bath,1.0,1.0,209.0,7,730,7.0,4.84,4.84,4.89,4.95,4.53,4.63,f,0.0273972602739726,45
25858,within a few hours,100,100,t,t,t,Harlem,Entire rental unit,Entire home/apt,7,2.0,2 baths,2.0,3.0,382.0,5,20,5.0,4.82,4.77,4.89,4.59,4.57,4.68,t,0.4602739726027397,40
25872,within an hour,100,99,t,t,t,Queens Village,Private room in home,Private room,2,1.0,1 private bath,1.0,1.0,102.0,1,10,1.0,4.97,4.98,4.99,4.99,4.89,4.98,f,0.6547945205479452,49
25890,within an hour,92,95,f,t,t,Midtown,Room in hotel,Hotel room,8,2.0,2 baths,2.0,4.0,296.0,1,1125,1.0,5.0,5.0,5.0,5.0,5.0,5.0,t,0.0630136986301369,21
25894,within an hour,92,95,f,t,t,Midtown,Room in hotel,Hotel room,5,1.0,1 bath,1.0,2.0,164.0,1,1125,1.0,4.0,4.0,4.0,5.0,4.0,3.0,t,0.084931506849315,21
25901,within a few hours,100,98,f,t,t,Boerum Hill,Entire rental unit,Entire home/apt,2,1.0,1 bath,1.0,1.0,236.0,1,1125,2.0,4.86,4.94,4.91,4.95,4.91,4.82,f,0.1890410958904109,42
25925,within a few hours,100,98,t,t,t,Crown Heights,Entire condo,Entire home/apt,5,1.0,1 bath,2.0,3.0,489.0,3,365,3.0,4.85,4.7,5.0,4.93,4.67,4.7,f,0.4027397260273972,57
25928,within an hour,100,91,t,t,t,Flatbush,Private room in rental unit,Private room,4,1.0,1 shared bath,1.0,1.0,115.0,8,30,8.0,5.0,5.0,5.0,5.0,5.0,5.0,f,0.2931506849315068,36
25929,within an hour,100,99,f,t,t,East New York,Private room in rental unit,Private room,2,1.0,1 private bath,1.0,1.0,131.0,1,28,1.0,4.82,4.81,4.94,4.92,4.71,4.76,t,0.0493150684931506,21
25935,within an hour,100,91,t,t,t,Flatbush,Private room in rental unit,Private room,1,1.0,1 shared bath,1.0,1.0,86.0,5,15,5.0,4.79,4.89,4.89,4.95,4.53,4.84,f,0.4164383561643835,54
25940,within an hour,100,99,t,f,t,Flatlands,Private room in home,Private room,2,1.0,1 private bath,1.0,1.0,89.0,2,28,2.0,4.8,4.93,4.9,4.9,4.61,4.8,f,0.0191780821917808,50
25966,within an hour,100,98,t,t,t,Midtown,Entire serviced apartment,Entire home/apt,2,1.0,1 bath,0.0,1.0,536.0,1,365,5.0,4.0,4.0,5.0,4.0,5.0,5.0,t,0.0054794520547945,34
25968,within an hour,100,99,f,t,t,Theater District,Entire serviced apartment,Entire home/apt,2,1.0,1 bath,1.0,1.0,437.0,5,28,5.0,3.5,4.0,5.0,4.5,5.0,4.5,t,0.010958904109589,11
25969,within an hour,100,99,f,t,t,Theater District,Entire serviced apartment,Entire home/apt,2,1.0,1 bath,1.0,1.0,640.0,5,28,5.0,5.0,5.0,5.0,5.0,5.0,5.0,t,0.0082191780821917,12
25988,within an hour,100,97,t,t,t,Bensonhurst,Private room in rental unit,Private room,4,1.0,1 private bath,2.0,2.0,141.0,1,29,1.0,4.94,4.92,4.92,4.96,4.76,4.89,f,0.3671232876712328,25
26005,within an hour,100,99,t,t,t,Canarsie,Entire guest suite,Entire home/apt,3,1.5,1.5 baths,1.0,1.0,251.0,1,15,2.0,4.99,5.0,5.0,5.0,4.87,4.97,f,0.1397260273972602,54
26011,within an hour,100,83,t,t,t,Concourse Village,Private room in rental unit,Private room,2,1.0,1 shared bath,1.0,1.0,85.0,3,180,3.0,5.0,5.0,5.0,5.0,5.0,5.0,f,0.084931506849315,50
26026,within an hour,100,92,t,t,t,City Island,Entire home,Entire home/apt,8,3.0,3 baths,4.0,5.0,585.0,2,365,2.0,4.97,4.96,4.99,5.0,4.96,4.89,f,0.2082191780821917,82
26057,within an hour,100,84,t,t,t,Woodhaven,Private room in home,Private room,2,1.0,1 private bath,1.0,1.0,105.0,1,7,1.0,4.89,4.91,4.87,4.93,4.76,4.89,f,0.4986301369863014,29
26060,within an hour,97,100,t,t,t,Ditmars Steinway,Private room in townhouse,Private room,8,2.0,2 baths,3.0,4.0,399.0,4,28,4.0,4.78,4.61,4.89,4.95,4.81,4.62,t,0.3041095890410959,59
26095,within an hour,100,100,t,t,t,East Flatbush,Private room in home,Private room,2,1.0,1 private bath,1.0,3.0,192.0,3,90,3.0,4.84,4.81,4.88,4.98,4.42,4.84,f,0.2821917808219178,51
26098,within an hour,100,100,f,t,t,Bushwick,Entire rental unit,Entire home/apt,6,1.0,1 bath,2.0,2.0,220.0,1,365,2.0,4.68,4.68,4.89,4.83,4.86,4.68,t,0.1726027397260274,37
26103,within an hour,100,99,t,t,t,Richmond Hill,Entire guest suite,Entire home/apt,2,1.0,1 bath,1.0,1.0,126.0,2,1125,2.0,4.93,4.96,4.96,4.97,4.78,4.89,f,0.084931506849315,45
26122,within an hour,100,91,t,t,t,Whitestone,Private room in home,Private room,2,1.0,1 private bath,1.0,2.0,100.0,1,365,1.0,4.84,4.82,4.92,4.95,4.78,4.77,f,0.6054794520547945,28
26135,within an hour,100,99,t,t,t,East Elmhurst,Entire rental unit,Entire home/apt,6,2.0,2 baths,3.0,3.0,305.0,2,365,2.0,4.86,4.83,4.87,4.9,4.78,4.76,f,0.6493150684931507,54
26139,within an hour,100,95,t,t,t,Bedford-Stuyvesant,Entire townhouse,Entire home/apt,2,1.0,1 bath,0.0,2.0,225.0,30,90,3.0,4.97,4.92,4.97,5.0,4.89,4.92,f,0.147945205479452,41
26161,within an hour,100,100,t,t,t,Crown Heights,Entire home,Entire home/apt,5,1.0,1 bath,3.0,3.0,284.0,2,730,2.0,4.74,4.77,4.79,4.88,4.51,4.67,t,0.2410958904109589,51
26187,within an hour,100,94,f,t,t,Midtown,Entire rental unit,Entire home/apt,2,1.0,1 bath,0.0,1.0,221.0,1,1125,1.0,4.87,4.78,4.91,4.86,4.96,4.72,f,0.4547945205479452,35
26211,within an hour,100,100,f,t,t,Harlem,Private room in rental unit,Private room,2,1.0,1 shared bath,1.0,1.0,85.0,1,365,1.0,4.7,4.75,4.83,4.77,4.56,4.7,t,0.2219178082191781,40
26223,within an hour,100,100,t,t,t,East Flatbush,Private room in home,Private room,8,1.0,1 private bath,2.0,8.0,236.0,1,28,1.0,4.83,4.71,4.98,4.91,4.7,4.76,f,0.6082191780821918,57
26247,within an hour,100,97,t,t,t,Sheepshead Bay,Entire condo,Entire home/apt,2,1.0,1 bath,1.0,1.0,185.0,2,365,2.0,4.91,4.91,4.97,4.97,4.82,4.82,t,0.6383561643835617,51
26267,within an hour,100,99,t,t,t,Williamsburg,Entire rental unit,Entire home/apt,4,1.5,1.5 baths,2.0,2.0,193.0,2,30,2.0,4.99,4.93,4.96,4.98,4.86,4.82,f,0.4410958904109589,49
26269,within a few hours,100,91,f,t,t,Flatbush,Private room in rental unit,Private room,2,1.0,1 private bath,1.0,1.0,175.0,3,14,3.0,4.95,4.95,4.97,4.92,5.0,4.79,f,0.1726027397260274,48
26274,within an hour,100,96,f,t,t,Ridgewood,Private room in rental unit,Private room,2,1.0,1 shared bath,1.0,1.0,150.0,1,90,1.0,4.88,4.54,4.92,5.0,4.92,4.65,f,0.0602739726027397,52
26276,within an hour,100,90,t,t,t,Woodlawn,Private room in condo,Private room,1,1.0,1 shared bath,1.0,1.0,95.0,3,1125,3.0,5.0,5.0,4.96,5.0,4.85,4.85,f,0.1205479452054794,41
26300,within an hour,100,99,f,t,t,Williamsburg,Entire rental unit,Entire home/apt,4,1.0,1 bath,1.0,2.0,309.0,1,365,1.0,4.73,4.81,4.78,4.78,4.82,4.46,t,0.5424657534246575,21
26344,within an hour,100,99,f,t,t,Williamsburg,Entire rental unit,Entire home/apt,2,1.0,1 bath,1.0,1.0,275.0,1,365,1.0,4.58,4.73,4.68,4.62,4.76,4.31,t,0.5424657534246575,21
26364,within an hour,100,96,t,t,t,Edgemere,Private room in home,Private room,4,1.0,1 private bath,2.0,2.0,120.0,3,28,3.0,4.79,4.71,4.86,4.93,4.86,4.86,f,0.1424657534246575,31
26393,within an hour,100,100,t,t,t,Bedford-Stuyvesant,Private room in home,Private room,2,1.0,1 private bath,1.0,1.0,194.0,2,365,2.0,4.66,4.66,4.79,4.79,4.66,4.55,f,0.0082191780821917,40
26400,within an hour,100,90,t,t,f,East Flatbush,Entire guest suite,Entire home/apt,2,1.0,1 bath,1.0,1.0,125.0,2,5,2.0,4.88,4.84,4.99,4.99,4.52,4.71,f,0.6410958904109589,41
26428,within an hour,90,99,t,t,t,College Point,Entire home,Entire home/apt,6,1.0,1 bath,3.0,4.0,229.0,1,31,1.0,4.76,4.58,4.83,4.78,4.76,4.68,f,0.6136986301369863,51
26443,within an hour,98,100,f,t,t,Midtown,Private room in rental unit,Private room,5,1.0,1 shared bath,1.0,3.0,88.0,1,365,1.0,4.07,4.07,4.14,4.39,4.71,4.14,t,0.5698630136986301,34
26455,within an hour,100,93,f,t,t,Jamaica,Private room in home,Private room,2,1.0,1 private bath,1.0,1.0,136.0,1,10,1.0,4.79,4.79,4.89,4.84,4.37,4.63,f,0.073972602739726,32
26497,within a few hours,100,84,t,t,t,Upper East Side,Entire rental unit,Entire home/apt,2,2.0,2 baths,1.0,1.0,405.0,4,31,4.0,4.96,5.0,5.0,4.96,5.0,4.85,f,0.5506849315068493,40
26532,within an hour,100,95,t,t,f,East New York,Entire rental unit,Entire home/apt,6,2.0,2 baths,3.0,3.0,454.0,3,30,5.0,4.91,5.0,4.99,4.97,4.37,4.82,f,0.1068493150684931,58
26553,within an hour,100,91,t,t,t,Cypress Hills,Entire guest suite,Entire home/apt,2,2.0,2 baths,2.0,2.0,216.0,4,29,4.0,4.99,4.97,4.99,4.99,4.54,4.86,f,0.3726027397260274,37
26566,within an hour,94,100,f,t,t,Midtown,Room in hotel,Private room,3,1.0,1 bath,1.0,2.0,256.0,1,29,2.0,5.0,5.0,5.0,5.0,5.0,5.0,t,0.3589041095890411,15
26600,within an hour,100,100,f,t,t,Hell's Kitchen,Entire rental unit,Entire home/apt,4,1.0,1 bath,1.0,2.0,278.0,1,365,99.0,4.28,4.34,4.74,4.64,4.65,4.37,t,0.4438356164383562,22
26630,within an hour,98,100,f,t,t,Midtown,Private room in rental unit,Private room,8,1.0,1 shared bath,1.0,5.0,154.0,1,365,1.0,4.34,4.35,4.56,4.44,4.81,4.28,t,0.6876712328767123,33
26651,within an hour,90,91,t,t,f,Bushwick,Private room in rental unit,Private room,2,1.0,1 shared bath,1.0,1.0,200.0,2,60,2.0,4.81,5.0,4.92,4.92,4.36,4.72,t,0.0,35
26656,within an hour,100,99,t,t,t,South Ozone Park,Private room in home,Private room,7,2.0,2 baths,3.0,4.0,266.0,2,365,2.0,4.78,4.83,4.85,4.8,4.73,4.63,f,0.0794520547945205,49
26677,within an hour,100,100,t,t,t,Bushwick,Private room in townhouse,Private room,2,1.0,1 private bath,1.0,1.0,190.0,2,1125,2.0,4.95,4.89,4.9,4.97,4.79,4.83,t,0.073972602739726,52
26683,within an hour,100,89,f,t,f,Bushwick,Private room in rental unit,Private room,2,1.0,1 private bath,1.0,2.0,177.0,2,27,2.0,4.53,4.93,4.8,4.93,4.73,4.53,f,0.0,48
26750,within an hour,100,90,t,t,t,Park Slope,Private room in home,Private room,2,1.0,1 private bath,1.0,1.0,223.0,2,14,2.0,4.99,5.0,4.96,4.99,5.0,4.86,f,0.4438356164383562,46
26765,within an hour,100,100,f,t,t,South Ozone Park,Private room in home,Private room,7,2.0,2 baths,3.0,5.0,246.0,2,365,2.0,4.35,4.88,4.81,4.62,4.38,4.31,t,0.0684931506849315,30
26777,within an hour,100,96,t,t,t,Ditmars Steinway,Private room in rental unit,Private room,2,1.0,1 private bath,2.0,3.0,200.0,1,4,2.0,4.94,4.98,4.94,4.96,4.94,4.85,t,0.5671232876712329,53
26778,within an hour,100,100,t,t,t,Cambria Heights,Private room in home,Private room,4,1.0,1 private bath,2.0,3.0,228.0,1,30,1.0,4.97,4.97,4.97,4.97,4.77,4.8,t,0.5068493150684932,72
26819,within an hour,100,97,t,t,t,Canarsie,Entire rental unit,Entire home/apt,4,1.0,1 bath,0.0,2.0,320.0,2,28,2.0,4.95,4.98,4.95,4.95,4.68,4.87,f,0.1315068493150684,66
26824,within an hour,100,100,t,t,t,South Ozone Park,Private room in home,Private room,2,1.0,1 private bath,2.0,2.0,208.0,1,730,1.0,4.98,4.93,4.99,4.98,4.89,4.93,f,0.284931506849315,55
26826,within an hour,100,88,t,t,t,Astoria,Entire guest suite,Entire home/apt,4,1.0,1 bath,2.0,2.0,281.0,2,1125,2.0,4.94,4.95,4.98,4.8,4.89,4.87,f,0.6356164383561644,43
26831,within an hour,80,100,t,t,t,Chelsea,Entire rental unit,Entire home/apt,6,1.0,1 bath,1.0,2.0,282.0,1,365,1.0,4.84,4.94,4.81,4.69,4.84,4.74,t,0.1835616438356164,50
26845,within an hour,100,94,f,t,t,Woodside,Private room in home,Private room,2,1.0,1 shared bath,1.0,1.0,111.0,1,28,1.0,4.55,4.53,4.46,4.67,4.57,4.46,f,0.5780821917808219,45
26847,within an hour,100,94,f,t,t,Astoria,Private room in home,Private room,2,1.0,1 private bath,1.0,1.0,121.0,1,28,1.0,4.76,4.81,4.69,4.86,4.75,4.75,f,0.6410958904109589,40
26852,within an hour,100,100,f,t,t,SoHo,Room in hotel,Private room,4,1.0,1 shared bath,0.0,2.0,253.0,1,365,1.0,4.67,4.33,4.67,4.67,4.83,3.67,t,0.6520547945205479,9
26853,within an hour,94,100,f,t,t,Midtown,Room in hotel,Private room,4,1.0,1 bath,1.0,2.0,286.0,1,29,2.0,5.0,5.0,5.0,5.0,5.0,5.0,t,0.1013698630136986,14
26854,within an hour,94,100,f,t,t,Midtown,Room in hotel,Private room,4,1.0,1 bath,1.0,2.0,316.0,1,29,2.0,5.0,5.0,5.0,5.0,4.67,5.0,t,0.1150684931506849,15
26855,within an hour,94,100,f,t,t,Midtown,Room in hotel,Private room,4,2.0,2 baths,1.0,2.0,391.0,1,29,2.0,4.85,4.54,5.0,4.92,5.0,4.54,t,0.0547945205479452,16
26856,within an hour,94,100,f,t,t,Midtown,Room in hotel,Private room,4,2.0,2 shared baths,1.0,2.0,541.0,1,29,2.0,4.67,4.0,4.67,4.67,4.67,4.33,t,0.0630136986301369,13
26904,within an hour,100,100,t,t,f,St. Albans,Private room in home,Private room,2,1.0,1 private bath,2.0,2.0,135.0,2,1125,2.0,4.89,4.89,4.94,4.87,4.63,4.72,f,0.1123287671232876,38
26912,within an hour,100,100,t,t,t,Woodhaven,Private room in ranch,Private room,2,1.0,1 private bath,1.0,1.0,150.0,3,28,3.0,4.96,4.92,4.96,4.94,4.77,4.87,t,0.0493150684931506,18
26913,within an hour,100,96,f,t,t,Springfield Gardens,Private room in home,Private room,5,1.5,1.5 baths,3.0,4.0,329.0,2,365,2.0,4.75,5.0,4.75,5.0,4.75,5.0,f,0.0164383561643835,54
26939,within an hour,100,100,t,t,f,Rosedale,Private room in home,Private room,4,1.0,1 private bath,2.0,2.0,163.0,2,25,2.0,4.97,4.95,4.97,4.99,4.77,4.97,t,0.421917808219178,50
26945,within an hour,100,100,t,t,t,Middle Village,Entire rental unit,Entire home/apt,6,2.0,2 baths,2.0,3.0,229.0,2,365,2.0,4.91,4.93,4.99,4.96,4.81,4.84,t,0.673972602739726,47
26946,within an hour,92,99,f,t,t,Chelsea,Entire rental unit,Entire home/apt,2,1.0,1 bath,1.0,1.0,275.0,1,365,1.0,4.53,4.67,4.73,4.68,4.86,4.38,t,0.4410958904109589,25
26973,within an hour,100,74,t,t,t,Bedford-Stuyvesant,Private room in townhouse,Private room,2,2.0,2 baths,2.0,2.0,301.0,2,365,2.0,4.91,4.81,4.96,4.95,4.86,4.8,f,0.1095890410958904,54
26974,within an hour,100,100,t,t,t,Crown Heights,Entire guest suite,Entire home/apt,10,2.0,2 baths,4.0,4.0,453.0,5,120,5.0,4.86,4.76,4.9,4.94,4.16,4.72,f,0.2794520547945205,38
26980,within an hour,100,96,t,t,t,Bay Terrace,Private room in home,Private room,2,1.0,1 private bath,1.0,2.0,169.0,2,365,2.0,4.92,4.89,4.81,4.89,4.83,4.72,f,0.0493150684931506,45
26988,within an hour,100,100,t,t,t,Harlem,Entire rental unit,Entire home/apt,4,1.0,1 bath,1.0,2.0,190.0,5,29,5.0,4.85,4.83,4.92,4.92,4.53,4.73,t,0.5808219178082191,42
27080,within an hour,100,96,f,t,t,Queens Village,Entire home,Entire home/apt,8,1.5,1.5 baths,3.0,4.0,266.0,2,365,2.0,4.56,4.46,4.94,4.88,4.75,4.6,f,0.0657534246575342,42
27087,within an hour,91,99,f,t,t,Port Morris,Entire serviced apartment,Entire home/apt,2,1.0,1 bath,0.0,1.0,190.0,1,365,30.0,4.0,4.08,4.0,3.83,3.83,3.83,t,0.0054794520547945,44
27106,within an hour,100,100,t,t,t,Bedford-Stuyvesant,Private room in loft,Private room,2,1.5,1.5 shared baths,1.0,2.0,143.0,1,730,1.0,4.75,4.57,4.89,4.97,4.78,4.65,t,0.0630136986301369,54
27115,within an hour,100,78,t,t,t,Crown Heights,Private room in rental unit,Private room,2,1.5,1.5 baths,1.0,1.0,189.0,1,365,1.0,4.86,4.86,5.0,4.95,4.77,4.68,f,0.0465753424657534,74
27166,within a few hours,100,92,t,t,t,Crown Heights,Private room in townhouse,Private room,2,1.0,1 private bath,2.0,2.0,308.0,2,28,4.0,4.97,5.0,5.0,4.97,4.87,4.81,f,0.4383561643835616,68
27185,within a few hours,100,100,f,t,t,East New York,Private room in rental unit,Private room,1,1.0,1 private bath,1.0,1.0,71.0,5,365,5.0,4.86,4.95,4.81,4.9,4.57,4.95,f,0.284931506849315,71
27204,within an hour,100,96,t,t,t,Mott Haven,Private room in home,Private room,2,1.0,1 private bath,1.0,1.0,200.0,2,365,2.0,4.8,4.85,4.9,4.88,4.45,4.73,f,0.0547945205479452,44
27205,within a few hours,100,34,t,t,t,SoHo,Room in hotel,Private room,2,1.0,1 private bath,1.0,1.0,449.0,1,30,1.0,3.8,4.6,4.6,4.0,4.6,3.8,f,0.0136986301369863,8
27256,within an hour,100,97,t,t,t,Washington Heights,Entire home,Entire home/apt,16,0.0,4.5 baths,6.0,5.0,685.0,3,60,5.0,4.82,4.73,4.89,4.89,4.62,4.76,f,0.1095890410958904,37
27263,within an hour,100,97,f,t,t,Financial District,Entire rental unit,Entire home/apt,5,1.0,1 bath,1.0,3.0,529.0,4,365,4.0,4.89,4.8,4.94,4.97,4.94,4.77,f,0.136986301369863,25
27286,within an hour,94,96,f,t,t,Upper West Side,Entire serviced apartment,Entire home/apt,4,1.0,1 bath,1.0,2.0,581.0,1,365,3.0,4.0,4.0,5.0,5.0,5.0,4.0,t,0.5534246575342465,28
27301,within an hour,100,100,f,f,t,East Flatbush,Entire rental unit,Entire home/apt,3,1.0,1 bath,2.0,4.0,150.0,6,30,6.0,4.86,4.9,4.9,4.76,4.55,4.72,t,0.2219178082191781,56
27321,within an hour,100,88,t,t,t,Harlem,Private room in condo,Private room,2,1.0,1 private bath,1.0,1.0,175.0,2,14,2.0,4.98,4.96,5.0,5.0,4.71,4.92,f,0.4904109589041096,44
27351,within an hour,89,87,f,t,t,Midtown,Room in hotel,Hotel room,8,2.0,2 baths,2.0,4.0,160.0,1,1125,3.0,3.0,5.0,5.0,5.0,5.0,2.0,t,0.1095890410958904,22
27353,within an hour,89,87,f,t,t,Midtown,Room in hotel,Hotel room,2,1.0,1 bath,1.0,1.0,160.0,1,1125,3.0,5.0,5.0,5.0,5.0,5.0,4.67,t,0.0794520547945205,22
27358,within an hour,89,87,f,t,t,Midtown,Room in hotel,Hotel room,2,1.0,1 bath,1.0,1.0,128.0,1,1125,3.0,4.5,4.5,5.0,5.0,5.0,4.0,t,0.0438356164383561,22
27361,within an hour,100,100,f,t,f,St. Albans,Private room in rental unit,Private room,2,2.0,2 baths,1.0,1.0,139.0,1,28,1.0,4.67,4.72,4.72,4.64,4.44,4.64,t,0.5780821917808219,66
27380,within an hour,100,100,t,t,t,Bath Beach,Private room in townhouse,Private room,2,1.5,1.5 baths,1.0,1.0,122.0,2,365,2.0,4.95,5.0,5.0,4.97,4.97,5.0,f,0.2493150684931507,76
27383,within an hour,100,100,t,t,t,Financial District,Entire rental unit,Entire home/apt,6,2.0,2 baths,1.0,3.0,618.0,1,29,3.0,4.95,5.0,4.93,4.95,4.81,4.81,t,0.1945205479452054,41
27392,within an hour,100,99,t,t,t,Corona,Entire rental unit,Entire home/apt,5,2.0,2 baths,2.0,3.0,199.0,1,365,1.0,4.93,4.89,4.93,4.95,4.45,4.84,f,0.2136986301369863,55
27411,within an hour,89,87,f,t,t,Tribeca,Room in hotel,Hotel room,8,2.0,2 baths,2.0,2.0,154.0,1,1125,3.0,5.0,5.0,5.0,5.0,5.0,4.0,t,0.0410958904109589,19
27423,within an hour,89,87,f,t,t,Tribeca,Room in hotel,Hotel room,4,1.0,1 bath,1.0,2.0,192.0,1,1125,3.0,5.0,5.0,5.0,5.0,5.0,5.0,t,0.0904109589041095,19
27440,within an hour,100,100,t,t,t,Financial District,Private room in rental unit,Private room,4,1.0,1 private bath,1.0,2.0,502.0,1,29,3.0,4.87,4.97,5.0,4.87,4.87,4.9,t,0.1041095890410958,41
27441,within an hour,100,100,t,t,t,Financial District,Private room in rental unit,Private room,4,2.0,2 baths,1.0,2.0,568.0,1,29,3.0,4.72,4.89,4.78,4.83,4.72,4.5,t,0.0986301369863013,41
27445,within an hour,100,100,t,t,t,Financial District,Entire rental unit,Entire home/apt,6,2.0,2 baths,2.0,3.0,866.0,1,29,3.0,4.8,4.87,4.8,4.83,4.73,4.6,t,0.1561643835616438,46
27448,within an hour,100,100,t,t,t,Financial District,Entire rental unit,Entire home/apt,4,1.0,1 bath,1.0,2.0,436.0,1,29,3.0,4.86,4.88,4.88,4.84,4.84,4.73,t,0.2794520547945205,43
27451,within an hour,100,100,t,t,t,Financial District,Entire rental unit,Entire home/apt,2,1.0,1 bath,1.0,1.0,408.0,1,29,3.0,4.87,4.87,4.9,4.9,4.83,4.79,t,0.0246575342465753,37
27452,within an hour,89,87,f,t,t,Hell's Kitchen,Room in hotel,Hotel room,4,1.0,1 bath,1.0,2.0,432.0,1,1125,1.0,4.8,5.0,4.6,4.2,4.8,4.4,t,0.1561643835616438,22
27454,within an hour,100,100,t,t,t,Financial District,Entire rental unit,Entire home/apt,2,1.0,1 bath,1.0,1.0,418.0,1,29,3.0,4.94,4.95,4.92,4.89,4.84,4.76,t,0.1972602739726027,46
27463,within an hour,100,96,t,t,f,Sunnyside,Private room in rental unit,Private room,2,1.0,1 private bath,2.0,2.0,138.0,2,90,2.0,4.98,4.99,4.97,4.98,4.93,4.88,f,0.4958904109589041,67
27464,within an hour,100,99,t,t,t,Howard Beach,Private room in home,Private room,2,1.0,1 private bath,1.0,0.0,140.0,1,1125,1.0,4.98,4.99,4.99,4.99,4.98,4.95,f,0.1534246575342465,56
27477,within an hour,100,100,t,t,t,Hell's Kitchen,Private room in rental unit,Private room,2,1.0,1 shared bath,1.0,1.0,140.0,1,1125,2.0,4.89,4.92,4.97,4.97,4.89,4.86,f,0.3150684931506849,42
27479,within an hour,89,87,f,t,t,Financial District,Room in hotel,Hotel room,2,1.0,1 bath,1.0,1.0,90.0,1,1125,2.0,5.0,5.0,5.0,5.0,5.0,5.0,t,0.4520547945205479,26
27486,within an hour,100,99,t,t,t,Harlem,Entire rental unit,Entire home/apt,3,1.0,1 bath,1.0,2.0,262.0,1,1125,4.0,4.79,4.88,4.97,4.87,4.83,4.67,f,0.0657534246575342,54
27521,within an hour,89,87,f,t,t,Theater District,Room in hotel,Hotel room,2,1.0,1 bath,1.0,1.0,162.0,1,1125,1.0,5.0,4.0,5.0,5.0,5.0,5.0,t,0.210958904109589,20
27544,within an hour,91,96,t,t,t,Crown Heights,Private room in rental unit,Private room,1,1.0,1 shared bath,1.0,1.0,131.0,2,28,2.0,4.91,4.97,4.94,4.94,4.86,4.66,f,0.021917808219178,34
27556,within an hour,100,100,f,t,t,Bull's Head,Private room in rental unit,Private room,2,1.0,1 private bath,1.0,2.0,95.0,1,366,1.0,4.95,4.95,4.75,4.85,4.95,4.95,f,0.0356164383561643,49
27559,within an hour,100,93,t,t,t,Jamaica,Private room in home,Private room,2,1.0,1 private bath,1.0,1.0,135.0,3,21,3.0,4.91,4.87,4.87,4.91,4.74,4.91,f,0.0054794520547945,48
27573,within an hour,100,100,f,t,t,Sheepshead Bay,Private room in rental unit,Private room,2,1.0,1 shared bath,1.0,1.0,55.0,2,28,2.0,4.5,4.25,5.0,5.0,4.75,4.5,t,0.1260273972602739,41
27574,within an hour,100,99,t,t,t,Bushwick,Private room in casa particular,Private room,2,1.0,1 shared bath,1.0,2.0,79.0,1,365,1.0,4.91,4.81,4.92,4.95,4.77,4.88,f,0.1643835616438356,39
27598,within an hour,100,97,t,t,t,Midtown,Entire rental unit,Entire home/apt,4,1.0,1 bath,2.0,2.0,413.0,5,365,7.0,4.88,4.82,4.97,4.86,4.85,4.82,f,0.3643835616438356,37
27607,within a few hours,100,100,f,t,f,Red Hook,Entire townhouse,Entire home/apt,2,1.0,1 bath,2.0,2.0,312.0,3,20,3.0,5.0,5.0,5.0,5.0,4.91,4.91,f,0.673972602739726,45
27610,within an hour,100,100,t,t,t,Jamaica,Private room in bed and breakfast,Private room,2,1.5,1.5 baths,1.0,1.0,100.0,1,1125,1.0,4.86,4.81,4.94,4.94,4.79,4.82,t,0.0684931506849315,40
27612,within an hour,100,93,t,f,t,Fort Greene,Private room in townhouse,Private room,2,1.0,1 private bath,1.0,1.0,124.0,3,7,3.0,4.87,4.87,4.91,4.98,4.89,4.83,f,0.4904109589041096,32
27621,within an hour,100,100,t,t,t,Canarsie,Entire home,Entire home/apt,4,1.5,1.5 baths,2.0,2.0,250.0,2,325,2.0,4.81,4.77,4.98,4.93,4.72,4.72,t,0.073972602739726,37
27628,within an hour,100,98,t,t,t,Williamsburg,Entire home,Entire home/apt,8,1.0,1 bath,4.0,5.0,624.0,3,15,3.0,4.86,4.77,4.95,4.82,4.77,4.77,t,0.4958904109589041,44
27630,within a few hours,100,98,t,t,t,Murray Hill,Entire rental unit,Entire home/apt,4,1.0,1 bath,1.0,2.0,328.0,30,365,7.0,4.58,4.79,4.96,4.46,4.63,4.58,f,0.3287671232876712,9
27639,within an hour,100,97,t,t,t,Midwood,Private room in rental unit,Private room,2,1.0,1 shared bath,1.0,2.0,95.0,1,30,1.0,4.77,4.69,4.92,4.9,4.85,4.77,t,0.0328767123287671,25
27641,within an hour,100,97,t,t,t,Midwood,Private room in rental unit,Private room,2,1.0,1 shared bath,1.0,1.0,101.0,1,365,1.0,4.73,4.58,4.83,4.98,4.65,4.64,t,0.0575342465753424,23
27649,within an hour,100,80,t,t,t,Bushwick,Private room in rental unit,Private room,5,1.0,1 shared bath,1.0,1.0,130.0,1,365,1.0,4.91,4.85,4.96,4.94,4.7,4.89,f,0.1780821917808219,28
27685,within an hour,100,99,f,t,t,Cypress Hills,Private room in home,Private room,2,1.0,1 shared bath,1.0,1.0,95.0,2,8,2.0,4.63,4.55,4.79,4.74,4.63,4.55,f,0.0,21
27699,within an hour,100,99,t,t,t,Harlem,Entire rental unit,Entire home/apt,5,1.0,1 bath,2.0,3.0,307.0,1,1125,5.0,4.72,4.8,4.89,4.88,4.69,4.67,f,0.4602739726027397,57
27706,within a few hours,100,100,t,t,t,Jamaica,Entire home,Entire home/apt,6,1.0,1 bath,3.0,3.0,215.0,1,30,1.0,4.95,4.97,4.97,5.0,4.66,4.83,f,0.2191780821917808,39
27711,within a day,50,100,f,t,t,Hell's Kitchen,Room in hotel,Private room,2,1.0,1 private bath,0.0,1.0,219.0,1,1125,3.0,3.82,3.65,4.65,3.71,4.47,4.06,t,0.2465753424657534,27
27712,within an hour,100,100,t,t,t,Bushwick,Private room in rental unit,Private room,2,1.0,1 shared bath,1.0,1.0,105.0,2,365,2.0,4.85,4.7,4.98,4.9,4.83,4.73,f,0.1342465753424657,41
27719,within an hour,92,67,f,t,t,Midtown,Entire rental unit,Entire home/apt,8,3.5,3.5 baths,4.0,4.0,4129.0,2,28,2.0,5.0,4.91,4.91,5.0,4.91,4.82,t,0.1643835616438356,50
27720,within an hour,92,67,f,t,t,Midtown,Entire rental unit,Entire home/apt,8,3.5,3.5 baths,4.0,4.0,4645.0,2,28,2.0,5.0,5.0,5.0,4.93,4.93,4.86,t,0.1561643835616438,52
27742,within an hour,100,99,t,t,t,Harlem,Entire rental unit,Entire home/apt,7,1.0,1 bath,3.0,4.0,381.0,1,1125,4.0,4.89,4.87,4.94,4.99,4.74,4.75,f,0.6082191780821918,53
27743,within an hour,100,99,t,t,t,Harlem,Entire rental unit,Entire home/apt,7,1.0,1 bath,3.0,5.0,383.0,1,1125,4.0,4.84,4.85,4.87,4.9,4.71,4.66,f,0.1643835616438356,56
27744,within an hour,100,99,t,t,t,Harlem,Entire rental unit,Entire home/apt,7,1.0,1 bath,3.0,4.0,383.0,1,1125,4.0,4.86,4.85,4.93,4.93,4.71,4.75,f,0.1041095890410958,55
27754,within an hour,100,99,t,t,t,Harlem,Entire rental unit,Entire home/apt,7,1.0,1 bath,3.0,4.0,383.0,1,1125,4.0,4.85,4.85,4.92,4.92,4.65,4.76,f,0.1232876712328767,52
27769,within an hour,100,99,t,t,t,Kips Bay,Entire serviced apartment,Entire home/apt,8,2.0,2 baths,3.0,4.0,629.0,4,365,5.0,4.75,4.87,4.88,4.83,4.9,4.68,t,0.5671232876712329,31
27816,within an hour,100,100,t,t,t,Bushwick,Entire rental unit,Entire home/apt,2,1.0,1 bath,1.0,1.0,209.0,1,365,1.0,4.82,4.84,4.99,4.98,4.89,4.7,f,0.6328767123287671,47
27824,within a few hours,100,94,t,t,t,Bedford-Stuyvesant,Private room in townhouse,Private room,2,1.0,1 private bath,1.0,1.0,168.0,3,27,3.0,4.81,4.52,4.92,4.95,4.85,4.7,f,0.3643835616438356,53
27827,within a few hours,100,47,t,t,t,Midtown,Room in hotel,Private room,2,1.0,1 private bath,0.0,1.0,786.0,1,7,1.0,5.0,5.0,5.0,5.0,5.0,5.0,f,0.2630136986301369,22
27832,within a few hours,100,80,f,t,t,Flatlands,Private room in home,Private room,2,1.0,1 private bath,1.0,1.0,160.0,3,730,3.0,5.0,5.0,5.0,5.0,4.88,5.0,f,0.0876712328767123,39
27841,within an hour,100,99,t,t,t,Stapleton,Private room in home,Private room,2,1.0,1 private bath,1.0,2.0,95.0,1,29,6.0,4.88,4.88,4.89,4.95,4.48,4.81,f,0.1452054794520547,51
27843,within an hour,100,100,t,t,t,Sunset Park,Private room in rental unit,Private room,2,1.0,1 shared bath,1.0,1.0,110.0,3,30,3.0,4.85,4.88,4.9,4.87,4.73,4.75,t,0.136986301369863,52
27905,within an hour,98,100,f,t,t,Murray Hill,Entire rental unit,Entire home/apt,2,1.0,1 bath,0.0,1.0,469.0,1,1125,2.0,4.13,4.1,4.4,4.27,4.6,4.0,t,0.1123287671232876,33
27919,within an hour,80,100,t,t,t,Cypress Hills,Private room in townhouse,Private room,2,1.0,1 shared bath,1.0,1.0,102.0,2,365,2.0,4.98,4.98,4.9,4.82,4.65,4.86,f,0.0986301369863013,34
27952,within an hour,100,100,t,t,t,Canarsie,Entire bungalow,Entire home/apt,2,1.0,1 bath,2.0,2.0,158.0,1,365,1.0,4.78,4.88,4.91,4.9,4.66,4.67,t,0.0136986301369863,49
27954,within an hour,100,62,t,t,t,Fort Hamilton,Private room in rental unit,Private room,2,1.0,1 shared bath,1.0,1.0,141.0,1,365,1.0,4.92,4.83,5.0,4.96,4.87,4.85,f,0.5068493150684932,31
27981,within an hour,100,100,f,t,t,Middle Village,Private room in rental unit,Private room,2,1.0,1 private bath,1.0,1.0,139.0,1,90,1.0,4.73,4.84,4.84,4.75,4.48,4.6,t,0.0876712328767123,46
27983,within an hour,100,59,f,t,t,Edenwald,Private room in home,Private room,1,2.0,2 shared baths,1.0,1.0,45.0,1,25,1.0,4.88,4.92,4.84,4.88,4.16,4.72,f,0.3232876712328767,38
28012,within an hour,99,100,f,t,t,Chelsea,Private room in bed and breakfast,Private room,1,1.0,1 shared bath,1.0,1.0,110.0,1,365,1.0,4.7,4.7,4.85,4.88,4.83,4.57,t,0.0191780821917808,41
28024,within an hour,100,100,f,t,t,Midtown,Entire rental unit,Entire home/apt,5,1.0,1 bath,0.0,3.0,191.0,1,1125,3.0,4.42,4.58,4.63,4.84,4.68,4.37,t,0.2493150684931507,34
28034,within an hour,98,100,f,t,t,Midtown,Private room in rental unit,Private room,5,1.0,1 shared bath,1.0,1.0,98.0,1,365,1.0,4.33,4.38,4.57,4.76,4.86,4.29,t,0.5863013698630137,32
28040,within an hour,100,100,f,t,t,Harlem,Private room in rental unit,Private room,2,1.0,1 private bath,1.0,2.0,115.0,1,365,1.0,4.93,4.91,4.97,4.96,4.93,4.91,t,0.2465753424657534,45
28042,within an hour,100,99,t,t,t,Harlem,Entire townhouse,Entire home/apt,10,2.0,2 baths,3.0,6.0,681.0,3,1125,4.0,5.0,4.95,5.0,5.0,4.66,4.88,f,0.2438356164383561,77
28044,within an hour,80,98,f,t,t,Jackson Heights,Private room in rental unit,Private room,2,1.0,1 private bath,4.0,2.0,199.0,3,365,3.0,4.14,4.0,4.86,4.62,4.38,4.24,f,0.2630136986301369,40
28054,within an hour,100,100,f,t,t,Jackson Heights,Private room in home,Private room,2,1.0,1 private bath,2.0,2.0,186.0,3,29,3.0,4.81,4.81,4.98,4.95,4.76,4.79,f,0.0684931506849315,25
28074,within an hour,100,100,t,t,f,Springfield Gardens,Private room in home,Private room,2,1.0,1 private bath,1.0,1.0,98.0,1,1125,1.0,4.82,4.89,4.85,4.93,4.75,4.76,f,0.0465753424657534,27
28092,within a few hours,78,99,f,t,t,Port Morris,Entire serviced apartment,Entire home/apt,2,1.0,1 bath,0.0,1.0,202.0,2,365,30.0,4.33,4.67,5.0,4.67,3.67,3.67,t,0.0054794520547945,44
28093,within a day,65,98,f,t,t,Port Morris,Entire serviced apartment,Entire home/apt,2,1.0,1 bath,0.0,1.0,235.0,2,365,30.0,4.4,4.47,4.4,4.2,3.73,4.27,t,0.0054794520547945,45
28094,within an hour,91,99,f,t,t,Port Morris,Entire serviced apartment,Entire home/apt,2,1.0,1 bath,0.0,1.0,188.0,1,365,30.0,3.33,4.33,4.67,3.67,3.33,3.0,t,0.0027397260273972,45
28095,within an hour,91,99,f,t,t,Port Morris,Entire serviced apartment,Entire home/apt,2,1.0,1 bath,0.0,1.0,196.0,1,365,3.0,3.25,3.75,3.75,4.0,2.75,2.5,t,0.0,44
28096,within an hour,91,99,f,t,t,Port Morris,Entire serviced apartment,Entire home/apt,2,1.0,1 bath,0.0,1.0,189.0,1,365,3.0,3.88,4.25,4.13,3.75,3.75,3.0,t,0.0,45
28109,within an hour,90,100,t,t,t,Chelsea,Entire rental unit,Entire home/apt,6,1.0,1 bath,1.0,1.0,970.0,3,365,3.0,4.96,4.86,4.92,4.88,4.9,4.87,t,0.0328767123287671,60
28129,within an hour,100,68,t,t,t,Crown Heights,Entire rental unit,Entire home/apt,2,1.0,1 bath,1.0,2.0,312.0,4,17,4.0,4.92,4.85,4.92,5.0,4.77,4.62,f,0.3808219178082191,55
28139,within an hour,100,99,t,t,t,East Flatbush,Private room in rental unit,Private room,1,2.0,2 shared baths,1.0,1.0,93.0,2,28,2.0,4.91,4.94,4.94,4.97,4.57,4.8,f,0.084931506849315,34
28154,within an hour,100,100,t,t,t,Bedford-Stuyvesant,Private room in townhouse,Private room,3,1.0,1 private bath,1.0,2.0,240.0,5,365,5.0,4.77,4.6,4.8,4.9,4.83,4.77,t,0.1671232876712328,33
28160,within a day,100,95,t,f,t,East Flatbush,Private room in townhouse,Private room,4,1.0,1 private bath,2.0,2.0,198.0,4,21,4.0,4.92,4.92,4.94,4.92,4.44,4.81,f,0.5041095890410959,45
28170,within an hour,100,100,t,t,t,Flatbush,Private room in home,Private room,1,1.0,1 shared bath,1.0,1.0,120.0,3,29,3.0,4.96,4.98,4.98,4.96,4.84,4.84,t,0.1726027397260274,42
28177,within an hour,100,99,f,t,t,Canarsie,Entire home,Entire home/apt,7,1.5,1.5 baths,3.0,4.0,388.0,3,30,3.0,4.8,4.68,4.95,4.92,4.63,4.73,f,0.084931506849315,55
28186,within an hour,100,100,t,t,t,Sunset Park,Shared room in rental unit,Shared room,2,1.0,1 shared bath,2.0,2.0,173.0,2,30,2.0,4.94,4.94,4.97,4.94,4.62,4.82,f,0.0383561643835616,31
28188,within an hour,100,100,f,t,t,South Ozone Park,Entire rental unit,Entire home/apt,4,1.0,1 bath,2.0,3.0,245.0,2,20,2.0,4.64,4.68,4.72,4.68,4.36,4.56,t,0.0794520547945205,49
28190,within an hour,97,87,f,t,t,Theater District,Room in hotel,Hotel room,4,1.0,1 bath,1.0,2.0,198.0,1,1125,3.0,5.0,3.0,4.0,5.0,5.0,4.0,t,0.2328767123287671,21
28197,within an hour,97,87,f,t,t,Theater District,Room in hotel,Hotel room,4,1.0,1 bath,1.0,2.0,221.0,1,1125,3.0,5.0,5.0,5.0,5.0,5.0,4.0,t,0.1068493150684931,21
28200,within an hour,97,87,f,t,t,Theater District,Room in hotel,Hotel room,6,1.0,1 bath,1.0,3.0,345.0,1,1125,5.0,5.0,5.0,5.0,5.0,5.0,4.0,t,0.0821917808219178,21
28205,within an hour,97,87,f,t,t,Theater District,Room in hotel,Hotel room,2,1.0,1 bath,1.0,1.0,503.0,1,1125,3.0,5.0,5.0,5.0,5.0,5.0,5.0,t,0.0931506849315068,21
28207,within an hour,97,87,f,t,t,Theater District,Room in hotel,Hotel room,2,1.0,1 bath,1.0,1.0,156.0,1,1125,3.0,4.5,4.5,5.0,4.5,5.0,4.5,t,0.0273972602739726,21
28213,within an hour,97,87,f,t,t,Theater District,Room in hotel,Hotel room,4,1.0,1 bath,1.0,2.0,164.0,1,1125,3.0,4.67,4.67,4.67,4.67,4.67,4.33,t,0.347945205479452,21
28214,within an hour,97,87,f,t,t,Theater District,Room in hotel,Hotel room,4,1.0,1 bath,1.0,2.0,164.0,1,1125,3.0,4.0,4.5,4.0,4.0,5.0,4.0,t,0.3424657534246575,21
28241,within an hour,97,99,f,t,t,Kips Bay,Room in hotel,Private room,3,1.0,1 private bath,1.0,2.0,348.0,1,29,2.0,4.72,4.82,4.86,4.5,4.84,4.55,t,0.2,10
28246,within an hour,94,96,f,t,t,Upper West Side,Entire serviced apartment,Entire home/apt,2,1.0,1 bath,0.0,1.0,536.0,1,365,3.0,5.0,5.0,5.0,4.0,5.0,4.0,t,0.5232876712328767,28
28282,within an hour,97,87,f,t,t,Theater District,Room in hotel,Hotel room,8,2.0,2 baths,2.0,4.0,410.0,1,1125,4.0,5.0,5.0,4.86,4.86,5.0,4.57,t,0.0876712328767123,21
28293,within an hour,97,87,f,t,t,Theater District,Room in hotel,Hotel room,12,3.0,3 baths,3.0,6.0,615.0,1,1125,4.0,3.5,4.0,4.0,4.5,3.0,2.5,t,0.0876712328767123,21
28311,within an hour,100,99,f,t,t,Springfield Gardens,Private room in home,Private room,2,1.0,1 private bath,1.0,1.0,100.0,1,28,1.0,4.69,4.65,4.79,4.85,4.69,4.56,f,0.0,57
28320,within a few hours,100,97,t,t,f,Williamsburg,Private room in rental unit,Private room,1,1.0,1 private bath,1.0,1.0,175.0,1,365,1.0,4.95,4.88,4.97,4.97,4.99,4.88,f,0.2465753424657534,41
28322,within an hour,100,100,t,t,t,Bushwick,Entire home,Entire home/apt,10,3.0,3 baths,4.0,4.0,346.0,1,365,3.0,4.88,4.68,4.96,4.96,4.7,4.79,t,0.2383561643835616,43
28335,within an hour,100,89,t,t,t,Woodhaven,Private room in home,Private room,2,1.0,1 private bath,1.0,1.0,112.0,1,7,1.0,4.92,4.95,4.93,4.98,4.68,4.87,f,0.0547945205479452,34
28395,within an hour,100,90,f,t,t,Flatbush,Private room in rental unit,Private room,1,1.0,1 bath,1.0,1.0,200.0,1,1125,1.0,4.96,5.0,5.0,4.96,4.85,4.74,f,0.5260273972602739,38
28396,within an hour,100,100,t,t,t,Ditmars Steinway,Private room in rental unit,Private room,6,1.0,1 private bath,2.0,3.0,279.0,2,180,2.0,4.91,4.88,4.91,4.97,4.73,4.73,t,0.1315068493150684,54
28407,within an hour,100,98,t,t,t,South Ozone Park,Private room in home,Private room,8,2.5,2.5 baths,4.0,4.0,314.0,1,1125,1.0,4.83,4.78,4.84,4.95,4.59,4.72,f,0.1232876712328767,49
28408,within an hour,100,100,t,t,f,Sunnyside,Private room in rental unit,Private room,2,1.0,1 private bath,2.0,2.0,271.0,3,365,3.0,4.97,4.9,5.0,4.99,4.96,4.84,f,0.2876712328767123,62
28414,within an hour,100,99,t,t,t,Flushing,Private room in home,Private room,2,1.0,1 shared bath,1.0,1.0,89.0,1,365,1.0,4.74,4.59,4.88,4.91,4.73,4.68,t,0.0465753424657534,26
28415,within an hour,100,99,t,t,t,Flushing,Private room in home,Private room,2,1.0,1 private bath,1.0,1.0,99.0,1,365,1.0,4.73,4.73,4.98,4.97,4.76,4.7,t,0.0493150684931506,25
28419,within an hour,100,100,t,t,t,East Flatbush,Private room in rental unit,Private room,2,1.0,1 private bath,1.0,1.0,141.0,3,90,3.0,4.88,4.76,4.96,4.84,4.8,4.76,t,0.6273972602739726,32
28435,within an hour,100,94,t,t,t,East New York,Entire home,Entire home/apt,5,1.0,1 bath,3.0,3.0,221.0,2,28,2.0,4.83,4.92,4.92,4.94,4.78,4.72,f,0.0602739726027397,48
28457,within an hour,100,100,f,t,t,Fresh Meadows,Private room in home,Private room,4,1.0,1 private bath,1.0,2.0,139.0,1,365,1.0,4.95,4.91,4.91,4.95,4.82,4.68,t,0.0602739726027397,35
28460,within an hour,100,100,f,t,t,Fresh Meadows,Private room in home,Private room,4,1.0,1 private bath,1.0,2.0,143.0,1,365,1.0,4.7,4.67,4.83,4.87,4.53,4.47,t,0.0027397260273972,52
28482,a few days or more,10,9,f,f,t,Boerum Hill,Entire rental unit,Entire home/apt,2,1.0,1 bath,1.0,1.0,200.0,3,365,3.0,5.0,5.0,4.5,5.0,5.0,4.5,f,0.3890410958904109,5
28493,within an hour,100,99,t,t,t,Bedford-Stuyvesant,Private room in rental unit,Private room,1,1.0,1 bath,2.0,1.0,123.0,1,29,1.0,4.84,4.91,4.88,4.84,4.73,4.66,f,0.1287671232876712,48
28500,within an hour,100,99,t,t,t,Flushing,Private room in home,Private room,2,1.0,1 shared bath,1.0,1.0,89.0,1,365,1.0,4.74,4.61,4.91,4.87,4.83,4.69,t,0.0712328767123287,28
28506,within an hour,100,98,t,t,t,Midtown,Room in hotel,Private room,2,1.0,1 private bath,1.0,1.0,488.0,7,28,7.0,4.83,5.0,5.0,4.83,5.0,4.83,t,0.0136986301369863,41
28508,within an hour,100,97,t,t,t,Flatbush,Private room in rental unit,Private room,2,1.0,1 private bath,1.0,1.0,250.0,3,365,3.0,4.95,5.0,4.95,4.98,4.65,4.9,f,0.0712328767123287,41
28509,within an hour,100,98,t,t,t,Midtown,Room in hotel,Private room,2,1.0,1 bath,1.0,1.0,488.0,7,28,7.0,5.0,4.8,5.0,5.0,5.0,4.6,t,0.0136986301369863,12
28511,within an hour,100,98,t,t,t,Midtown,Room in hotel,Private room,3,1.0,1 bath,1.0,1.0,652.0,7,28,7.0,5.0,4.67,5.0,5.0,5.0,4.33,t,0.0383561643835616,14
28512,within an hour,100,98,t,t,t,Midtown,Room in hotel,Private room,3,1.0,1 bath,1.0,1.0,443.0,1,365,29.0,5.0,5.0,5.0,5.0,5.0,5.0,t,0.0191780821917808,13
28513,within an hour,100,98,t,t,t,Midtown,Room in hotel,Private room,3,1.0,1 bath,1.0,1.0,652.0,7,28,10.0,5.0,5.0,5.0,5.0,5.0,4.75,t,0.0191780821917808,15
28514,within an hour,100,99,t,t,t,Flushing,Private room in home,Private room,2,1.0,1 shared bath,1.0,1.0,89.0,1,365,1.0,4.8,4.66,4.93,4.92,4.73,4.69,t,0.0931506849315068,28
28517,within an hour,96,99,f,t,f,West Village,Entire rental unit,Entire home/apt,3,1.0,1 bath,0.0,1.0,399.0,1,1125,2.0,4.65,4.3,4.62,4.73,4.9,4.48,t,0.2630136986301369,47
28519,within an hour,100,70,t,t,t,Cypress Hills,Private room in home,Private room,1,1.0,1 shared bath,1.0,1.0,100.0,1,7,1.0,4.88,4.92,4.91,4.96,4.63,4.8,f,0.0958904109589041,29
28543,within an hour,97,87,f,t,t,Theater District,Room in hotel,Hotel room,2,1.0,1 bath,1.0,1.0,579.0,1,1125,4.0,5.0,5.0,5.0,5.0,5.0,4.0,t,0.0630136986301369,21
28562,within an hour,100,100,f,t,t,Jamaica,Private room in rental unit,Private room,2,1.0,1 private bath,2.0,3.0,181.0,1,365,1.0,4.74,4.61,4.96,5.0,4.48,4.61,f,0.0054794520547945,14
28568,within an hour,100,97,t,t,t,Harlem,Private room in rental unit,Private room,1,1.0,1 shared bath,1.0,1.0,91.0,5,90,5.0,4.95,4.86,4.76,4.95,4.95,4.95,f,0.1698630136986301,56
28592,within an hour,100,100,t,t,t,Springfield Gardens,Entire rental unit,Entire home/apt,6,1.5,1.5 baths,3.0,3.0,299.0,3,90,3.0,4.97,4.95,4.97,4.97,4.77,4.9,f,0.6054794520547945,52
28605,within an hour,94,99,t,t,f,Springfield Gardens,Entire rental unit,Entire home/apt,2,1.0,1 bath,1.0,1.0,99.0,3,365,3.0,4.78,4.7,4.94,4.86,4.64,4.63,t,0.1178082191780822,30
28617,within an hour,100,100,t,t,t,Washington Heights,Entire rental unit,Entire home/apt,2,1.0,1 bath,0.0,2.0,221.0,5,26,5.0,4.77,4.84,4.84,4.77,4.29,4.61,f,0.0383561643835616,40
28626,within an hour,100,100,f,t,f,East New York,Entire guest suite,Entire home/apt,8,1.0,1 bath,4.0,4.0,300.0,3,28,3.0,4.91,4.74,4.95,4.91,4.56,4.74,f,0.1890410958904109,46
28656,within an hour,100,100,t,t,t,Arverne,Private room in rental unit,Private room,2,1.0,1 shared bath,1.0,1.0,109.0,1,730,1.0,5.0,5.0,4.96,4.96,4.59,4.85,f,0.0082191780821917,71
28662,within an hour,100,100,t,t,t,East Flatbush,Private room in rental unit,Private room,2,1.0,1 private bath,1.0,2.0,175.0,2,29,2.0,5.0,5.0,5.0,4.97,4.89,4.95,f,0.073972602739726,25
28669,within an hour,100,100,f,t,t,Shore Acres,Shared room in home,Shared room,2,1.0,1 shared bath,1.0,1.0,144.0,2,1125,2.0,4.45,4.64,4.82,4.59,4.68,4.41,f,0.2602739726027397,43
28686,within a few hours,94,91,t,t,t,South Slope,Entire home,Entire home/apt,4,1.0,1 bath,2.0,3.0,300.0,2,365,2.0,4.94,4.82,4.89,4.94,4.95,4.82,f,0.6575342465753424,50
28691,within an hour,100,97,t,t,t,Woodside,Private room in rental unit,Private room,2,1.0,1 shared bath,1.0,1.0,133.0,1,14,1.0,5.0,4.96,4.98,5.0,4.86,4.92,f,0.6410958904109589,54
28695,within an hour,100,100,t,t,t,Bushwick,Entire rental unit,Entire home/apt,2,1.0,1 bath,1.0,1.0,216.0,1,365,1.0,4.88,4.68,4.96,4.97,4.91,4.51,t,0.6136986301369863,43
28696,within an hour,100,100,t,t,t,Long Island City,Private room in rental unit,Private room,2,1.0,1 shared bath,1.0,1.0,99.0,4,14,4.0,5.0,4.95,5.0,5.0,5.0,5.0,f,0.2547945205479452,43
28717,within an hour,100,100,f,t,t,Hell's Kitchen,Entire rental unit,Entire home/apt,2,1.0,1 bath,0.0,1.0,300.0,1,365,3.0,4.7,4.88,4.68,4.72,4.84,4.5,t,0.3287671232876712,19
28720,within an hour,100,98,f,t,t,Bull's Head,Entire home,Entire home/apt,4,1.0,1 bath,2.0,2.0,115.0,30,365,2.0,4.71,4.61,4.93,4.92,4.57,4.64,f,0.4191780821917808,40
28723,within an hour,100,100,t,t,t,Arverne,Private room in rental unit,Private room,2,1.0,1 shared bath,1.0,1.0,108.0,1,1125,1.0,4.87,5.0,4.87,4.93,4.0,4.4,f,0.5068493150684932,44
28727,within an hour,100,84,t,t,f,Upper West Side,Entire rental unit,Entire home/apt,4,1.5,1.5 baths,2.0,2.0,693.0,2,365,2.0,5.0,4.9,5.0,4.95,5.0,4.81,f,0.6383561643835617,48
28738,within an hour,97,87,f,t,t,Hell's Kitchen,Room in hotel,Hotel room,2,1.0,1 bath,1.0,1.0,496.0,1,1125,1.0,5.0,5.0,5.0,5.0,5.0,5.0,t,0.0794520547945205,22
28740,within an hour,100,99,f,t,t,Hell's Kitchen,Entire rental unit,Entire home/apt,2,1.0,1 bath,1.0,1.0,195.0,1,365,99.0,4.31,4.49,4.48,4.42,4.56,4.15,t,0.6958904109589041,18
28741,within an hour,100,93,f,f,f,Hollis,Private room in home,Private room,2,1.0,1 private bath,1.0,1.0,164.0,2,365,2.0,4.78,5.0,4.78,5.0,4.67,5.0,f,0.0,11
28743,within an hour,100,97,t,t,t,Canarsie,Private room in rental unit,Private room,2,1.0,1 shared bath,2.0,2.0,175.0,1,365,1.0,4.75,4.75,4.87,4.85,4.81,4.77,f,0.0246575342465753,57
28750,within an hour,100,96,t,t,t,Bedford-Stuyvesant,Private room in condo,Private room,2,1.0,1 shared bath,1.0,2.0,234.0,2,365,2.0,5.0,5.0,5.0,5.0,4.85,4.9,f,0.5561643835616439,79
28762,within a few hours,100,100,t,f,f,Harlem,Private room in home,Private room,2,0.0,0 shared baths,0.0,1.0,210.0,3,29,3.0,4.93,4.93,4.93,5.0,4.6,4.67,f,0.0876712328767123,55
28802,within an hour,100,100,t,t,t,Bushwick,Entire guest suite,Entire home/apt,4,1.0,1 bath,2.0,2.0,258.0,5,30,5.0,4.89,4.98,4.96,4.86,4.63,4.8,f,0.6684931506849315,53
28811,within an hour,91,96,t,t,t,Crown Heights,Private room in rental unit,Private room,1,1.0,1 shared bath,1.0,1.0,140.0,2,28,2.0,4.81,4.88,4.96,4.98,4.81,4.81,f,0.0410958904109589,30
28824,within an hour,100,100,t,t,t,East New York,Private room in home,Private room,2,1.0,1 private bath,1.0,1.0,103.0,1,365,1.0,4.84,4.78,4.96,4.94,4.61,4.82,t,0.073972602739726,57
28854,within an hour,100,99,t,t,t,New Dorp Beach,Private room in home,Private room,2,2.5,2.5 baths,1.0,2.0,103.0,1,1125,1.0,4.86,4.95,4.99,4.92,4.83,4.83,f,0.0712328767123287,42
28861,within an hour,100,94,t,t,t,Flatbush,Entire guest suite,Entire home/apt,2,1.0,1 bath,2.0,2.0,250.0,2,28,2.0,4.98,4.96,4.96,5.0,4.73,4.92,f,0.1260273972602739,59
28867,within an hour,100,98,f,t,t,East New York,Entire rental unit,Entire home/apt,5,1.0,1 bath,3.0,3.0,260.0,2,28,2.0,4.69,4.91,4.81,4.9,3.81,4.64,t,0.6520547945205479,37
28877,within an hour,100,100,f,t,t,Midtown,Entire rental unit,Entire home/apt,5,1.0,1 bath,1.0,3.0,192.0,1,365,3.0,4.64,4.67,4.85,4.97,4.94,4.58,t,0.1808219178082191,41
28882,within an hour,100,100,f,t,t,Crown Heights,Entire home,Entire home/apt,6,1.0,1 bath,3.0,3.0,201.0,2,90,2.0,4.88,4.88,4.96,4.96,4.5,4.87,t,0.6383561643835617,41
28914,within an hour,100,85,f,t,t,Rosedale,Entire rental unit,Entire home/apt,2,1.0,1 bath,1.0,2.0,124.0,1,28,1.0,4.92,4.9,4.96,4.92,4.84,4.9,f,0.5808219178082191,44
28929,within an hour,100,100,f,t,t,Harlem,Private room in rental unit,Private room,2,1.0,1 bath,1.0,1.0,149.0,30,1125,30.0,4.0,4.5,5.0,4.0,3.5,4.0,t,0.0767123287671232,10
28934,within an hour,100,98,t,t,t,Ozone Park,Private room in home,Private room,2,1.0,1 bath,1.0,1.0,121.0,1,365,1.0,4.93,4.95,4.98,4.96,4.94,4.81,f,0.0493150684931506,43
28940,within an hour,100,91,f,t,t,East New York,Entire rental unit,Entire home/apt,4,1.0,1 bath,2.0,3.0,269.0,2,29,2.0,4.97,4.9,4.9,4.97,4.8,4.93,f,0.6191780821917808,39
28956,within an hour,100,96,t,t,t,Crown Heights,Private room in rental unit,Private room,1,1.0,1 shared bath,1.0,1.0,90.0,3,90,2.0,5.0,4.82,4.95,5.0,4.95,5.0,f,0.6904109589041096,42
28959,within an hour,100,97,t,t,t,Melrose,Private room in townhouse,Private room,2,1.5,1.5 baths,1.0,2.0,99.0,2,28,2.0,4.85,4.93,4.91,5.0,4.28,4.89,f,0.6246575342465753,47
28960,within an hour,100,99,f,t,t,Ozone Park,Entire townhouse,Entire home/apt,6,2.0,2 baths,3.0,3.0,203.0,1,90,1.0,4.74,4.77,4.84,4.86,4.73,4.74,f,0.6082191780821918,45
28977,within an hour,100,100,t,t,t,Woodside,Private room in condo,Private room,2,1.0,1 private bath,1.0,1.0,168.0,1,28,1.0,5.0,4.97,4.87,5.0,4.92,4.92,f,0.021917808219178,31
28988,within an hour,98,78,f,t,t,Chelsea,Room in hotel,Private room,2,1.0,1 shared bath,1.0,1.0,237.0,1,365,3.0,4.71,4.71,4.86,4.64,4.93,4.36,t,0.0136986301369863,40
29001,within an hour,100,100,t,t,t,Upper West Side,Private room in rental unit,Private room,1,1.0,1 private bath,1.0,1.0,182.0,1,30,1.0,4.99,4.99,4.97,4.95,4.97,4.85,f,0.0821917808219178,33
29050,within an hour,100,100,f,t,t,East New York,Private room in home,Private room,4,1.0,1 private bath,2.0,2.0,191.0,3,90,3.0,4.94,5.0,4.94,4.97,4.63,4.88,f,0.0602739726027397,55
29055,within an hour,100,97,t,t,t,East New York,Private room in rental unit,Private room,6,1.0,1 private bath,2.0,3.0,240.0,2,30,2.0,4.94,4.98,5.0,4.98,4.52,4.86,f,0.6328767123287671,42
29070,within a few hours,100,90,f,t,t,Mott Haven,Private room in rental unit,Private room,2,1.0,1 private bath,2.0,1.0,114.0,2,14,2.0,4.86,4.76,4.95,4.86,4.38,4.76,f,0.1150684931506849,13
29072,within an hour,100,100,t,t,t,Claremont Village,Entire home,Entire home/apt,4,1.0,1 bath,2.0,2.0,160.0,2,1125,2.0,4.84,4.7,4.94,4.95,4.4,4.8,t,0.1726027397260274,48
29077,within an hour,100,96,f,t,t,Crown Heights,Entire townhouse,Entire home/apt,4,1.0,1 bath,1.0,3.0,170.0,4,55,4.0,4.8,4.73,4.87,5.0,4.13,4.73,f,0.3890410958904109,42
29102,within an hour,100,89,t,t,t,Ditmars Steinway,Private room in home,Private room,1,1.0,1 bath,1.0,1.0,133.0,5,22,5.0,4.94,4.88,4.85,4.91,4.88,4.88,f,0.6082191780821918,14
29132,within an hour,88,100,f,t,t,Flatiron District,Room in hotel,Private room,2,1.0,1 shared bath,1.0,2.0,235.0,1,365,1.0,5.0,5.0,5.0,5.0,5.0,4.0,t,0.4602739726027397,16
29143,within an hour,100,100,t,t,t,Cambria Heights,Private room in home,Private room,2,1.0,1 private bath,1.0,1.0,99.0,2,28,2.0,4.95,4.97,4.95,4.95,4.8,4.92,f,0.3616438356164383,41
29159,within an hour,100,100,t,t,t,Bedford-Stuyvesant,Entire townhouse,Entire home/apt,2,1.0,1 bath,2.0,3.0,336.0,1,30,3.0,5.0,5.0,4.95,5.0,4.91,4.95,f,0.473972602739726,53
29171,within an hour,100,87,f,t,t,Battery Park City,Room in hotel,Private room,4,1.0,1 private bath,1.0,2.0,514.0,1,28,1.0,5.0,5.0,4.0,5.0,5.0,5.0,t,0.673972602739726,32
29175,within an hour,100,99,t,t,t,Sunnyside,Private room in home,Private room,2,1.0,1 shared bath,1.0,1.0,94.0,7,30,7.0,4.98,4.85,4.98,4.98,4.96,5.0,f,0.4958904109589041,52
29192,within an hour,97,87,f,t,t,Theater District,Room in hotel,Hotel room,8,2.0,2 baths,2.0,4.0,938.0,1,1125,3.0,5.0,5.0,5.0,5.0,5.0,4.0,t,0.2164383561643835,21
29237,within an hour,100,98,t,t,t,Rockaway Beach,Private room in home,Private room,2,2.0,2 baths,1.0,1.0,174.0,2,9,2.0,5.0,5.0,5.0,5.0,4.75,4.92,f,0.5506849315068493,69
29245,within an hour,100,98,f,t,t,East Village,Entire rental unit,Entire home/apt,5,1.0,1 bath,2.0,3.0,359.0,3,365,3.0,4.16,4.13,4.58,4.71,4.81,4.13,t,0.2356164383561644,21
29263,within a few hours,100,99,t,t,t,Bedford-Stuyvesant,Private room in rental unit,Private room,5,1.0,1 private bath,2.0,3.0,260.0,3,100,3.0,5.0,5.0,4.96,4.98,4.72,4.85,f,0.4958904109589041,60
29268,within an hour,100,100,t,t,t,Williamsburg,Private room in rental unit,Private room,3,1.0,1 private bath,1.0,1.0,263.0,1,60,1.0,5.0,4.95,5.0,5.0,4.84,4.85,t,0.547945205479452,58
29269,within an hour,100,98,t,t,f,Castle Hill,Private room in home,Private room,2,1.0,1 private bath,1.0,1.0,146.0,2,1125,2.0,4.97,5.0,4.94,5.0,4.67,4.97,f,0.2657534246575342,63
29275,within an hour,100,100,f,t,t,Murray Hill,Entire condo,Entire home/apt,5,1.0,1 bath,2.0,2.0,414.0,3,365,3.0,4.74,4.77,4.88,4.93,4.89,4.6,t,0.5835616438356165,41
29305,within an hour,100,93,t,t,t,Long Island City,Entire rental unit,Entire home/apt,6,2.0,2 baths,2.0,3.0,313.0,7,365,14.0,4.92,4.88,4.88,4.92,4.92,4.65,f,0.2438356164383561,48
29309,within an hour,100,81,f,t,t,Canarsie,Shared room in home,Shared room,2,0.0,0 shared baths,1.0,1.0,105.0,3,5,3.0,4.67,4.79,4.83,4.83,4.75,4.71,t,0.0,41
29324,within an hour,100,99,t,t,t,Woodhaven,Private room in home,Private room,2,1.0,1 private bath,1.0,1.0,108.0,1,28,1.0,5.0,4.99,4.94,5.0,4.74,4.95,t,0.6246575342465753,46
29329,within an hour,100,80,t,t,f,East Flatbush,Private room in home,Private room,2,1.0,1 private bath,1.0,1.0,120.0,2,28,2.0,4.88,4.88,4.88,4.92,4.63,4.83,f,0.5315068493150685,51
29349,within an hour,100,98,f,t,t,Crown Heights,Entire townhouse,Entire home/apt,5,1.0,1 bath,2.0,4.0,216.0,1,28,1.0,4.57,4.51,4.65,4.89,4.18,4.44,t,0.0904109589041095,24
29407,within an hour,100,99,t,t,t,Woodside,Entire rental unit,Entire home/apt,4,2.0,2 baths,2.0,2.0,269.0,2,365,2.0,4.89,4.84,4.91,4.92,4.47,4.83,f,0.4328767123287671,44
29420,within an hour,100,97,f,t,t,East Harlem,Entire rental unit,Entire home/apt,4,1.0,1 bath,2.0,2.0,110.0,30,185,30.0,4.5,4.5,5.0,5.0,5.0,4.0,f,0.1041095890410958,39
29421,within an hour,100,95,t,t,t,Laurelton,Entire home,Entire home/apt,4,2.0,2 baths,3.0,4.0,298.0,2,365,2.0,4.95,4.97,5.0,5.0,4.82,4.85,f,0.6136986301369863,51
29438,within an hour,100,93,t,t,t,Bedford-Stuyvesant,Entire guest suite,Entire home/apt,2,1.0,1 bath,2.0,2.0,300.0,3,28,3.0,5.0,5.0,5.0,4.93,4.87,4.83,f,0.1561643835616438,47
29442,within an hour,100,100,f,f,t,Maspeth,Private room in home,Private room,2,1.0,1 private bath,1.0,2.0,119.0,1,25,2.0,4.79,4.66,4.9,4.95,4.78,4.69,t,0.3506849315068493,46
29443,within an hour,100,100,f,t,t,Harlem,Entire rental unit,Entire home/apt,4,1.0,1 bath,2.0,3.0,263.0,2,1125,2.0,4.56,4.6,4.6,4.9,4.43,4.41,t,0.5945205479452055,49
29454,within an hour,91,99,f,t,t,Port Morris,Entire serviced apartment,Entire home/apt,2,1.0,1 bath,0.0,1.0,200.0,1,365,30.0,3.79,4.0,3.79,3.93,4.21,3.5,t,0.0493150684931506,44
29462,within an hour,100,100,t,t,t,Bedford-Stuyvesant,Entire guest suite,Entire home/apt,2,1.0,1 bath,2.0,2.0,219.0,5,730,5.0,4.89,4.87,4.87,4.98,4.7,4.83,f,0.4356164383561643,54
29464,within an hour,100,100,t,t,t,Bushwick,Entire rental unit,Entire home/apt,6,1.0,1 bath,2.0,3.0,272.0,1,365,2.0,4.9,4.79,4.88,4.91,4.91,4.76,t,0.2164383561643835,37
29468,within an hour,92,97,f,t,t,Chelsea,Private room in rental unit,Private room,2,1.0,1 shared bath,1.0,1.0,100.0,30,365,3.0,4.5,4.0,4.0,4.5,5.0,4.5,t,0.2191780821917808,28
29473,within a few hours,100,75,f,t,t,Bushwick,Private room in condo,Private room,2,2.0,2 baths,2.0,2.0,189.0,3,100,3.0,4.0,3.5,5.0,4.5,5.0,4.5,f,0.536986301369863,14
29474,within an hour,100,100,t,t,t,East Flatbush,Entire guest suite,Entire home/apt,2,1.0,1 bath,1.0,2.0,138.0,1,28,1.0,4.69,4.58,4.83,4.88,4.4,4.52,t,0.073972602739726,53
29482,within an hour,100,100,f,t,t,Midtown,Entire rental unit,Entire home/apt,5,1.0,1 bath,1.0,3.0,210.0,1,1125,3.0,4.58,4.33,4.83,4.83,4.83,4.58,t,0.273972602739726,41
29484,within an hour,100,96,f,t,t,Midtown,Entire rental unit,Entire home/apt,6,1.0,1 bath,1.0,3.0,235.0,1,1125,3.0,4.68,4.45,4.59,4.95,4.86,4.55,t,0.3041095890410959,41
29485,within an hour,100,100,t,t,t,Greenpoint,Private room in rental unit,Private room,1,1.0,1 shared bath,1.0,1.0,180.0,3,3,3.0,4.87,4.87,4.93,5.0,5.0,4.47,f,0.6958904109589041,14
29493,within an hour,97,87,f,t,t,Upper West Side,Room in hotel,Hotel room,6,1.0,1 bath,2.0,3.0,1097.0,1,1125,3.0,5.0,5.0,5.0,5.0,5.0,5.0,t,0.0493150684931506,22
29507,within a few hours,100,95,t,t,t,Jamaica,Private room in home,Private room,2,1.0,1 private bath,1.0,1.0,140.0,2,365,2.0,5.0,4.96,4.88,4.85,4.62,4.88,t,0.2767123287671232,42
29523,within an hour,92,97,f,t,t,Chelsea,Private room in rental unit,Private room,2,1.0,1 shared bath,1.0,1.0,85.0,30,365,30.0,5.0,5.0,5.0,5.0,5.0,5.0,t,0.1726027397260274,27
29527,within an hour,100,93,t,t,t,Long Island City,Entire condo,Entire home/apt,3,1.0,1 bath,1.0,1.0,229.0,7,30,14.0,4.88,5.0,4.88,5.0,5.0,5.0,f,0.347945205479452,49
29529,within an hour,100,93,t,t,t,Bedford-Stuyvesant,Entire rental unit,Entire home/apt,9,2.0,2 baths,3.0,6.0,343.0,7,365,14.0,4.89,4.89,4.86,4.93,4.68,4.71,f,0.1808219178082191,49
29549,within a few hours,100,100,f,t,t,Greenwich Village,Entire condo,Entire home/apt,6,2.0,2 baths,3.0,4.0,995.0,1,365,6.0,5.0,5.0,5.0,5.0,5.0,4.67,f,0.3013698630136986,43
29557,within an hour,100,100,f,t,f,Greenwich Village,Entire loft,Entire home/apt,2,1.0,1 bath,0.0,2.0,108.0,2,1125,7.0,4.63,4.69,3.69,4.74,4.71,4.4,f,0.1287671232876712,20
29559,within an hour,100,99,t,t,t,East Harlem,Entire home,Entire home/apt,14,3.5,3.5 baths,5.0,6.0,673.0,3,60,7.0,4.81,4.82,4.79,4.94,4.53,4.68,f,0.1726027397260274,17
29574,within an hour,100,100,f,t,t,Midtown,Entire rental unit,Entire home/apt,10,1.0,1 bath,2.0,4.0,362.0,1,365,1.0,4.0,4.24,3.9,3.93,4.62,3.97,t,0.0493150684931506,28
29583,within an hour,100,98,t,t,t,Ozone Park,Private room in home,Private room,2,1.0,1 shared bath,1.0,1.0,123.0,1,365,1.0,4.92,4.95,4.91,4.96,4.81,4.78,f,0.0356164383561643,31
29600,within an hour,100,96,f,t,t,Lower East Side,Entire rental unit,Entire home/apt,2,1.0,1 bath,0.0,1.0,323.0,1,28,4.0,4.75,4.82,4.83,4.78,4.7,4.52,t,0.2438356164383561,27
29616,within an hour,100,100,t,t,t,Clifton,Entire home,Entire home/apt,5,2.0,2 baths,2.0,2.0,213.0,2,28,2.0,5.0,5.0,4.92,5.0,4.92,4.95,f,0.4164383561643835,54
29644,within a few hours,100,77,t,t,t,Chelsea,Entire rental unit,Entire home/apt,2,1.0,1 bath,0.0,1.0,435.0,5,365,7.0,4.95,4.9,4.86,5.0,5.0,4.71,f,0.6493150684931507,51
29650,within an hour,95,85,t,t,t,Harlem,Entire rental unit,Entire home/apt,2,1.0,1 bath,0.0,1.0,194.0,4,28,7.0,4.74,4.78,4.7,4.74,4.43,4.52,f,0.0821917808219178,28
29664,within an hour,98,99,f,t,t,Crown Heights,Entire rental unit,Entire home/apt,12,2.0,2 baths,3.0,6.0,348.0,2,365,3.0,4.69,4.81,4.91,4.72,4.38,4.75,t,0.6575342465753424,46
29668,within an hour,92,99,f,t,t,Chelsea,Entire rental unit,Entire home/apt,4,1.0,1 bath,1.0,2.0,281.0,1,365,1.0,4.65,4.61,4.78,4.69,4.78,4.53,t,0.5397260273972603,25
29669,within an hour,100,98,t,t,f,Randall Manor,Private room in home,Private room,2,1.0,1 private bath,1.0,1.0,110.0,1,365,1.0,4.97,4.99,4.96,5.0,4.94,4.96,f,0.210958904109589,37
29673,within an hour,100,100,f,t,t,Bedford-Stuyvesant,Private room in rental unit,Private room,2,1.5,1.5 shared baths,1.0,1.0,78.0,1,365,1.0,4.54,4.7,4.54,4.61,4.68,4.49,t,0.3863013698630137,47
29700,within an hour,100,99,f,t,t,South Beach,Entire home,Entire home/apt,2,1.0,1 bath,1.0,0.0,160.0,1,365,1.0,4.9,4.83,4.93,4.9,4.8,4.8,f,0.5671232876712329,37
29701,within an hour,100,100,t,t,t,St. Albans,Private room in home,Private room,1,1.0,1 bath,1.0,1.0,88.0,1,365,1.0,4.95,4.98,4.98,4.99,4.8,4.91,t,0.0465753424657534,22
29702,within an hour,100,99,t,t,t,Bedford-Stuyvesant,Entire home,Entire home/apt,6,1.0,1 bath,2.0,4.0,242.0,2,364,3.0,4.85,4.83,4.73,4.78,4.58,4.72,f,0.6246575342465753,35
29704,a few days or more,7,0,f,t,t,Upper West Side,Private room in home,Private room,6,5.5,5.5 baths,5.0,4.0,1750.0,1,1125,1.0,5.0,5.0,5.0,5.0,5.0,4.5,f,0.1178082191780822,95
29714,within a day,70,30,f,t,t,Kensington,Private room in home,Private room,1,2.0,2 baths,1.0,1.0,56.0,7,365,7.0,5.0,5.0,5.0,5.0,5.0,5.0,f,0.4931506849315068,29
29715,within an hour,100,97,t,t,t,Financial District,Room in hotel,Private room,2,1.0,1 bath,1.0,1.0,288.0,1,28,1.0,5.0,5.0,5.0,5.0,5.0,5.0,f,0.4356164383561643,23
29716,within an hour,100,97,t,t,t,Financial District,Room in hotel,Private room,2,1.0,1 bath,1.0,1.0,268.0,1,28,1.0,4.74,4.76,4.76,4.62,4.85,4.71,f,0.5205479452054794,26
29717,within an hour,100,97,t,t,t,Financial District,Room in hotel,Private room,2,1.0,1 bath,1.0,1.0,298.0,1,28,1.0,4.77,4.87,4.87,4.74,4.74,4.68,f,0.6109589041095891,25
29719,within an hour,100,97,t,t,t,Financial District,Room in hotel,Private room,2,1.0,1 bath,1.0,2.0,368.0,1,28,1.0,5.0,5.0,5.0,5.0,5.0,4.5,f,0.663013698630137,26
29729,within an hour,100,90,t,t,t,Bushwick,Private room in condo,Private room,3,2.0,2 baths,0.0,2.0,150.0,2,15,2.0,4.93,4.86,4.93,4.98,4.74,4.76,f,0.3671232876712328,47
29748,within an hour,100,89,t,t,t,Bushwick,Entire townhouse,Entire home/apt,6,1.0,1 bath,2.0,2.0,286.0,1,120,1.0,4.77,4.69,4.9,4.93,4.7,4.7,f,0.0931506849315068,65
29752,within a day,55,61,f,t,t,Harlem,Private room in rental unit,Private room,1,1.0,1 shared bath,1.0,1.0,80.0,5,30,5.0,4.77,4.65,4.77,4.9,4.68,4.84,f,0.2465753424657534,27
29773,within an hour,100,96,t,t,t,Canarsie,Private room in home,Private room,1,1.0,1 bath,1.0,1.0,118.0,2,29,2.0,5.0,4.94,4.98,5.0,4.83,4.87,f,0.0082191780821917,29
29775,within an hour,100,91,t,t,f,Hell's Kitchen,Entire rental unit,Entire home/apt,2,1.0,1 bath,1.0,1.0,314.0,3,1125,3.0,4.91,4.93,4.8,4.96,4.8,4.73,f,0.6356164383561644,47
29777,within an hour,100,100,f,t,t,Ditmars Steinway,Private room in home,Private room,2,1.0,1 shared bath,1.0,1.0,108.0,1,365,1.0,4.57,4.46,4.95,4.95,4.79,4.57,t,0.1534246575342465,21
29778,within an hour,100,100,f,t,t,Ditmars Steinway,Private room in townhouse,Private room,2,1.0,1 shared bath,1.0,1.0,103.0,1,365,1.0,4.67,4.72,4.93,4.95,4.74,4.54,t,0.2027397260273972,35
29779,within an hour,100,100,f,t,t,Ditmars Steinway,Private room in townhouse,Private room,2,1.0,1 shared bath,1.0,1.0,107.0,1,365,1.0,4.75,4.71,4.89,4.87,4.71,4.62,t,0.2630136986301369,33
29780,within an hour,100,100,f,t,t,Ditmars Steinway,Private room in townhouse,Private room,2,1.0,1 shared bath,1.0,1.0,108.0,1,365,1.0,4.66,4.74,4.85,4.87,4.77,4.57,t,0.1972602739726027,33
29798,within an hour,100,99,f,f,t,Chelsea,Entire loft,Entire home/apt,8,2.0,2 baths,2.0,4.0,526.0,4,365,4.0,4.63,4.52,4.82,4.88,4.88,4.54,f,0.1698630136986301,60
29799,within an hour,100,96,t,t,t,Maspeth,Private room in home,Private room,3,1.0,1 private bath,1.0,3.0,139.0,2,200,2.0,4.77,4.84,4.93,4.91,4.58,4.58,f,0.2712328767123287,36
29800,within an hour,100,98,t,t,t,East New York,Entire rental unit,Entire home/apt,4,2.0,2 baths,1.0,2.0,235.0,3,365,3.0,4.92,4.9,4.95,4.97,4.51,4.82,f,0.6986301369863014,49
29803,within an hour,100,100,t,t,t,Carroll Gardens,Private room in rental unit,Private room,2,1.0,1 private bath,1.0,2.0,270.0,2,365,3.0,4.93,4.98,4.95,4.9,4.95,4.83,f,0.3726027397260274,53
29812,within an hour,100,100,f,t,t,Prospect-Lefferts Gardens,Entire home,Entire home/apt,6,1.0,1 bath,3.0,4.0,279.0,3,27,3.0,4.73,4.91,4.88,4.94,4.55,4.64,t,0.5616438356164384,39
29824,within an hour,100,100,f,t,t,Midtown,Entire rental unit,Entire home/apt,6,1.0,1 bath,1.0,4.0,227.0,1,1125,3.0,4.57,4.57,4.86,5.0,5.0,4.57,t,0.2767123287671232,40
29825,within an hour,100,100,f,t,t,Midtown,Entire rental unit,Entire home/apt,5,1.0,1 bath,1.0,3.0,194.0,1,1125,3.0,4.56,4.17,4.83,4.67,4.78,4.28,t,0.2794520547945205,42
29831,within a few hours,75,100,f,t,t,Tremont,Private room in home,Private room,2,1.0,1 shared bath,1.0,1.0,246.0,1,365,1.0,5.0,5.0,5.0,5.0,5.0,5.0,t,0.0,9
29833,within an hour,100,95,t,t,t,Hell's Kitchen,Entire rental unit,Entire home/apt,4,1.0,1 bath,1.0,2.0,314.0,3,365,3.0,5.0,5.0,4.93,5.0,5.0,4.87,f,0.4657534246575342,52
29847,within an hour,100,100,t,t,t,Carroll Gardens,Private room in guest suite,Private room,2,1.0,1 private bath,1.0,1.0,134.0,3,1125,5.0,4.85,4.85,5.0,5.0,4.98,4.88,t,0.5232876712328767,51
29859,within an hour,90,99,t,t,t,Bedford-Stuyvesant,Private room in rental unit,Private room,2,2.5,2.5 baths,2.0,2.0,281.0,2,100,18.0,4.93,4.91,4.96,4.95,4.71,4.81,f,0.2301369863013698,53
29865,within an hour,100,99,t,t,t,Corona,Shared room in rental unit,Shared room,1,1.0,1 shared bath,1.0,1.0,64.0,1,7,1.0,4.95,4.77,4.87,4.97,4.85,4.79,f,0.2684931506849315,30
29867,within an hour,100,99,t,t,t,Murray Hill,Entire condo,Entire home/apt,5,1.0,1 bath,2.0,1.0,442.0,3,365,3.0,4.81,4.81,4.84,4.94,4.87,4.65,t,0.5753424657534246,38
29889,within an hour,100,99,f,f,t,Kips Bay,Entire rental unit,Entire home/apt,6,1.0,1 bath,2.0,1.0,353.0,4,365,4.0,4.5,4.65,4.55,4.85,4.5,4.35,t,0.1643835616438356,33
29894,within an hour,100,99,t,t,t,Pelham Gardens,Private room in home,Private room,2,1.0,1 shared bath,1.0,2.0,109.0,2,24,3.0,4.93,4.93,4.83,5.0,4.9,4.88,t,0.3095890410958904,34
29900,within an hour,100,99,t,t,t,Corona,Shared room in rental unit,Shared room,1,1.0,1 shared bath,1.0,0.0,64.0,1,7,1.0,4.96,4.86,5.0,4.96,4.93,4.68,f,0.3123287671232876,62
29903,within a few hours,100,99,f,t,t,Chinatown,Entire rental unit,Entire home/apt,4,1.0,1 bath,2.0,3.0,278.0,2,720,2.0,4.74,4.72,4.89,4.94,4.66,4.55,f,0.4027397260273972,46
29905,within an hour,100,100,t,t,t,East New York,Private room in home,Private room,2,2.0,2 baths,1.0,1.0,118.0,1,365,1.0,4.87,4.84,4.92,4.95,4.57,4.8,t,0.0767123287671232,51
29923,within an hour,98,100,f,t,t,Midtown,Private room in rental unit,Private room,4,2.0,2 shared baths,1.0,2.0,75.0,1,365,1.0,4.24,4.14,4.57,4.62,4.86,4.29,t,0.3863013698630137,26
29943,within an hour,100,100,f,t,t,Canarsie,Shared room in home,Shared room,2,2.0,2 shared baths,3.0,3.0,254.0,1,30,1.0,5.0,5.0,5.0,5.0,5.0,5.0,f,0.547945205479452,44
29973,within an hour,98,100,f,t,t,Midtown,Private room in rental unit,Private room,5,1.0,1 bath,1.0,3.0,116.0,1,365,1.0,4.29,4.46,4.54,4.46,4.92,4.04,t,0.4273972602739726,34
29980,within an hour,100,96,t,t,t,Dyker Heights,Private room in home,Private room,2,1.0,1 private bath,1.0,1.0,109.0,2,365,2.0,4.98,4.93,4.93,4.98,4.77,4.81,f,0.6547945205479452,43
29989,within an hour,100,94,t,t,t,Bedford-Stuyvesant,Entire home,Entire home/apt,6,2.0,2 baths,2.0,3.0,258.0,3,1125,2.0,4.92,4.85,4.81,4.81,4.81,4.77,t,0.2794520547945205,39
29992,within a few hours,100,96,t,f,t,Canarsie,Private room in townhouse,Private room,4,1.0,1 bath,2.0,3.0,119.0,1,30,1.0,4.84,4.78,4.81,4.84,4.44,4.81,f,0.3616438356164383,51
29998,within an hour,70,99,f,t,t,Midtown,Room in hotel,Private room,2,1.0,1 bath,1.0,1.0,331.0,1,365,3.0,4.29,4.43,4.29,4.29,4.29,4.29,t,0.0657534246575342,4
29999,within an hour,70,99,f,t,t,Midtown,Room in hotel,Private room,2,1.0,1 bath,1.0,1.0,331.0,1,365,2.0,3.0,4.0,4.0,4.0,4.0,4.0,t,0.1260273972602739,4
30001,within an hour,70,99,f,t,t,Midtown,Room in hotel,Private room,2,1.0,1 bath,1.0,1.0,347.0,1,365,3.0,3.5,3.75,4.25,3.25,4.25,3.5,t,0.0082191780821917,4
30002,within an hour,70,99,f,t,t,Midtown,Room in hotel,Private room,2,1.0,1 bath,1.0,1.0,354.0,1,365,2.0,4.0,4.6,4.6,4.4,5.0,4.2,t,0.0630136986301369,4
30003,within an hour,70,99,f,t,t,Midtown,Room in hotel,Private room,2,1.0,1 bath,1.0,1.0,364.0,1,365,3.0,1.0,1.0,1.0,1.0,1.0,3.0,t,0.0164383561643835,4
30004,within an hour,70,99,f,t,t,Midtown,Room in hotel,Private room,2,1.0,1 bath,1.0,2.0,414.0,1,365,3.0,5.0,5.0,5.0,1.0,5.0,5.0,t,0.0273972602739726,4
30009,within an hour,100,98,t,t,t,Jackson Heights,Private room in rental unit,Private room,2,1.0,1 private bath,1.0,2.0,118.0,3,1125,3.0,4.9,4.85,4.85,4.9,4.62,4.67,f,0.6383561643835617,54
30022,within an hour,100,94,f,t,t,Fort Greene,Entire rental unit,Entire home/apt,2,1.0,1 bath,1.0,1.0,225.0,2,15,1.0,4.78,4.9,4.93,4.93,4.9,4.76,f,0.1780821917808219,43
30027,within an hour,70,99,f,t,t,Hell's Kitchen,Room in hotel,Private room,2,1.0,1 bath,1.0,1.0,293.0,1,365,3.0,3.59,3.73,3.86,3.55,4.0,3.45,t,0.0465753424657534,4
30029,within an hour,70,99,f,t,t,Hell's Kitchen,Room in hotel,Private room,2,1.0,1 bath,1.0,2.0,279.0,1,365,2.0,2.67,3.67,4.33,3.67,4.33,2.67,t,0.0712328767123287,4
30030,within an hour,70,99,f,t,t,Hell's Kitchen,Room in hotel,Private room,2,1.0,1 bath,1.0,1.0,301.0,1,365,3.0,3.14,3.29,3.71,3.14,3.71,3.14,t,0.0383561643835616,6
30031,within an hour,70,99,f,t,t,Hell's Kitchen,Room in hotel,Private room,2,1.0,1 bath,1.0,1.0,279.0,1,365,2.0,3.39,3.75,4.29,3.68,4.46,3.36,t,0.0547945205479452,4
30034,within an hour,100,99,t,t,t,Corona,Shared room in rental unit,Shared room,1,1.0,1 shared bath,1.0,1.0,68.0,1,7,1.0,4.79,4.63,4.71,4.75,4.71,4.71,f,0.0,66
30039,within a day,70,10,f,t,t,Midtown,Room in hotel,Private room,4,2.0,2 baths,1.0,2.0,507.0,2,2,2.0,5.0,5.0,5.0,4.0,5.0,4.0,f,0.0246575342465753,6
30057,within an hour,92,67,f,t,t,Midtown,Entire rental unit,Entire home/apt,10,4.0,4 baths,5.0,5.0,4503.0,2,28,2.0,4.83,4.92,4.58,4.67,4.92,4.67,t,0.147945205479452,49
30061,within an hour,100,100,f,t,t,Hell's Kitchen,Entire rental unit,Entire home/apt,3,1.0,1 bath,1.0,1.0,225.0,3,365,3.0,4.43,4.43,4.64,4.6,4.69,4.29,t,0.6465753424657534,38
30063,within an hour,100,96,t,t,t,Harlem,Entire rental unit,Entire home/apt,2,1.0,1 bath,2.0,2.0,303.0,3,28,3.0,4.83,4.98,4.94,4.98,4.77,4.77,f,0.3698630136986301,72
30070,within an hour,100,100,f,t,t,East Village,Entire rental unit,Entire home/apt,7,1.0,1 bath,4.0,6.0,792.0,7,365,7.0,4.29,4.71,4.88,4.53,4.41,4.35,f,0.2767123287671232,43
30074,within an hour,100,100,f,t,t,Clinton Hill,Entire rental unit,Entire home/apt,3,1.0,1 bath,0.0,1.0,203.0,3,365,3.0,4.49,4.44,4.74,4.74,4.85,4.41,t,0.1260273972602739,32
30077,within an hour,100,79,f,t,t,Upper West Side,Private room in rental unit,Private room,2,2.0,2 shared baths,1.0,1.0,137.0,2,365,2.0,4.88,4.88,4.69,4.88,4.77,4.73,f,0.6438356164383562,44
30079,within an hour,95,99,t,t,t,Midtown,Room in hotel,Private room,2,1.0,1 shared bath,1.0,1.0,290.0,1,365,1.0,4.96,5.0,4.93,4.96,4.85,4.93,t,0.2273972602739726,39
30080,within an hour,95,99,t,t,t,Midtown,Room in hotel,Private room,2,1.0,1 bath,1.0,1.0,269.0,1,365,1.0,4.92,4.92,4.92,4.92,4.83,4.83,t,0.2520547945205479,20
30081,within an hour,95,99,t,t,t,Midtown,Room in hotel,Private room,2,1.0,1 bath,1.0,1.0,300.0,1,365,1.0,4.92,4.92,4.89,4.92,4.84,4.76,t,0.2356164383561644,19
30083,within an hour,95,99,t,t,t,Midtown,Room in hotel,Private room,2,1.0,1 bath,1.0,1.0,247.0,1,365,1.0,5.0,5.0,5.0,5.0,5.0,4.33,t,0.284931506849315,19
30084,within an hour,95,99,t,t,t,Midtown,Room in hotel,Private room,1,1.0,1 bath,1.0,1.0,225.0,1,365,1.0,5.0,5.0,5.0,5.0,5.0,5.0,t,0.2657534246575342,18
30085,within an hour,95,99,t,t,t,Midtown,Room in hotel,Private room,2,1.0,1 bath,1.0,1.0,261.0,1,365,1.0,4.95,4.95,4.84,4.84,4.95,4.89,t,0.2712328767123287,19
30087,within an hour,95,99,t,t,t,Midtown,Room in hotel,Private room,2,1.0,1 bath,1.0,1.0,346.0,1,365,2.0,5.0,4.92,5.0,5.0,5.0,4.92,t,0.2630136986301369,20
30094,within an hour,95,99,t,t,t,Midtown,Room in hotel,Private room,4,1.0,1 bath,1.0,2.0,390.0,1,365,2.0,4.73,4.82,4.82,4.64,4.73,4.73,t,0.4054794520547945,19
30129,within an hour,100,79,t,t,t,Chelsea,Private room in condo,Private room,2,2.0,2 baths,2.0,3.0,700.0,5,365,5.0,5.0,5.0,4.0,5.0,5.0,4.5,f,0.4630136986301369,57
30131,within an hour,100,64,t,t,t,Sunset Park,Entire guesthouse,Entire home/apt,6,1.0,1 bath,1.0,2.0,179.0,1,365,1.0,4.91,4.9,4.74,4.96,4.83,4.84,f,0.5041095890410959,52
30132,within an hour,100,100,f,t,t,Brownsville,Private room in rental unit,Private room,1,1.0,1 shared bath,1.0,1.0,100.0,3,365,3.0,4.57,4.86,4.43,4.71,4.24,4.43,t,0.3041095890410959,26
30133,within an hour,100,100,t,t,t,Theater District,Entire rental unit,Entire home/apt,2,1.0,1 bath,1.0,1.0,430.0,30,365,30.0,5.0,5.0,4.92,5.0,5.0,4.77,f,0.284931506849315,37
30136,within an hour,100,100,t,t,t,Bay Ridge,Private room in rental unit,Private room,2,1.0,1 bath,1.0,1.0,168.0,2,1125,2.0,4.81,4.68,4.87,4.89,4.84,4.75,f,0.1315068493150684,28
30141,within a few hours,100,86,t,t,f,Ditmars Steinway,Private room in home,Private room,1,1.0,1 bath,1.0,1.0,130.0,5,22,5.0,5.0,4.75,4.88,4.94,4.69,4.81,f,0.6191780821917808,21
30142,within an hour,100,100,t,t,t,East Flatbush,Private room in home,Private room,2,1.0,1 bath,1.0,1.0,109.0,1,27,1.0,4.78,4.96,4.81,4.85,4.52,4.63,f,0.336986301369863,31
30151,within an hour,100,92,t,t,t,Harlem,Private room in townhouse,Private room,2,1.0,1 private bath,1.0,1.0,299.0,2,365,2.0,5.0,5.0,5.0,5.0,4.67,5.0,f,0.5178082191780822,54
30152,within an hour,100,100,t,t,t,Bedford-Stuyvesant,Entire rental unit,Entire home/apt,4,1.5,1.5 baths,2.0,2.0,479.0,4,60,4.0,4.97,5.0,5.0,5.0,4.77,4.77,f,0.0301369863013698,52
30158,within an hour,100,100,f,t,t,Chelsea,Private room in rental unit,Private room,2,1.0,1 shared bath,1.0,1.0,229.0,2,14,2.0,5.0,5.0,5.0,5.0,5.0,4.83,f,0.6273972602739726,45
30160,within a few hours,100,74,t,t,t,Hell's Kitchen,Entire condo,Entire home/apt,4,2.0,2 baths,2.0,2.0,961.0,7,365,7.0,5.0,4.9,5.0,4.9,4.9,4.9,f,0.6520547945205479,61
30176,within an hour,97,99,f,t,t,Flushing,Entire rental unit,Entire home/apt,2,1.0,1 bath,1.0,1.0,230.0,1,365,1.0,4.2,4.48,4.32,4.2,4.3,4.02,t,0.4164383561643835,20
30177,within an hour,97,99,f,t,t,Flushing,Entire rental unit,Entire home/apt,4,1.0,1 bath,1.0,2.0,224.0,1,365,1.0,4.67,4.77,4.78,4.78,4.63,4.55,t,0.4301369863013699,20
30187,within an hour,100,76,f,t,t,Todt Hill,Entire rental unit,Entire home/apt,2,1.0,1 bath,1.0,1.0,116.0,2,60,2.0,5.0,5.0,5.0,4.77,4.92,4.92,f,0.5972602739726027,54
30190,within a few hours,100,88,t,t,t,Marble Hill,Private room in home,Private room,2,1.0,1 private bath,1.0,1.0,132.0,2,730,2.0,4.87,4.96,4.96,5.0,4.74,4.7,f,0.0986301369863013,44
30191,within an hour,100,99,f,t,t,East Elmhurst,Private room in home,Private room,2,1.0,1 shared bath,1.0,1.0,99.0,1,365,1.0,4.09,4.09,4.36,4.09,4.27,3.82,t,0.2876712328767123,33
30195,within an hour,100,99,f,t,t,East Elmhurst,Private room in home,Private room,2,1.0,1 shared bath,1.0,1.0,99.0,1,365,1.0,4.22,4.44,4.44,4.56,4.11,4.0,t,0.2986301369863013,33
30197,within an hour,100,100,t,t,t,Harlem,Entire townhouse,Entire home/apt,2,1.0,1 bath,2.0,2.0,352.0,3,28,3.0,4.9,4.85,4.88,4.95,4.83,4.76,f,0.4027397260273972,75
30200,within an hour,97,90,t,t,t,Financial District,Entire rental unit,Entire home/apt,12,2.5,2.5 baths,5.0,5.0,1729.0,2,365,2.0,5.0,4.93,4.86,4.93,5.0,4.86,f,0.3698630136986301,69
30223,within an hour,100,87,f,t,t,Midtown,Room in hotel,Private room,2,1.0,1 private bath,1.0,1.0,546.0,1,28,1.0,5.0,5.0,5.0,5.0,5.0,5.0,t,0.673972602739726,27
30245,within an hour,100,79,f,t,t,Lower East Side,Entire rental unit,Entire home/apt,4,1.0,1 bath,2.0,2.0,307.0,3,365,3.0,4.38,4.67,4.76,4.73,4.71,4.47,f,0.1972602739726027,37
30253,within an hour,100,99,t,t,t,Bushwick,Entire guesthouse,Entire home/apt,2,1.0,1 bath,2.0,2.0,259.0,2,28,2.0,4.79,4.79,4.97,4.68,4.44,4.65,f,0.2301369863013698,44
30258,within an hour,100,100,f,t,f,Bath Beach,Private room in home,Private room,2,1.0,1 shared bath,1.0,1.0,105.0,1,29,1.0,4.67,4.8,4.6,4.53,4.87,4.8,t,0.3534246575342465,6
30262,within an hour,100,100,t,t,t,Bedford-Stuyvesant,Entire guest suite,Entire home/apt,2,1.0,1 bath,2.0,3.0,209.0,3,14,3.0,4.83,4.83,4.97,5.0,4.47,4.77,t,0.1506849315068493,23
30265,within an hour,100,98,t,t,t,Bushwick,Private room in rental unit,Private room,2,1.0,1 shared bath,1.0,1.0,110.0,2,45,2.0,5.0,4.96,5.0,4.96,4.72,4.92,f,0.673972602739726,32
30279,within an hour,98,100,f,t,t,Financial District,Entire rental unit,Entire home/apt,2,1.0,1 bath,0.0,1.0,358.0,1,1125,1.0,4.14,4.71,4.14,4.14,4.29,4.14,t,0.2712328767123287,28
30283,within an hour,100,100,f,t,t,Prospect-Lefferts Gardens,Entire home,Entire home/apt,6,1.0,1 bath,3.0,4.0,279.0,3,27,3.0,4.48,4.36,4.82,4.85,4.36,4.33,t,0.5643835616438356,42
30292,within an hour,100,100,t,t,t,Canarsie,Entire home,Entire home/apt,2,1.0,1 bath,1.0,1.0,174.0,3,28,3.0,4.96,4.96,5.0,5.0,4.8,4.84,f,0.6054794520547945,46
30300,within an hour,98,100,f,t,t,Midtown,Private room in rental unit,Private room,3,2.0,2 baths,1.0,2.0,72.0,1,365,1.0,4.29,4.62,4.43,4.48,4.81,4.1,t,0.4301369863013699,33
30319,within an hour,100,100,t,t,t,Jamaica,Private room in rental unit,Private room,2,1.0,1 private bath,1.0,1.0,149.0,1,25,5.0,4.87,4.96,4.91,4.91,4.42,4.71,t,0.0,49
30324,within a day,50,0,f,t,t,"Bay Terrace, Staten Island",Private room in townhouse,Private room,2,1.5,1.5 baths,1.0,1.0,136.0,2,90,2.0,5.0,5.0,5.0,5.0,5.0,5.0,f,0.4,37
30354,within an hour,100,100,f,t,t,Kips Bay,Entire rental unit,Entire home/apt,4,1.0,1 bath,0.0,1.0,219.0,3,365,3.0,4.47,4.37,4.65,4.79,4.88,4.23,t,0.2,35
30361,within an hour,100,98,t,t,t,Jackson Heights,Private room in rental unit,Private room,2,1.0,1 private bath,1.0,1.0,104.0,3,29,3.0,4.64,4.61,4.82,4.86,4.71,4.61,f,0.6465753424657534,55
30375,within a few hours,100,99,t,t,t,Bushwick,Private room in rental unit,Private room,2,1.0,1 private bath,1.0,1.0,150.0,5,21,5.0,4.9,4.94,4.98,5.0,4.63,4.9,f,0.5123287671232877,26
30377,within a few hours,100,99,t,t,t,Bedford-Stuyvesant,Private room in rental unit,Private room,2,1.0,1 private bath,1.0,1.0,135.0,5,21,5.0,5.0,4.98,4.93,5.0,4.76,4.98,f,0.4410958904109589,26
30379,within an hour,100,100,t,t,t,Bedford-Stuyvesant,Private room in rental unit,Private room,2,1.0,1 private bath,1.0,1.0,151.0,5,21,5.0,4.93,4.87,4.96,4.96,4.63,4.91,f,0.3205479452054794,25
30380,within an hour,100,96,t,t,t,Crown Heights,Private room in rental unit,Private room,2,1.0,1 shared bath,1.0,1.0,200.0,2,365,2.0,4.88,4.92,4.72,4.96,4.68,4.84,f,0.2821917808219178,49
30383,within an hour,100,100,t,t,t,Flushing,Room in hotel,Private room,2,1.0,1 private bath,1.0,1.0,191.0,1,14,1.0,4.6,4.78,4.6,4.8,4.3,4.2,t,0.4684931506849315,48
30391,within an hour,100,97,f,t,t,East Harlem,Entire home,Entire home/apt,12,3.5,4 baths,4.0,6.0,422.0,3,365,3.0,4.45,4.5,4.45,4.73,4.45,4.45,t,0.1342465753424657,52
30397,within an hour,100,100,t,t,t,Harlem,Entire rental unit,Entire home/apt,4,1.0,1 bath,1.0,2.0,178.0,1,30,1.0,4.71,4.68,4.9,4.78,4.9,4.68,t,0.4821917808219178,20
30399,within an hour,100,100,t,t,f,Canarsie,Entire rental unit,Entire home/apt,2,1.0,1 bath,1.0,3.0,139.0,2,28,2.0,4.77,4.94,4.94,4.8,4.63,4.77,t,0.136986301369863,43
30404,within an hour,100,100,t,t,t,Bedford-Stuyvesant,Entire rental unit,Entire home/apt,3,1.0,1 bath,1.0,1.0,217.0,2,365,2.0,4.97,4.94,5.0,4.91,4.72,4.81,f,0.536986301369863,40
30408,within an hour,100,99,t,t,t,Forest Hills,Entire home,Entire home/apt,5,1.0,1 bath,2.0,3.0,255.0,2,730,3.0,4.97,4.92,5.0,4.97,4.86,4.92,f,0.6,38
30411,within an hour,100,100,f,t,t,Bedford-Stuyvesant,Entire townhouse,Entire home/apt,6,2.5,2.5 baths,1.0,3.0,429.0,2,365,3.0,4.85,4.85,4.54,4.92,4.69,4.85,f,0.6575342465753424,69
30416,within an hour,100,99,t,t,t,East Harlem,Private room in home,Private room,6,2.0,2 baths,1.0,2.0,250.0,3,30,3.0,4.93,4.88,4.98,4.88,4.37,4.7,f,0.2547945205479452,67
30417,within an hour,100,100,f,t,t,Cambria Heights,Private room in home,Private room,2,1.0,1 private bath,1.0,1.0,114.0,1,60,1.0,4.69,4.73,4.81,4.88,4.85,4.58,t,0.2657534246575342,53
30427,within an hour,93,84,t,t,t,Jamaica,Private room in home,Private room,2,1.0,1 private bath,1.0,1.0,160.0,1,365,1.0,4.96,4.96,4.88,5.0,4.64,4.84,f,0.273972602739726,43
30431,within an hour,100,87,t,t,t,Cypress Hills,Entire home,Entire home/apt,7,1.0,1 bath,3.0,3.0,385.0,2,14,3.0,4.85,4.88,4.88,4.88,4.62,4.77,f,0.3835616438356164,53
30432,within an hour,100,100,t,t,t,East New York,Private room in rental unit,Private room,2,1.0,1 private bath,1.0,1.0,124.0,3,1125,3.0,4.93,4.96,4.96,4.89,4.7,4.85,f,0.021917808219178,55
30444,within an hour,100,100,f,f,t,Bellerose,Entire home,Entire home/apt,2,1.0,1 bath,1.0,1.0,108.0,1,365,1.0,4.26,4.26,4.74,4.52,4.56,4.11,t,0.3068493150684931,42
30449,within an hour,100,100,f,t,t,Murray Hill,Entire rental unit,Entire home/apt,4,1.0,1 bath,1.0,2.0,469.0,1,365,1.0,3.4,5.0,5.0,4.2,4.8,3.2,t,0.6301369863013698,22
30450,within an hour,100,100,f,t,t,Midtown,Entire rental unit,Entire home/apt,4,1.0,1 bath,1.0,1.0,486.0,1,365,1.0,4.63,5.0,5.0,4.88,4.88,4.38,t,0.6465753424657534,22
30453,within a few hours,100,50,t,t,t,SoHo,Entire rental unit,Entire home/apt,3,1.0,1 bath,2.0,2.0,476.0,4,365,3.0,4.93,4.93,4.96,4.96,5.0,4.63,f,0.5835616438356165,23
30466,within an hour,100,94,t,t,t,Bedford-Stuyvesant,Entire rental unit,Entire home/apt,4,1.0,1 bath,1.0,1.0,195.0,30,365,3.0,4.85,4.88,4.85,4.94,4.61,4.64,t,0.2657534246575342,45
30469,within an hour,100,57,f,t,t,Williamsburg,Entire rental unit,Entire home/apt,2,1.0,1 bath,1.0,1.0,449.0,3,60,3.0,5.0,4.8,4.9,5.0,4.8,4.6,f,0.2767123287671232,38
30473,within an hour,100,100,t,t,t,Canarsie,Private room in home,Private room,2,1.0,1 private bath,1.0,1.0,131.0,2,1125,2.0,4.87,4.93,5.0,5.0,4.6,4.8,f,0.6986301369863014,46
30476,within an hour,100,99,t,t,t,Astoria,Entire home,Entire home/apt,4,1.0,1 bath,1.0,2.0,187.0,1,365,1.0,4.81,4.86,4.95,4.94,4.87,4.75,t,0.0876712328767123,39
30482,within an hour,97,99,f,t,t,East Flatbush,Private room in home,Private room,2,3.0,3 baths,1.0,1.0,140.0,1,365,1.0,4.83,5.0,5.0,5.0,4.33,4.67,f,0.0,18
30491,within a few hours,93,64,t,t,t,East Harlem,Entire condo,Entire home/apt,4,2.0,2 baths,2.0,2.0,312.0,7,365,7.0,4.75,4.65,4.95,4.85,4.85,4.8,f,0.3013698630136986,29
30492,within a few hours,93,64,t,t,t,Hell's Kitchen,Entire condo,Entire home/apt,6,1.0,1 bath,3.0,3.0,456.0,7,365,7.0,4.83,4.59,4.93,5.0,4.93,4.48,f,0.5780821917808219,30
30496,within an hour,100,92,t,t,t,Harlem,Entire rental unit,Entire home/apt,6,1.0,1 bath,3.0,0.0,366.0,1,25,1.0,4.95,4.85,4.95,5.0,4.85,5.0,f,0.6082191780821918,38
30498,within an hour,100,95,t,t,t,East Elmhurst,Private room in home,Private room,1,1.0,1 shared bath,1.0,1.0,51.0,3,31,3.0,4.87,4.87,4.95,4.9,4.79,4.85,f,0.3671232876712328,41
30501,within an hour,100,95,t,t,t,East Elmhurst,Private room in home,Private room,1,1.0,1 shared bath,1.0,1.0,52.0,3,30,3.0,4.93,4.93,4.98,5.0,4.76,4.9,f,0.3232876712328767,37
30505,within an hour,100,100,t,t,t,Astoria,Entire home,Entire home/apt,4,1.0,1 bath,1.0,2.0,192.0,1,365,1.0,4.81,4.83,4.94,4.87,4.89,4.68,t,0.1041095890410958,40
30507,within an hour,100,100,f,t,t,Cypress Hills,Entire condo,Entire home/apt,4,1.0,1 bath,1.0,2.0,258.0,3,21,3.0,5.0,5.0,5.0,5.0,5.0,5.0,f,0.0,52
30524,within a few hours,100,77,t,t,t,Hell's Kitchen,Entire condo,Entire home/apt,4,2.0,2 baths,2.0,2.0,949.0,7,365,8.0,5.0,5.0,5.0,5.0,5.0,5.0,f,0.6712328767123288,65
30531,within an hour,100,100,f,t,t,Astoria,Entire home,Entire home/apt,4,1.0,1 bath,1.0,1.0,159.0,1,365,1.0,4.67,4.83,4.42,4.67,4.58,4.42,t,0.0301369863013698,37
30534,within an hour,100,99,t,t,t,Harlem,Entire townhouse,Entire home/apt,6,1.0,1 bath,3.0,4.0,562.0,2,20,7.0,4.88,4.9,4.91,4.97,4.86,4.67,f,0.410958904109589,43
30536,within a few hours,100,74,t,t,t,Hell's Kitchen,Entire rental unit,Entire home/apt,4,1.0,1 bath,2.0,2.0,703.0,6,365,8.0,5.0,4.88,5.0,5.0,5.0,4.94,f,0.663013698630137,62
30537,within a few hours,100,74,t,t,t,West Village,Entire rental unit,Entire home/apt,2,1.0,1 bath,1.0,1.0,612.0,5,365,8.0,5.0,5.0,4.94,5.0,4.94,4.82,f,0.6219178082191781,51
30539,within a few hours,100,74,t,t,t,Hell's Kitchen,Entire rental unit,Entire home/apt,4,1.0,1 bath,2.0,2.0,560.0,6,365,8.0,5.0,5.0,5.0,5.0,5.0,4.83,f,0.3753424657534246,55
30540,within an hour,100,100,t,t,t,South Ozone Park,Private room in rental unit,Private room,4,2.0,2 baths,2.0,3.0,250.0,1,28,2.0,5.0,4.9,4.97,5.0,4.8,4.9,f,0.3397260273972602,30
30546,within an hour,100,100,f,t,t,Astoria,Private room in home,Private room,2,2.0,2 shared baths,1.0,1.0,82.0,1,365,1.0,4.69,4.8,4.87,4.85,4.76,4.67,t,0.0356164383561643,37
30547,within an hour,100,100,f,t,t,Chinatown,Private room in rental unit,Private room,2,1.0,1 bath,1.0,1.0,145.0,3,365,3.0,1.0,2.0,2.5,2.0,3.0,1.5,t,0.4794520547945205,29
30552,within an hour,100,100,f,t,t,Mott Haven,Private room in rental unit,Private room,4,2.0,2 shared baths,1.0,1.0,87.0,1,365,1.0,4.62,4.63,4.84,4.86,4.41,4.6,t,0.0684931506849315,35
30558,within an hour,100,100,f,t,t,Murray Hill,Entire rental unit,Entire home/apt,4,1.0,1 bath,1.0,2.0,409.0,1,365,1.0,4.67,4.78,4.56,4.89,4.94,4.72,t,0.6657534246575343,22
30560,within an hour,90,98,t,t,t,Bedford-Stuyvesant,Entire condo,Entire home/apt,2,1.5,1.5 baths,2.0,2.0,212.0,1,365,1.0,4.88,4.76,4.97,4.91,4.79,4.79,f,0.1315068493150684,62
30575,within an hour,100,100,f,t,t,Astoria,Private room in home,Private room,2,2.0,2 shared baths,1.0,1.0,100.0,1,365,1.0,4.72,4.72,4.88,4.85,4.75,4.53,t,0.0273972602739726,38
30577,within an hour,100,100,f,t,t,Mott Haven,Private room in rental unit,Private room,4,2.0,2 shared baths,1.0,1.0,90.0,1,365,1.0,4.72,4.73,4.94,4.84,4.52,4.73,t,0.3205479452054794,39
30578,within an hour,100,99,t,t,t,Harlem,Entire townhouse,Entire home/apt,4,1.0,1 bath,2.0,3.0,449.0,2,20,7.0,4.77,4.85,4.77,4.89,4.72,4.58,t,0.5534246575342465,51
30581,within an hour,100,98,t,t,t,Corona,Shared room in rental unit,Shared room,1,1.0,1 shared bath,1.0,1.0,64.0,1,7,1.0,4.8,4.69,4.77,4.77,4.74,4.66,f,0.2602739726027397,50
30582,within an hour,100,99,t,t,t,Harlem,Entire townhouse,Entire home/apt,6,1.0,1 bath,3.0,4.0,507.0,2,20,7.0,4.82,4.88,4.83,4.88,4.77,4.68,f,0.4493150684931506,34
30586,within an hour,100,97,t,t,f,Bedford-Stuyvesant,Private room in home,Private room,6,2.0,2 baths,2.0,4.0,286.0,2,45,7.0,4.94,5.0,5.0,5.0,4.78,4.78,f,0.6054794520547945,23
30588,within an hour,100,100,f,t,t,Mott Haven,Private room in rental unit,Private room,4,2.0,2 baths,1.0,1.0,87.0,1,365,1.0,4.8,4.61,4.91,4.89,4.67,4.72,t,0.0602739726027397,35
30589,within an hour,100,100,f,t,t,Mott Haven,Private room in rental unit,Private room,3,2.0,2 baths,1.0,1.0,70.0,1,365,1.0,4.59,4.63,4.75,4.74,4.48,4.45,t,0.0328767123287671,36
30591,within an hour,100,100,f,t,t,Astoria,Private room in home,Private room,4,2.0,2 baths,1.0,1.0,105.0,1,365,1.0,4.79,4.83,4.91,4.87,4.8,4.68,t,0.0356164383561643,39
30607,within an hour,100,90,t,t,t,Harlem,Entire rental unit,Entire home/apt,10,1.0,1 bath,2.0,3.0,256.0,3,365,3.0,4.94,4.61,4.89,5.0,4.56,4.64,f,0.6054794520547945,47
30608,within an hour,100,100,f,t,t,Midtown,Entire rental unit,Entire home/apt,2,1.0,1 bath,0.0,1.0,290.0,1,365,2.0,4.58,4.75,4.92,4.75,4.75,4.42,t,0.5698630136986301,22
30617,within an hour,100,99,t,t,t,Harlem,Entire rental unit,Entire home/apt,4,1.0,1 bath,2.0,2.0,380.0,2,20,7.0,4.79,4.94,4.74,4.94,4.77,4.72,t,0.4767123287671233,36
30618,within an hour,100,100,t,t,t,Astoria,Private room in home,Private room,2,1.0,1 shared bath,1.0,1.0,100.0,1,365,1.0,4.81,4.78,4.95,4.9,4.78,4.79,t,0.0301369863013698,36
30619,within an hour,100,100,t,t,t,Astoria,Private room in home,Private room,2,1.0,1 shared bath,1.0,2.0,94.0,1,365,1.0,4.81,4.78,5.0,4.88,4.81,4.7,t,0.0273972602739726,36
30625,within an hour,100,98,f,t,t,Midtown,Entire rental unit,Entire home/apt,4,2.0,2 baths,1.0,2.0,1893.0,1,365,1.0,5.0,5.0,5.0,5.0,5.0,5.0,f,0.0328767123287671,56
30647,within an hour,100,98,t,t,t,Bushwick,Entire guesthouse,Entire home/apt,2,1.0,1 bath,2.0,2.0,259.0,2,28,2.0,4.93,4.81,4.98,4.74,4.6,4.84,f,0.3287671232876712,45
30659,within an hour,93,91,f,t,t,East Elmhurst,Private room in home,Private room,2,1.0,1 shared bath,1.0,1.0,81.0,2,365,2.0,4.77,4.85,4.92,4.85,4.77,4.69,f,0.0794520547945205,38
30664,within an hour,100,100,f,t,t,Midtown,Entire rental unit,Entire home/apt,7,1.0,1 bath,1.0,4.0,315.0,1,365,3.0,4.63,4.58,4.89,4.84,4.95,4.79,t,0.3835616438356164,43
30680,within an hour,100,94,t,t,f,East Elmhurst,Private room in home,Private room,1,1.0,1 bath,1.0,1.0,145.0,1,1,1.0,4.89,4.9,4.98,4.92,4.84,4.7,f,0.5123287671232877,15
30684,within a few hours,100,100,t,t,t,Upper West Side,Private room in rental unit,Private room,2,1.0,1 private bath,1.0,1.0,122.0,30,365,30.0,4.81,4.47,4.87,4.87,4.93,4.6,f,0.6328767123287671,13
30695,within an hour,100,98,f,t,t,Woodside,Entire rental unit,Entire home/apt,7,2.0,2 baths,3.0,3.0,386.0,1,24,3.0,4.67,4.33,5.0,5.0,5.0,4.33,f,0.2958904109589041,34
30696,within an hour,92,50,t,t,t,Tribeca,Entire loft,Entire home/apt,2,1.0,1 bath,1.0,0.0,549.0,3,365,3.0,4.88,5.0,4.75,4.88,5.0,4.63,f,0.0,56
30703,within an hour,100,100,t,t,t,Astoria,Private room in home,Private room,2,1.0,1 shared bath,1.0,1.0,94.0,1,365,1.0,4.79,4.78,4.97,4.97,4.84,4.68,t,0.0410958904109589,36
30704,within an hour,100,100,t,t,t,Financial District,Entire rental unit,Entire home/apt,6,1.0,1 bath,2.0,4.0,482.0,3,365,3.0,4.92,4.84,4.97,5.0,4.87,4.64,f,0.1835616438356164,45
30705,within an hour,100,100,t,t,t,Chelsea,Entire rental unit,Entire home/apt,10,2.0,2 baths,3.0,4.0,868.0,2,28,4.0,4.85,4.9,4.86,4.94,4.93,4.8,t,0.1452054794520547,66
30713,within an hour,100,99,f,t,t,Hell's Kitchen,Private room in rental unit,Private room,2,1.0,1 bath,1.0,1.0,168.0,2,365,2.0,4.04,4.04,4.35,4.35,4.3,4.04,t,0.2712328767123287,11
30714,within an hour,100,99,f,t,t,Hell's Kitchen,Private room in rental unit,Private room,2,1.0,1 bath,1.0,1.0,300.0,2,365,2.0,2.5,3.5,2.5,3.5,4.0,2.5,t,0.2602739726027397,12
30720,within an hour,100,98,t,f,t,Gowanus,Entire condo,Entire home/apt,6,1.0,1 bath,2.0,3.0,581.0,5,365,5.0,5.0,5.0,5.0,5.0,4.95,4.88,f,0.3232876712328767,49
30729,within an hour,100,99,f,t,t,Hell's Kitchen,Private room in rental unit,Private room,2,1.0,1 shared bath,1.0,1.0,257.0,2,365,2.0,4.22,4.11,4.44,4.78,4.89,4.56,t,0.2602739726027397,13
30730,within an hour,100,99,f,t,t,Hell's Kitchen,Private room in rental unit,Private room,2,2.0,2 baths,1.0,1.0,211.0,2,365,2.0,3.85,4.08,4.54,4.23,4.46,3.54,t,0.2602739726027397,12
30735,within an hour,100,98,f,t,t,Sunnyside,Private room in rental unit,Private room,1,1.0,1 shared bath,1.0,1.0,131.0,1,365,1.0,4.54,3.54,4.85,4.69,4.92,4.54,f,0.5068493150684932,16
30736,within an hour,100,96,t,t,t,Gowanus,Private room in home,Private room,2,1.0,1 private bath,1.0,1.0,128.0,2,6,2.0,4.91,4.91,4.87,4.94,4.79,4.74,f,0.6794520547945205,31
30739,within an hour,100,96,f,t,f,Bedford-Stuyvesant,Private room in townhouse,Private room,2,1.0,1 private bath,2.0,2.0,166.0,3,1125,6.0,5.0,4.9,5.0,5.0,4.7,5.0,f,0.6712328767123288,41
30740,within an hour,100,98,f,t,t,Woodside,Entire rental unit,Entire home/apt,4,1.0,1 bath,1.0,2.0,288.0,1,24,3.0,4.18,3.73,4.73,4.82,4.55,4.0,f,0.2602739726027397,26
30749,within a few hours,100,77,t,t,t,Chelsea,Entire rental unit,Entire home/apt,2,1.0,1 bath,0.0,1.0,448.0,5,365,7.0,5.0,5.0,4.83,5.0,4.92,4.75,f,0.3726027397260274,51
30779,within an hour,100,98,f,t,t,Bedford-Stuyvesant,Entire rental unit,Entire home/apt,16,4.0,4 baths,4.0,7.0,756.0,2,365,2.0,4.71,4.57,4.91,4.89,4.69,4.51,f,0.473972602739726,25
30800,within an hour,90,91,t,t,t,Midtown,Entire rental unit,Entire home/apt,2,1.0,1 bath,1.0,2.0,262.0,3,365,3.0,4.83,4.79,4.92,4.96,4.96,4.63,f,0.4684931506849315,21
30801,within an hour,100,95,t,t,t,Bedford-Stuyvesant,Private room in home,Private room,8,2.5,2.5 baths,1.0,4.0,296.0,2,28,4.0,4.85,4.95,5.0,4.91,4.6,4.8,f,0.5753424657534246,41
30810,within an hour,100,90,f,t,t,Kips Bay,Entire rental unit,Entire home/apt,3,1.0,1 bath,1.0,2.0,200.0,2,365,2.0,4.67,4.71,4.67,4.86,4.86,4.52,f,0.3424657534246575,33
30811,within an hour,100,85,t,t,t,Brownsville,Private room in rental unit,Private room,5,2.0,2 baths,3.0,3.0,327.0,3,25,3.0,4.95,4.9,4.9,4.95,4.2,4.85,f,0.5506849315068493,53
30812,within an hour,100,99,t,t,t,Little Italy,Private room in rental unit,Private room,2,1.0,1 bath,1.0,1.0,168.0,2,365,2.0,4.65,4.41,4.76,4.76,4.88,4.53,t,0.6219178082191781,8
30813,within a few hours,100,79,f,t,t,Jamaica,Private room in home,Private room,2,2.5,2.5 baths,1.0,1.0,90.0,1,1125,1.0,5.0,4.92,4.92,5.0,4.8,4.92,f,0.5424657534246575,49
30814,within an hour,100,83,f,t,f,Bensonhurst,Private room in townhouse,Private room,1,1.0,1 private bath,1.0,1.0,184.0,2,60,2.0,5.0,5.0,5.0,5.0,4.5,4.5,f,0.3150684931506849,43
30815,within a few hours,91,96,f,t,t,Lower East Side,Private room in rental unit,Private room,2,1.0,1 shared bath,1.0,0.0,123.0,1,365,1.0,4.5,4.5,5.0,4.75,4.5,4.75,f,0.2931506849315068,18
30816,within an hour,100,99,f,f,t,Kips Bay,Entire rental unit,Entire home/apt,4,1.0,1 bath,1.0,1.0,230.0,4,365,4.0,4.42,4.26,4.53,4.74,4.74,4.26,t,0.1506849315068493,33
30824,within an hour,100,100,t,t,t,Astoria,Private room in home,Private room,2,1.0,1 shared bath,1.0,1.0,94.0,1,365,1.0,4.76,4.65,4.92,4.79,4.82,4.64,t,0.0328767123287671,36
30826,within an hour,100,100,t,t,t,Bedford-Stuyvesant,Entire rental unit,Entire home/apt,2,1.0,1 bath,1.0,1.0,130.0,2,365,2.0,4.93,4.79,5.0,5.0,4.89,4.89,f,0.3506849315068493,23
30830,within an hour,98,98,f,t,t,Lower East Side,Private room in rental unit,Private room,2,1.0,1 shared bath,1.0,1.0,123.0,1,365,1.0,4.07,3.76,4.28,4.83,4.14,3.97,t,0.3178082191780822,41
30831,within an hour,96,100,f,t,t,Chinatown,Entire rental unit,Entire home/apt,8,2.0,2 baths,3.0,5.0,424.0,1,365,1.0,4.74,4.83,4.78,4.74,4.52,4.78,t,0.684931506849315,28
30842,within an hour,100,98,f,t,t,East Village,Entire guesthouse,Entire home/apt,3,1.0,1 bath,0.0,1.0,209.0,1,1125,1.0,4.76,4.47,4.92,4.97,4.76,4.61,t,0.1972602739726027,41
30843,within an hour,100,100,t,t,t,Harlem,Entire rental unit,Entire home/apt,4,1.0,1 bath,1.0,2.0,212.0,2,14,2.0,4.93,4.95,4.95,5.0,4.72,4.79,f,0.6328767123287671,48
30850,within an hour,90,100,f,t,t,Chelsea,Entire rental unit,Entire home/apt,5,1.0,1 bath,2.0,3.0,539.0,4,365,4.0,4.67,4.75,4.88,4.79,4.71,4.58,t,0.1397260273972602,41
30851,within an hour,100,99,t,t,t,Hell's Kitchen,Entire rental unit,Entire home/apt,4,1.0,1 bath,1.0,1.0,541.0,2,365,2.0,5.0,5.0,4.98,5.0,4.95,4.88,t,0.6520547945205479,54
30852,within an hour,100,98,t,f,t,Gowanus,Entire rental unit,Entire home/apt,4,1.0,1 bath,0.0,1.0,395.0,3,365,3.0,4.96,5.0,5.0,5.0,4.73,4.88,f,0.0602739726027397,40
30854,within a few hours,92,100,f,t,f,Chelsea,Entire rental unit,Entire home/apt,5,1.0,1 bath,1.0,3.0,200.0,1,365,2.0,4.2,4.67,4.2,4.27,4.13,4.07,f,0.0904109589041095,36
30856,within an hour,100,99,t,t,t,Hell's Kitchen,Entire rental unit,Entire home/apt,4,1.0,1 bath,1.0,4.0,595.0,2,365,2.0,5.0,5.0,5.0,5.0,5.0,4.79,t,0.6876712328767123,70
30872,within an hour,100,98,t,f,t,Sunset Park,Entire rental unit,Entire home/apt,4,1.0,1 bath,0.0,1.0,344.0,3,365,3.0,4.98,5.0,4.98,5.0,4.89,4.96,f,0.0438356164383561,43
30877,within an hour,100,100,f,t,t,Harlem,Entire rental unit,Entire home/apt,2,1.0,1 bath,0.0,1.0,170.0,4,365,4.0,4.35,4.05,4.7,4.8,4.55,4.35,f,0.6136986301369863,46
30884,within an hour,100,100,t,f,t,Midtown,Entire rental unit,Entire home/apt,4,1.0,1 bath,1.0,1.0,248.0,4,365,4.0,4.76,4.66,4.79,4.93,4.97,4.72,t,0.2493150684931507,30
30887,within a day,70,73,f,t,t,Elmhurst,Entire rental unit,Entire home/apt,4,2.0,2 baths,3.0,3.0,200.0,2,365,2.0,4.29,4.25,4.21,4.54,4.25,4.25,f,0.3863013698630137,30
30894,within an hour,100,100,f,t,t,Cypress Hills,Entire rental unit,Entire home/apt,4,1.0,1 bath,1.0,1.0,141.0,1,365,1.0,4.73,4.67,4.87,4.67,4.24,4.62,t,0.1589041095890411,19
30903,within an hour,100,100,f,t,t,Cypress Hills,Entire rental unit,Entire home/apt,8,2.0,2 baths,2.0,3.0,245.0,1,365,30.0,4.84,4.83,4.87,4.86,4.45,4.74,t,0.2082191780821917,19
30910,within an hour,100,100,t,f,t,Midtown,Entire rental unit,Entire home/apt,9,2.0,2 baths,3.0,4.0,600.0,4,365,4.0,4.78,4.68,4.73,4.97,4.78,4.54,t,0.1808219178082191,29
30911,within an hour,100,100,f,t,t,Cypress Hills,Entire rental unit,Entire home/apt,8,1.0,1 bath,3.0,3.0,217.0,1,365,30.0,4.88,4.79,4.91,4.93,4.6,4.81,t,0.2,18
30912,within an hour,100,100,f,t,t,Cypress Hills,Entire rental unit,Entire home/apt,14,4.0,4 baths,6.0,7.0,1007.0,1,365,1.0,4.75,5.0,5.0,5.0,4.25,4.75,t,0.2219178082191781,20
30920,within an hour,100,99,t,t,t,Financial District,Entire rental unit,Entire home/apt,2,1.0,1 bath,0.0,1.0,546.0,2,365,2.0,4.94,4.94,4.8,4.97,4.94,4.89,f,0.6,53
30930,within an hour,98,100,f,t,t,Midtown,Private room in rental unit,Private room,2,2.0,2 baths,1.0,1.0,59.0,1,365,1.0,4.13,4.2,4.6,4.27,4.8,3.87,t,0.4383561643835616,10
30931,within an hour,96,99,f,t,f,West Village,Entire rental unit,Entire home/apt,3,1.0,1 bath,1.0,1.0,399.0,2,1125,2.0,4.58,4.17,4.71,4.58,5.0,4.5,t,0.1917808219178082,45
30935,within an hour,100,94,t,t,t,Bushwick,Private room in rental unit,Private room,2,1.0,1 private bath,1.0,1.0,230.0,1,30,2.0,4.96,4.96,4.96,4.96,4.86,4.93,f,0.3589041095890411,34
30941,within an hour,100,96,f,t,t,East Village,Entire rental unit,Entire home/apt,4,1.0,1 bath,1.0,2.0,307.0,1,36,10.0,4.92,4.85,4.87,4.97,4.87,4.69,f,0.6575342465753424,53
30944,within an hour,100,71,t,t,t,Mott Haven,Entire home,Entire home/apt,2,1.0,1 bath,1.0,1.0,206.0,3,16,3.0,5.0,4.95,5.0,5.0,4.95,4.9,f,0.6109589041095891,19
30945,within an hour,100,100,f,f,t,Kips Bay,Entire rental unit,Entire home/apt,6,1.0,1 bath,2.0,2.0,305.0,4,365,4.0,4.57,4.93,4.73,4.9,4.9,4.43,t,0.1917808219178082,32
30947,within an hour,100,92,f,t,t,Greenpoint,Entire home,Entire home/apt,5,1.5,1.5 baths,3.0,3.0,443.0,1,24,2.0,4.88,5.0,5.0,5.0,4.76,4.76,f,0.4410958904109589,40
30951,within an hour,98,99,f,t,t,Crown Heights,Entire rental unit,Entire home/apt,10,1.5,1.5 baths,4.0,5.0,308.0,3,365,3.0,4.71,4.54,4.86,4.64,4.5,4.68,t,0.6328767123287671,47
30952,within an hour,98,99,f,t,t,Crown Heights,Entire home,Entire home/apt,15,2.0,2 baths,5.0,9.0,448.0,2,30,2.0,4.83,4.9,4.87,4.93,4.6,4.87,t,0.4821917808219178,51
30957,within an hour,100,89,f,t,t,Sheepshead Bay,Private room in home,Private room,2,1.0,1 private bath,2.0,3.0,180.0,1,365,1.0,4.75,4.95,4.8,4.8,4.85,4.4,f,0.2712328767123287,35
30958,within an hour,100,100,t,t,t,Murray Hill,Entire rental unit,Entire home/apt,1,1.0,1 bath,1.0,1.0,317.0,3,365,3.0,4.91,4.91,4.89,4.91,4.97,4.86,t,0.6767123287671233,46
30961,within an hour,100,13,f,f,t,Midtown,Room in hotel,Private room,1,0.0,0 shared baths,1.0,1.0,197.0,1,365,1.0,4.38,4.75,4.88,4.63,4.75,3.75,t,0.0,27
30963,within an hour,100,100,t,t,t,Astoria,Private room in home,Private room,2,1.0,1 shared bath,1.0,1.0,104.0,1,365,1.0,4.6,4.51,4.83,4.89,4.78,4.63,t,0.0712328767123287,37
30975,within an hour,100,100,t,t,t,Astoria,Private room in home,Private room,2,1.0,1 shared bath,1.0,1.0,98.0,1,365,1.0,4.76,4.64,4.88,4.9,4.81,4.74,t,0.0520547945205479,38
30984,within an hour,100,99,f,t,t,Upper East Side,Shared room in rental unit,Shared room,2,1.0,1 shared bath,1.0,0.0,106.0,1,365,1.0,4.6,4.72,4.6,4.88,4.92,4.6,f,0.3917808219178082,32
30987,within an hour,100,99,t,t,f,Midtown,Entire rental unit,Entire home/apt,2,1.0,1 bath,1.0,1.0,221.0,3,365,3.0,4.76,4.82,4.71,4.8,4.96,4.62,t,0.4328767123287671,34
30991,within an hour,99,99,f,t,t,Hell's Kitchen,Entire rental unit,Entire home/apt,2,1.0,1 bath,1.0,1.0,260.0,1,365,100.0,4.6,4.71,4.72,4.7,4.78,4.46,t,0.5643835616438356,26
30992,within an hour,100,100,t,t,t,Upper East Side,Entire rental unit,Entire home/apt,10,3.0,3 baths,4.0,6.0,1070.0,2,365,3.0,4.85,4.89,4.79,5.0,4.94,4.79,f,0.1698630136986301,51
30993,within an hour,100,100,f,t,t,Upper West Side,Entire rental unit,Entire home/apt,5,1.0,1 bath,3.0,3.0,379.0,2,365,2.0,4.39,4.31,4.81,4.92,4.69,4.47,t,0.4876712328767123,27
30994,within a few hours,100,97,t,f,t,Bedford-Stuyvesant,Entire rental unit,Entire home/apt,6,1.0,1 bath,2.0,2.0,475.0,3,365,3.0,5.0,5.0,4.98,5.0,4.84,4.84,f,0.0273972602739726,42
30996,within an hour,100,83,t,t,t,Mount Hope,Private room in townhouse,Private room,2,1.0,1 shared bath,1.0,1.0,148.0,2,28,2.0,4.74,4.89,4.86,4.77,4.51,4.63,f,0.0273972602739726,30
31000,within an hour,100,99,f,t,t,East Flatbush,Private room in townhouse,Private room,2,1.0,1 bath,0.0,1.0,85.0,2,1125,2.0,4.77,4.85,4.83,4.72,4.57,4.68,t,0.1041095890410958,28
31016,within an hour,86,95,f,t,t,Lower East Side,Private room in rental unit,Private room,2,1.0,1 shared bath,1.0,1.0,86.0,1,1125,3.0,4.56,4.41,4.66,4.75,4.66,4.44,f,0.5835616438356165,19
31017,within an hour,100,98,t,t,t,Ozone Park,Private room in home,Private room,2,1.0,1 shared bath,1.0,1.0,146.0,1,730,1.0,4.93,4.93,4.93,5.0,4.8,4.88,f,0.2602739726027397,33
31019,within an hour,100,100,f,t,t,Ridgewood,Entire rental unit,Entire home/apt,4,1.0,1 bath,2.0,2.0,300.0,2,365,2.0,5.0,5.0,4.88,5.0,4.75,4.75,f,0.5726027397260274,28
31020,within an hour,86,95,f,t,t,Chinatown,Private room in rental unit,Private room,2,1.0,1 shared bath,1.0,1.0,75.0,1,1125,2.0,4.42,4.12,4.58,4.86,4.51,4.23,f,0.4575342465753425,18
31021,within an hour,86,95,f,t,t,Lower East Side,Private room in rental unit,Private room,2,1.0,1 bath,1.0,1.0,75.0,1,1125,3.0,4.44,4.19,4.75,4.87,4.42,4.38,f,0.3945205479452054,8
31023,within an hour,100,100,t,t,t,Upper West Side,Private room in rental unit,Private room,2,1.0,1 shared bath,1.0,1.0,180.0,1,30,1.0,5.0,5.0,4.94,4.98,5.0,4.85,t,0.4931506849315068,53
31030,within a day,73,54,f,t,t,Financial District,Entire rental unit,Entire home/apt,2,1.0,1 bath,0.0,1.0,190.0,28,365,28.0,4.71,4.71,4.57,5.0,5.0,4.43,f,0.3315068493150685,44
31035,within an hour,100,100,f,t,t,Upper West Side,Entire rental unit,Entire home/apt,2,1.0,1 bath,1.0,1.0,215.0,2,365,2.0,4.63,4.56,5.0,4.94,4.88,4.5,t,0.6931506849315069,36
31050,within an hour,100,98,t,t,t,Chelsea,Entire rental unit,Entire home/apt,4,1.0,1 bath,1.0,2.0,572.0,2,365,2.0,5.0,4.92,4.92,5.0,5.0,5.0,f,0.6383561643835617,64
31053,within an hour,100,99,f,t,t,Upper East Side,Private room in rental unit,Private room,2,1.0,1 bath,1.0,1.0,120.0,1,365,1.0,4.48,4.42,4.71,4.81,4.84,4.52,f,0.4465753424657534,33
31067,within an hour,100,96,t,f,t,Sunset Park,Entire rental unit,Entire home/apt,6,1.0,1 bath,3.0,3.0,379.0,3,365,3.0,5.0,4.95,5.0,4.98,4.98,4.95,f,0.0465753424657534,38
31069,within an hour,98,99,f,t,t,Flatbush,Entire home,Entire home/apt,13,3.5,3.5 baths,5.0,9.0,427.0,2,365,2.0,4.64,4.71,4.86,4.64,4.18,4.61,t,0.4493150684931506,50
31073,within an hour,98,99,f,t,t,Crown Heights,Entire rental unit,Entire home/apt,7,1.5,1.5 baths,3.0,4.0,250.0,2,365,2.0,4.62,4.73,4.65,4.92,3.88,4.77,t,0.5917808219178082,46
31077,within an hour,100,100,t,t,t,Bedford-Stuyvesant,Private room in casa particular,Private room,2,2.0,2 baths,1.0,1.0,137.0,1,28,1.0,4.97,4.81,4.99,5.0,4.84,4.91,f,0.3616438356164383,65
31080,within an hour,98,100,f,t,t,Midtown,Private room in rental unit,Private room,3,2.0,2 baths,1.0,2.0,65.0,1,365,1.0,3.88,3.88,4.0,4.0,4.5,3.88,t,0.4410958904109589,33
31081,within an hour,98,100,f,t,t,Midtown,Private room in rental unit,Private room,4,2.0,2 baths,1.0,2.0,79.0,1,365,1.0,4.56,4.73,4.87,4.53,4.93,4.53,t,0.5589041095890411,31
31084,within an hour,100,98,t,t,t,Hell's Kitchen,Entire rental unit,Entire home/apt,2,1.0,1 bath,0.0,1.0,572.0,2,365,2.0,4.93,4.93,4.86,4.93,4.86,4.71,f,0.6438356164383562,62
31093,within an hour,100,98,t,t,t,East Harlem,Entire rental unit,Entire home/apt,8,2.0,2 baths,4.0,5.0,580.0,2,365,14.0,4.42,4.63,4.58,4.68,3.95,4.58,f,0.4520547945205479,45
31095,within an hour,100,96,t,f,t,Sunset Park,Entire rental unit,Entire home/apt,6,1.0,1 bath,3.0,3.0,401.0,3,365,3.0,5.0,5.0,5.0,5.0,4.98,4.93,f,0.1232876712328767,40
31104,within an hour,95,97,f,t,t,Lower East Side,Private room in rental unit,Private room,1,1.0,1 shared bath,1.0,1.0,145.0,1,365,1.0,4.5,4.25,4.63,4.79,4.92,4.46,f,0.3753424657534246,10
31106,within a few hours,100,97,t,f,t,Bedford-Stuyvesant,Entire rental unit,Entire home/apt,7,1.0,1 bath,2.0,3.0,489.0,3,365,3.0,4.98,5.0,5.0,4.98,4.78,4.91,f,0.0328767123287671,40
31107,within an hour,98,100,f,t,t,Midtown,Private room in rental unit,Private room,6,1.0,1 private bath,1.0,3.0,141.0,1,365,1.0,4.5,4.42,4.81,4.73,4.96,4.42,t,0.4602739726027397,30
31118,within a few hours,100,93,t,t,t,Sunset Park,Private room in rental unit,Private room,2,1.0,1 shared bath,1.0,1.0,105.0,3,14,3.0,5.0,4.91,5.0,5.0,5.0,4.97,f,0.4328767123287671,47
31122,within an hour,100,96,t,f,t,Sunset Park,Entire rental unit,Entire home/apt,3,1.0,1 bath,1.0,1.0,315.0,3,365,3.0,4.98,4.98,4.98,5.0,4.98,4.9,f,0.0684931506849315,44
31151,within an hour,100,100,f,t,t,Midtown,Entire rental unit,Entire home/apt,6,1.0,1 bath,0.0,3.0,219.0,1,365,3.0,4.75,5.0,4.63,4.88,5.0,4.5,t,0.3287671232876712,42
31157,within an hour,98,100,f,t,t,Midtown,Private room in rental unit,Private room,3,2.0,2 baths,1.0,2.0,70.0,1,365,1.0,4.35,4.6,4.95,4.65,4.95,4.35,t,0.6794520547945205,31
31159,within an hour,100,100,f,t,t,Upper East Side,Entire rental unit,Entire home/apt,3,1.0,1 bath,1.0,2.0,240.0,4,365,4.0,4.67,4.65,4.84,4.79,4.88,4.63,t,0.3068493150684931,25
31162,within a few hours,100,100,f,t,t,Lower East Side,Entire rental unit,Entire home/apt,6,1.0,1 bath,2.0,3.0,699.0,5,365,6.0,4.63,4.75,4.75,5.0,4.75,4.63,f,0.1315068493150684,16
31192,within an hour,100,100,f,f,t,Midtown,Entire home,Entire home/apt,8,1.5,1.5 baths,3.0,4.0,449.0,4,365,4.0,4.53,4.47,4.73,4.8,4.93,4.33,t,0.1890410958904109,33
31193,within an hour,100,97,f,t,t,Harlem,Entire place,Entire home/apt,2,1.0,1 bath,1.0,2.0,159.0,1,365,1.0,4.46,4.6,4.53,4.71,4.33,4.22,f,0.5780821917808219,24
31194,within an hour,100,99,t,t,t,East Flatbush,Entire home,Entire home/apt,8,1.5,1.5 baths,3.0,6.0,346.0,2,1125,3.0,4.94,4.97,4.94,4.97,4.37,4.71,t,0.1424657534246575,67
31196,within an hour,100,96,f,t,t,Lower East Side,Entire serviced apartment,Entire home/apt,4,2.0,2 baths,2.0,2.0,321.0,30,280,30.0,4.5,5.0,5.0,5.0,5.0,5.0,t,0.5726027397260274,42
31199,within an hour,100,99,t,t,t,East Flatbush,Entire home,Entire home/apt,8,1.5,1.5 baths,3.0,5.0,377.0,2,1125,3.0,4.92,5.0,5.0,4.89,4.76,4.79,t,0.2301369863013698,67
31202,within a few hours,100,94,f,t,t,Crown Heights,Entire guest suite,Entire home/apt,4,1.5,1.5 baths,1.0,2.0,275.0,5,365,5.0,4.9,4.9,5.0,5.0,4.4,4.7,f,0.4136986301369863,61
31212,within an hour,98,99,t,t,t,Crown Heights,Entire rental unit,Entire home/apt,2,1.0,1 bath,1.0,1.0,199.0,1,365,2.0,4.79,4.84,4.79,4.88,4.41,4.48,t,0.0986301369863013,28
31213,within a few hours,100,61,f,t,t,Civic Center,Entire condo,Entire home/apt,6,2.0,2 baths,3.0,3.0,519.0,7,365,7.0,4.45,4.09,4.82,4.73,4.45,3.64,f,0.3972602739726027,30
31214,within a few hours,100,100,t,t,t,Bedford-Stuyvesant,Private room in home,Private room,2,1.0,1 private bath,1.0,2.0,95.0,2,29,2.0,4.77,4.79,4.91,4.87,4.6,4.7,f,0.5095890410958904,54
31217,within an hour,100,93,t,t,t,Long Island City,Entire rental unit,Entire home/apt,8,2.0,2 baths,2.0,2.0,299.0,7,365,14.0,4.88,4.88,4.88,4.5,4.75,4.63,f,0.3232876712328767,49
31229,within an hour,98,99,t,t,t,Crown Heights,Entire home,Entire home/apt,6,1.0,1 bath,1.0,1.0,213.0,1,365,2.0,4.83,4.88,5.0,4.86,4.83,4.62,t,0.2465753424657534,34
31232,within an hour,100,99,t,t,t,East Village,Entire rental unit,Entire home/apt,4,2.0,2 baths,2.0,6.0,695.0,10,365,10.0,4.8,4.5,4.7,4.8,4.5,4.5,t,0.3780821917808219,44
31236,within an hour,100,99,t,t,t,Harlem,Private room in rental unit,Private room,2,1.0,1 shared bath,0.0,1.0,110.0,1,14,1.0,4.93,4.88,4.88,4.93,4.88,4.88,f,0.4684931506849315,17
31239,within an hour,100,99,f,t,t,Upper East Side,Private room in rental unit,Private room,1,1.0,1 shared bath,1.0,1.0,100.0,1,60,1.0,4.63,4.5,4.81,4.72,4.94,4.63,t,0.3808219178082191,27
31245,within an hour,100,98,t,t,t,Rockaway Beach,Tiny home,Entire home/apt,2,1.0,1 bath,0.0,3.0,186.0,3,14,3.0,4.85,4.77,4.85,4.92,4.85,4.77,f,0.5068493150684932,65
31259,within an hour,100,100,t,t,t,Flatlands,Entire guest suite,Entire home/apt,5,1.0,1 bath,3.0,5.0,217.0,1,28,1.0,4.98,4.95,4.95,5.0,4.44,4.7,t,0.6657534246575343,54
31268,within an hour,100,95,f,t,f,Chinatown,Private room in rental unit,Private room,2,1.0,1 shared bath,1.0,1.0,75.0,1,1125,3.0,4.59,4.5,4.82,4.95,4.5,4.59,t,0.5287671232876713,23
31269,within an hour,100,75,f,t,t,East Elmhurst,Private room in bed and breakfast,Private room,2,1.0,1 private bath,1.0,1.0,105.0,1,365,1.0,4.79,4.83,4.92,4.96,4.5,4.74,f,0.347945205479452,16
31274,within an hour,100,89,t,t,t,Bushwick,Private room in rental unit,Private room,2,1.0,1 private bath,1.0,1.0,75.0,4,10,4.0,4.82,4.75,5.0,5.0,4.82,4.89,f,0.4493150684931506,27
31277,within an hour,97,87,f,t,t,Washington Heights,Room in hotel,Hotel room,2,1.0,1 bath,1.0,1.0,999.0,1,1125,1.0,4.67,4.76,4.67,4.63,4.46,4.41,t,0.010958904109589,20
31278,within an hour,97,87,f,t,t,Washington Heights,Room in hotel,Hotel room,4,1.0,1 bath,1.0,2.0,999.0,1,1125,1.0,4.57,4.71,4.71,4.57,4.71,4.29,t,0.0191780821917808,20
31279,within an hour,97,87,f,t,t,Washington Heights,Room in hotel,Hotel room,8,2.0,2 baths,2.0,4.0,999.0,1,1125,1.0,3.0,3.0,4.5,4.5,3.0,3.0,t,0.0246575342465753,20
31281,within an hour,97,87,f,t,t,Washington Heights,Room in hotel,Hotel room,16,4.0,4 baths,4.0,8.0,799.0,1,1125,1.0,3.0,5.0,1.0,3.0,3.0,3.0,t,0.0273972602739726,20
31287,within an hour,100,98,f,t,t,Fresh Meadows,Private room in home,Private room,2,1.0,1 private bath,1.0,1.0,110.0,2,60,4.0,4.74,4.86,4.92,4.84,4.78,4.56,f,0.5972602739726027,32
31288,within an hour,100,82,t,t,t,Astoria,Private room in rental unit,Private room,1,1.0,1 shared bath,1.0,1.0,136.0,3,365,3.0,4.77,4.92,4.96,4.85,4.73,4.77,f,0.3260273972602739,19
31321,within an hour,100,96,f,t,t,East New York,Entire guesthouse,Entire home/apt,4,1.0,1 bath,1.0,2.0,130.0,2,365,2.0,4.46,4.67,4.44,4.62,4.15,4.36,f,0.5972602739726027,36
31324,within an hour,100,100,f,t,t,Astoria,Private room in home,Private room,2,1.0,1 shared bath,1.0,1.0,118.0,1,365,1.0,4.83,4.75,4.92,4.88,4.83,4.66,t,0.0328767123287671,38
31325,within an hour,100,93,f,t,t,Woodhaven,Private room in home,Private room,2,1.0,1 private bath,1.0,1.0,103.0,5,28,5.0,4.58,4.92,4.92,4.83,4.5,4.58,t,0.3178082191780822,33
31328,within an hour,100,98,t,t,t,Greenwich Village,Entire rental unit,Entire home/apt,7,2.0,2 baths,3.0,5.0,713.0,30,365,7.0,4.89,4.89,4.94,4.94,4.94,4.83,f,0.2356164383561644,13
31354,within an hour,99,100,f,t,t,Theater District,Entire rental unit,Entire home/apt,4,1.0,1 bath,1.0,2.0,463.0,1,365,1.0,4.51,4.59,4.65,4.64,4.82,4.29,t,0.0438356164383561,19
31364,within an hour,100,100,f,t,t,Astoria,Private room in home,Private room,2,1.0,1 bath,1.0,1.0,89.0,1,365,1.0,4.67,4.76,4.91,4.81,4.67,4.46,t,0.0465753424657534,38
31390,within an hour,100,98,f,t,t,East Flatbush,Entire guest suite,Entire home/apt,16,4.0,4 baths,7.0,9.0,715.0,4,22,5.0,4.8,4.5,5.0,4.9,4.8,4.65,f,0.1589041095890411,30
31400,within an hour,100,2,f,t,t,Hell's Kitchen,Private room in rental unit,Private room,4,1.0,1 private bath,1.0,1.0,153.0,1,365,2.0,5.0,5.0,5.0,5.0,5.0,5.0,f,0.4575342465753425,10
31407,within an hour,100,100,t,t,t,East Flatbush,Private room in rental unit,Private room,2,1.0,1 private bath,2.0,2.0,150.0,2,28,2.0,5.0,5.0,5.0,5.0,4.88,5.0,t,0.3041095890410959,35
31409,within an hour,100,29,f,t,t,Hell's Kitchen,Private room in rental unit,Private room,2,1.0,1 shared bath,1.0,1.0,150.0,1,365,30.0,5.0,5.0,5.0,5.0,5.0,5.0,f,0.2602739726027397,13
31410,within an hour,100,97,t,t,t,Prospect Heights,Private room in rental unit,Private room,2,1.0,1 shared bath,1.0,1.0,145.0,1,365,4.0,5.0,4.94,5.0,4.94,5.0,4.88,f,0.0602739726027397,33
31411,within a few hours,100,95,t,t,t,Lower East Side,Entire rental unit,Entire home/apt,2,1.0,1 bath,0.0,1.0,181.0,3,365,3.0,4.74,4.67,4.77,4.91,4.88,4.67,f,0.5452054794520548,19
31415,within an hour,100,100,f,t,t,Hell's Kitchen,Entire rental unit,Entire home/apt,2,1.0,1 bath,1.0,1.0,268.0,1,365,3.0,4.52,4.56,4.74,4.72,4.76,4.47,t,0.4273972602739726,21
31416,within an hour,100,100,f,t,t,Midtown,Entire rental unit,Entire home/apt,6,1.0,1 bath,1.0,3.0,321.0,1,365,6.0,4.21,4.09,4.79,4.71,4.94,4.18,t,0.3972602739726027,34
31417,within an hour,100,100,f,t,t,Midtown,Entire rental unit,Entire home/apt,6,1.0,1 bath,1.0,3.0,302.0,1,365,5.0,4.48,4.2,4.76,4.8,4.92,4.52,t,0.3643835616438356,35
31418,within an hour,100,100,f,t,t,Midtown,Entire rental unit,Entire home/apt,6,1.0,1 bath,0.0,4.0,387.0,1,365,7.0,4.63,4.59,4.84,4.84,4.91,4.5,t,0.3972602739726027,27
31452,within an hour,100,99,f,f,t,Chelsea,Entire rental unit,Entire home/apt,6,1.0,1 bath,0.0,5.0,313.0,4,365,4.0,4.64,4.52,4.93,4.74,4.9,4.57,f,0.5150684931506849,43
31455,within an hour,100,100,t,t,t,Bushwick,Private room in bed and breakfast,Private room,2,2.0,2 shared baths,1.0,1.0,120.0,1,180,1.0,4.97,4.83,4.93,5.0,4.92,4.94,f,0.3671232876712328,65
31456,within an hour,100,100,t,t,t,Ditmars Steinway,Private room in home,Private room,2,2.0,2 shared baths,1.0,1.0,90.0,1,365,1.0,4.85,4.88,4.94,4.88,4.79,4.65,t,0.0438356164383561,39
31461,within an hour,100,99,f,t,t,Astoria,Private room in home,Private room,2,1.0,1 shared bath,1.0,1.0,87.0,1,365,1.0,4.53,4.41,4.74,4.74,4.68,4.56,t,0.021917808219178,41
31483,within an hour,100,100,t,t,t,Astoria,Private room in home,Private room,2,2.0,2 shared baths,1.0,1.0,88.0,1,365,1.0,4.59,4.63,4.86,4.77,4.71,4.57,t,0.0356164383561643,38
31484,within an hour,100,100,t,t,t,Astoria,Private room in home,Private room,4,2.0,2 shared baths,1.0,2.0,113.0,1,365,1.0,4.77,4.88,4.95,4.92,4.86,4.76,t,0.084931506849315,40
31486,within an hour,100,74,t,t,t,Upper West Side,Entire rental unit,Entire home/apt,5,1.0,1 bath,1.0,3.0,180.0,2,1125,5.0,4.73,4.8,4.73,4.8,4.93,4.73,f,0.1534246575342465,22
31488,within an hour,100,67,f,t,t,Springfield Gardens,Entire home,Entire home/apt,5,2.0,2 baths,3.0,3.0,165.0,2,365,2.0,4.88,5.0,4.97,4.94,4.79,4.85,f,0.0904109589041095,33
31492,within a few hours,100,74,t,t,t,Upper West Side,Entire rental unit,Entire home/apt,6,1.0,1 bath,3.0,4.0,379.0,5,70,6.0,4.8,4.93,4.67,4.83,4.87,4.73,f,0.6794520547945205,28
31495,within an hour,100,100,f,t,t,Upper West Side,Entire rental unit,Entire home/apt,10,1.0,1 bath,2.0,5.0,370.0,1,365,1.0,4.14,4.5,3.95,4.32,4.82,3.95,t,0.2684931506849315,30
31499,within a few hours,100,90,t,t,t,Gramercy,Private room in rental unit,Private room,2,1.0,1 shared bath,1.0,1.0,166.0,4,30,5.0,4.8,4.8,4.9,4.8,4.9,4.7,f,0.273972602739726,22
31501,within an hour,100,97,f,t,t,Harlem,Entire condo,Entire home/apt,6,1.0,1 bath,3.0,3.0,373.0,1,365,1.0,4.82,4.95,4.73,4.8,4.57,4.82,f,0.5013698630136987,45
31505,within an hour,100,99,t,t,t,East Village,Entire serviced apartment,Entire home/apt,9,1.5,1.5 baths,4.0,5.0,743.0,3,365,3.0,4.7,4.67,4.84,4.93,4.88,4.53,t,0.136986301369863,41
31508,within an hour,100,100,f,t,t,Midtown,Entire rental unit,Entire home/apt,5,1.0,1 bath,0.0,3.0,342.0,1,365,6.0,4.19,4.19,4.63,4.7,4.78,4.3,t,0.3698630136986301,25
31509,within an hour,98,100,f,t,t,Midtown,Private room in rental unit,Private room,2,2.0,2 baths,1.0,1.0,66.0,1,365,1.0,4.0,4.08,3.92,4.5,5.0,4.25,t,0.4246575342465753,32
31511,within a few hours,60,100,t,t,t,Chelsea,Entire rental unit,Entire home/apt,12,2.0,2 baths,4.0,5.0,995.0,1,365,1.0,4.96,5.0,5.0,4.92,4.96,4.92,t,0.1726027397260274,46
31512,within an hour,100,90,t,t,t,College Point,Private room in home,Private room,2,1.5,1.5 baths,1.0,1.0,100.0,3,12,3.0,4.97,4.97,5.0,4.93,4.87,4.97,f,0.5616438356164384,46
31513,within an hour,100,100,f,t,t,Midtown,Entire rental unit,Entire home/apt,5,1.0,1 bath,0.0,3.0,327.0,1,365,5.0,4.68,4.57,4.82,4.79,4.86,4.32,t,0.3945205479452054,34
31514,within an hour,98,100,f,t,t,Midtown,Private room in rental unit,Private room,8,1.0,1 private bath,1.0,4.0,141.0,1,365,1.0,4.3,4.2,4.4,4.5,4.7,4.0,t,0.6986301369863014,33
31515,within an hour,100,100,f,t,t,Midtown,Entire rental unit,Entire home/apt,5,1.0,1 bath,0.0,3.0,311.0,1,365,5.0,4.44,4.28,4.61,4.75,4.81,4.47,t,0.3643835616438356,28
31530,within an hour,100,100,f,t,t,Midtown,Entire rental unit,Entire home/apt,6,1.0,1 bath,0.0,4.0,382.0,1,365,6.0,4.43,4.3,4.83,4.91,4.96,4.48,t,0.347945205479452,28
31531,within an hour,100,100,f,t,t,Midtown,Entire rental unit,Entire home/apt,5,1.0,1 bath,0.0,3.0,298.0,1,365,6.0,4.52,4.59,4.9,4.79,4.83,4.48,t,0.3506849315068493,40
31534,within an hour,100,100,f,t,t,Midtown,Entire rental unit,Entire home/apt,2,1.0,1 bath,0.0,1.0,227.0,1,365,6.0,4.19,4.31,4.46,4.73,4.96,4.31,t,0.1342465753424657,26
31541,within an hour,100,76,t,t,t,Ridgewood,Private room in rental unit,Private room,2,1.0,1 bath,1.0,1.0,168.0,1,30,1.0,4.9,5.0,5.0,5.0,4.8,4.8,f,0.4794520547945205,39
31545,within an hour,100,100,f,t,t,Hell's Kitchen,Entire rental unit,Entire home/apt,4,1.0,1 bath,1.0,2.0,249.0,3,365,5.0,4.68,4.7,4.65,4.85,4.9,4.73,t,0.6904109589041096,42
31548,within an hour,100,87,f,f,t,Cypress Hills,Entire guest suite,Entire home/apt,2,1.0,1 bath,1.0,1.0,129.0,2,27,2.0,4.86,4.91,5.0,4.95,4.41,4.95,t,0.6602739726027397,25
31549,within an hour,100,100,t,t,t,Cypress Hills,Private room in rental unit,Private room,2,1.0,1 shared bath,1.0,1.0,97.0,3,29,3.0,4.86,4.91,4.86,4.91,4.64,4.77,f,0.6219178082191781,19
31564,within an hour,100,100,t,t,t,Bedford-Stuyvesant,Entire rental unit,Entire home/apt,6,2.0,2 baths,3.0,3.0,375.0,5,28,5.0,4.94,5.0,5.0,4.97,4.39,4.87,f,0.2493150684931507,36
31574,within an hour,100,90,t,t,t,East New York,Private room in home,Private room,2,1.0,1 private bath,1.0,2.0,131.0,1,1125,1.0,4.92,4.79,4.94,4.9,4.44,4.79,f,0.3424657534246575,55
31576,within an hour,100,100,t,f,t,Hell's Kitchen,Private room in rental unit,Private room,2,1.0,1 private bath,1.0,1.0,194.0,1,365,1.0,4.94,4.83,4.89,4.94,4.89,4.56,t,0.084931506849315,21
31577,within an hour,100,100,t,f,t,Hell's Kitchen,Private room in rental unit,Private room,4,1.0,1 private bath,0.0,2.0,208.0,1,365,1.0,4.89,4.81,4.96,4.93,5.0,4.89,f,0.3890410958904109,23
31582,within an hour,75,100,t,t,t,Greenpoint,Entire rental unit,Entire home/apt,6,2.0,2 baths,3.0,4.0,785.0,30,365,7.0,4.86,4.86,5.0,5.0,5.0,4.71,f,0.2520547945205479,17
31583,within an hour,100,98,t,t,f,Ditmars Steinway,Entire guest suite,Entire home/apt,2,1.0,1 bath,1.0,2.0,189.0,2,29,2.0,4.83,4.97,4.9,4.86,4.83,4.72,f,0.6136986301369863,36
31586,within an hour,100,93,t,t,t,Hell's Kitchen,Entire rental unit,Entire home/apt,6,1.0,1 bath,2.0,2.0,376.0,7,365,14.0,4.87,4.93,4.73,4.8,4.8,4.33,f,0.3315068493150685,51
31587,within an hour,100,99,t,t,t,Roosevelt Island,Entire rental unit,Entire home/apt,6,2.0,2 baths,1.0,3.0,961.0,5,365,4.0,4.87,4.74,4.91,5.0,4.78,4.87,t,0.3616438356164383,60
31588,within an hour,100,98,f,t,t,Hell's Kitchen,Private room in rental unit,Private room,2,1.0,1 bath,1.0,1.0,237.0,1,365,1.0,4.61,4.67,4.72,4.58,4.92,4.61,t,0.6958904109589041,48
31592,within an hour,100,99,t,t,t,East Village,Entire rental unit,Entire home/apt,7,2.0,2 baths,3.0,3.0,709.0,3,365,3.0,4.9,5.0,4.97,5.0,4.53,4.8,t,0.1232876712328767,42
31607,within an hour,100,99,f,t,t,Upper West Side,Entire rental unit,Entire home/apt,8,1.0,1 bath,2.0,4.0,334.0,1,365,1.0,4.5,4.69,4.19,4.5,5.0,4.38,t,0.3342465753424657,33
31613,within an hour,80,47,f,t,t,SoHo,Entire rental unit,Entire home/apt,6,1.0,1 bath,2.0,2.0,1229.0,2,365,2.0,5.0,4.9,4.9,5.0,5.0,4.9,f,0.1452054794520547,53
31614,within an hour,100,100,f,t,t,Upper East Side,Entire rental unit,Entire home/apt,3,1.0,1 bath,1.0,3.0,336.0,5,365,5.0,4.71,4.81,4.71,4.77,4.84,4.58,f,0.6712328767123288,28
31619,within an hour,98,78,f,t,t,Chelsea,Room in hotel,Private room,2,1.0,1 private bath,1.0,1.0,313.0,1,365,3.0,4.5,3.5,5.0,4.5,5.0,4.0,t,0.0383561643835616,43
31622,within an hour,100,100,t,f,t,Midtown,Entire rental unit,Entire home/apt,4,1.0,1 bath,1.0,1.0,245.0,4,365,4.0,4.72,4.56,4.72,4.92,4.92,4.6,t,0.1972602739726027,31
31625,within an hour,98,100,f,t,t,Midtown,Private room in rental unit,Private room,2,2.0,2 shared baths,1.0,1.0,68.0,1,365,1.0,4.64,4.82,4.55,4.73,4.91,4.45,t,0.6493150684931507,34
31626,within an hour,100,93,f,t,t,Hell's Kitchen,Room in hotel,Private room,2,1.0,1 private bath,1.0,1.0,358.0,1,365,1.0,5.0,5.0,5.0,4.0,5.0,5.0,t,0.0876712328767123,14
31632,within a few hours,100,94,f,t,t,Highbridge,Entire condo,Entire home/apt,3,1.0,1 bath,1.0,1.0,196.0,2,29,2.0,4.57,4.57,4.78,4.78,4.48,4.39,f,0.3342465753424657,39
31642,within an hour,100,97,t,t,t,Bedford-Stuyvesant,Entire rental unit,Entire home/apt,6,1.0,1 bath,2.0,4.0,389.0,30,365,30.0,4.87,4.9,4.85,5.0,4.75,4.7,f,0.5945205479452055,62
31647,within an hour,71,29,f,t,f,Mott Haven,Private room in guest suite,Private room,2,1.0,1 private bath,1.0,1.0,200.0,2,365,2.0,5.0,5.0,5.0,5.0,5.0,5.0,f,0.3917808219178082,19
31650,within an hour,100,100,t,t,f,Harlem,Private room in rental unit,Private room,4,1.0,1 shared bath,1.0,3.0,170.0,1,28,1.0,4.94,4.73,4.94,4.85,4.76,4.64,t,0.4082191780821917,46
31651,within an hour,100,100,t,f,t,Rosedale,Private room in guest suite,Private room,9,2.0,2 baths,3.0,3.0,300.0,3,300,3.0,4.92,4.62,4.77,4.92,4.85,4.62,t,0.2630136986301369,47
31652,within an hour,100,100,t,t,f,Harlem,Private room in loft,Private room,3,1.0,1 shared bath,1.0,1.0,142.0,1,28,1.0,4.65,4.48,5.0,4.96,4.65,4.57,t,0.1205479452054794,43
31653,within an hour,100,97,t,t,t,Bedford-Stuyvesant,Entire rental unit,Entire home/apt,4,1.5,1.5 baths,1.0,3.0,190.0,30,365,30.0,4.73,4.71,4.95,4.95,4.85,4.65,f,0.5068493150684932,61
31654,within an hour,100,100,t,t,f,Harlem,Entire loft,Entire home/apt,4,1.0,1 bath,1.0,2.0,174.0,1,28,1.0,4.91,4.85,4.91,4.97,4.68,4.79,t,0.4054794520547945,46
31655,within an hour,100,100,t,t,f,Harlem,Entire loft,Entire home/apt,3,1.0,1 bath,1.0,2.0,174.0,1,365,1.0,4.92,4.92,4.85,4.95,4.95,4.85,t,0.3424657534246575,24
31656,within an hour,100,100,t,t,f,Harlem,Private room in loft,Private room,2,1.0,1 shared bath,1.0,1.0,137.0,1,28,1.0,4.72,4.8,4.72,4.96,4.64,4.72,t,0.1342465753424657,45
31657,within an hour,100,100,t,t,f,Harlem,Private room in rental unit,Private room,2,1.5,1.5 baths,1.0,1.0,147.0,1,365,1.0,4.68,4.63,4.74,4.68,4.16,4.53,t,0.1013698630136986,37
31658,within an hour,100,100,t,t,f,Harlem,Private room in rental unit,Private room,3,1.0,1 shared bath,1.0,1.0,142.0,2,28,2.0,4.64,4.57,5.0,5.0,4.64,4.5,t,0.0986301369863013,45
31660,within an hour,100,100,t,t,f,Harlem,Private room in rental unit,Private room,2,1.0,1 shared bath,1.0,1.0,142.0,2,28,2.0,4.9,4.9,4.86,5.0,4.81,4.76,t,0.1452054794520547,48
31661,within an hour,100,100,t,t,f,Harlem,Entire rental unit,Entire home/apt,4,1.0,1 bath,1.0,3.0,257.0,1,28,1.0,4.77,4.86,4.86,4.91,4.91,4.5,t,0.3150684931506849,61
31662,within an hour,100,99,t,t,t,Flatbush,Private room in rental unit,Private room,2,1.0,1 private bath,1.0,2.0,182.0,1,29,3.0,4.84,4.91,4.75,4.89,4.93,4.66,f,0.0821917808219178,39
31665,within an hour,100,99,f,t,t,Upper East Side,Shared room in rental unit,Shared room,1,1.0,1 shared bath,1.0,1.0,70.0,1,60,1.0,4.36,4.45,4.67,4.71,4.81,4.12,f,0.3808219178082191,27
31692,within an hour,100,100,f,t,t,Midtown,Entire rental unit,Entire home/apt,4,1.0,1 bath,1.0,1.0,238.0,4,365,4.0,4.62,4.46,4.54,4.73,4.85,4.38,t,0.1698630136986301,32
31699,within an hour,100,98,f,t,t,East Village,Entire rental unit,Entire home/apt,7,1.0,1 bath,3.0,3.0,517.0,3,365,3.0,4.46,4.46,4.43,4.73,4.51,4.3,t,0.5013698630136987,28
31701,within an hour,100,99,f,t,t,Crown Heights,Entire home,Entire home/apt,8,2.5,2.5 baths,3.0,5.0,389.0,3,27,3.0,4.61,4.78,4.78,4.83,4.13,4.35,t,0.3726027397260274,19
31708,within an hour,100,100,t,t,f,Harlem,Private room in rental unit,Private room,2,1.0,1 shared bath,1.0,2.0,127.0,1,28,1.0,4.68,4.64,4.72,4.76,4.84,4.6,f,0.1178082191780822,46
31709,within an hour,100,100,t,t,t,East Flatbush,Entire guest suite,Entire home/apt,5,1.0,1 bath,2.0,6.0,249.0,2,28,2.0,4.93,4.97,5.0,4.93,4.66,4.69,t,0.3671232876712328,59
31717,within an hour,100,81,t,t,t,Queens Village,Private room in home,Private room,2,1.0,1 shared bath,1.0,1.0,73.0,1,90,1.0,4.81,4.6,4.83,4.88,4.81,4.65,f,0.4164383561643835,41
31719,within a few hours,100,100,t,t,t,Harlem,Entire home,Entire home/apt,6,2.0,2 baths,3.0,6.0,550.0,3,365,3.0,4.95,4.74,5.0,4.89,4.32,4.79,f,0.1945205479452054,40
31725,within an hour,100,100,t,t,t,East New York,Private room in home,Private room,2,2.0,2 shared baths,1.0,1.0,116.0,1,365,1.0,4.96,4.94,4.96,4.99,4.76,4.97,t,0.3452054794520548,48
31726,within an hour,100,90,t,t,t,Crown Heights,Private room in rental unit,Private room,2,2.0,2 baths,2.0,3.0,143.0,1,28,1.0,5.0,4.94,5.0,4.94,4.75,4.94,f,0.3424657534246575,34
31729,within a few hours,93,64,t,t,t,Hell's Kitchen,Entire condo,Entire home/apt,6,1.0,1 bath,3.0,2.0,410.0,7,365,7.0,4.67,4.72,4.94,4.94,4.89,4.72,f,0.5753424657534246,30
31732,within an hour,100,100,f,t,t,Midtown,Entire rental unit,Entire home/apt,4,1.0,1 bath,1.0,2.0,242.0,4,365,4.0,4.5,4.54,4.42,4.75,4.75,4.33,t,0.1534246575342465,33
31737,within an hour,100,99,f,t,t,Upper West Side,Entire rental unit,Entire home/apt,12,1.0,1 bath,2.0,6.0,283.0,1,365,1.0,4.22,4.33,4.19,4.36,4.83,4.19,t,0.3397260273972602,29
31742,within an hour,100,97,t,t,t,East New York,Entire rental unit,Entire home/apt,6,1.0,1 bath,2.0,3.0,181.0,3,365,3.0,4.97,4.94,4.97,5.0,4.52,4.87,f,0.2246575342465753,44
31745,within an hour,96,100,f,t,t,Upper West Side,Entire rental unit,Entire home/apt,11,1.0,1 bath,2.0,6.0,268.0,1,365,1.0,4.31,4.45,3.86,4.38,4.79,4.07,t,0.3424657534246575,34
31746,within an hour,96,100,f,t,t,Upper West Side,Entire rental unit,Entire home/apt,12,1.0,1 bath,2.0,7.0,323.0,1,1125,1.0,4.32,4.61,4.0,4.71,4.86,4.18,t,0.347945205479452,40
31747,within an hour,100,100,f,t,t,Financial District,Entire rental unit,Entire home/apt,2,1.0,1 bath,1.0,1.0,205.0,1,365,1.0,4.39,4.67,4.27,4.55,4.7,4.33,t,0.4493150684931506,15
31761,within an hour,100,100,t,t,t,East Flatbush,Entire guest suite,Entire home/apt,5,1.5,1.5 baths,2.0,5.0,255.0,1,28,1.0,4.91,4.91,4.88,4.84,4.5,4.81,t,0.6082191780821918,54
31769,within a day,60,14,f,t,t,Financial District,Entire rental unit,Entire home/apt,2,1.0,1 bath,1.0,1.0,260.0,3,10,3.0,5.0,5.0,5.0,5.0,5.0,5.0,f,0.5452054794520548,33
31770,within a day,88,69,t,t,t,Greenwich Village,Entire rental unit,Entire home/apt,6,2.0,2 baths,2.0,3.0,757.0,5,365,5.0,4.91,4.83,4.65,4.83,4.87,4.61,f,0.3917808219178082,38
31788,within an hour,98,98,f,t,t,Lower East Side,Entire rental unit,Entire home/apt,4,1.0,1 bath,2.0,2.0,400.0,1,365,1.0,4.28,4.16,4.56,4.68,4.68,4.16,t,0.5041095890410959,18
31789,within an hour,100,100,t,t,t,Bath Beach,Entire loft,Entire home/apt,4,1.0,1 bath,2.0,3.0,215.0,1,365,5.0,4.95,4.98,4.92,4.98,4.87,4.92,t,0.0931506849315068,53
31794,within an hour,96,99,f,t,f,Chinatown,Entire rental unit,Entire home/apt,5,1.0,1 bath,2.0,4.0,499.0,2,1125,2.0,4.29,3.75,4.83,4.42,4.71,4.21,t,0.3287671232876712,48
31805,within a few hours,100,97,f,f,t,Crown Heights,Entire home,Entire home/apt,12,4.5,4.5 baths,6.0,6.0,735.0,3,30,3.0,4.76,4.52,4.67,4.62,4.38,4.62,f,0.4602739726027397,48
31809,within an hour,100,98,f,t,t,Sunnyside,Entire rental unit,Entire home/apt,3,1.0,1 bath,1.0,2.0,263.0,1,24,3.0,5.0,4.63,5.0,5.0,5.0,4.88,f,0.5342465753424658,20
31811,within an hour,100,99,t,t,t,Long Island City,Private room in home,Private room,1,1.5,1.5 baths,1.0,1.0,94.0,1,5,1.0,4.89,4.96,4.95,4.96,4.68,4.8,f,0.5397260273972603,38
31813,within an hour,100,100,t,t,t,Crown Heights,Entire rental unit,Entire home/apt,6,1.0,1 bath,3.0,5.0,231.0,2,365,2.0,4.9,4.84,4.92,4.94,4.3,4.76,f,0.1643835616438356,52
31822,within an hour,90,100,t,t,t,Murray Hill,Entire rental unit,Entire home/apt,4,2.0,2 baths,2.0,2.0,571.0,1,365,4.0,4.75,4.78,4.75,4.89,4.89,4.64,t,0.4246575342465753,28
31828,within a few hours,100,97,f,f,t,Crown Heights,Entire home,Entire home/apt,12,2.0,2 baths,5.0,6.0,396.0,3,30,3.0,4.16,4.16,4.16,4.47,4.26,4.21,f,0.3780821917808219,33
31829,within an hour,100,100,t,t,t,East Flatbush,Entire rental unit,Entire home/apt,4,1.0,1 bath,2.0,2.0,287.0,2,28,2.0,5.0,5.0,5.0,5.0,4.64,4.86,f,0.1753424657534246,57
31831,within an hour,100,100,f,t,t,Financial District,Entire rental unit,Entire home/apt,2,1.0,1 bath,1.0,1.0,185.0,1,365,1.0,4.41,4.47,4.64,4.59,4.7,4.23,t,0.0904109589041095,18
31834,within an hour,100,99,t,t,t,Hell's Kitchen,Private room in rental unit,Private room,2,1.5,1.5 baths,1.0,1.0,168.0,3,365,3.0,4.77,4.47,4.67,4.77,4.9,4.57,t,0.6684931506849315,36
31838,within an hour,100,100,f,t,t,Crown Heights,Entire home,Entire home/apt,6,1.0,1 bath,3.0,4.0,283.0,3,27,3.0,4.52,4.78,4.7,4.74,4.22,4.52,t,0.2767123287671232,37
31839,within an hour,97,87,f,t,t,Theater District,Room in hotel,Hotel room,2,1.0,1 bath,1.0,1.0,100.0,1,1125,3.0,4.2,4.32,4.8,4.64,4.92,4.32,t,0.1041095890410958,21
31843,within an hour,100,99,f,t,t,Theater District,Room in hotel,Private room,4,1.0,1 private bath,2.0,2.0,793.0,1,365,10.0,4.86,4.86,5.0,5.0,5.0,4.43,t,0.0027397260273972,16
31844,within an hour,100,100,f,t,t,Crown Heights,Entire home,Entire home/apt,10,4.0,4 baths,5.0,5.0,402.0,3,27,3.0,4.63,4.74,4.74,4.93,4.19,4.56,t,0.5616438356164384,47
31850,within a few hours,100,100,f,f,t,Cypress Hills,Private room in rental unit,Private room,5,1.0,1 private bath,2.0,3.0,280.0,1,15,1.0,4.0,3.78,4.33,4.11,4.0,3.89,f,0.021917808219178,10
31853,within an hour,100,99,t,t,t,Hell's Kitchen,Entire rental unit,Entire home/apt,4,1.0,1 bath,2.0,5.0,403.0,2,365,2.0,5.0,4.95,5.0,5.0,5.0,4.9,f,0.5205479452054794,50
31855,within an hour,100,100,t,t,t,Crown Heights,Entire rental unit,Entire home/apt,4,1.0,1 bath,2.0,4.0,157.0,1,28,3.0,4.82,4.97,4.64,4.91,4.67,4.82,t,0.3643835616438356,54
31856,within an hour,100,97,t,t,t,Woodside,Private room in rental unit,Private room,2,1.0,1 shared bath,2.0,2.0,223.0,1,14,1.0,5.0,5.0,5.0,5.0,5.0,5.0,f,0.6410958904109589,52
31857,within an hour,100,99,t,t,t,Bensonhurst,Private room in rental unit,Private room,2,1.0,1 private bath,1.0,2.0,116.0,1,30,1.0,4.98,4.96,4.88,4.94,4.88,4.96,f,0.2438356164383561,23
31859,within a day,100,100,t,t,t,Inwood,Entire rental unit,Entire home/apt,5,1.0,1 bath,2.0,2.0,239.0,2,730,2.0,4.83,4.76,4.88,4.8,4.83,4.71,f,0.673972602739726,24
31861,within a few hours,100,64,t,t,t,Midtown,Entire rental unit,Entire home/apt,5,1.0,1 bath,2.0,4.0,747.0,5,365,5.0,4.84,4.68,4.87,4.94,4.97,4.58,f,0.3589041095890411,40
31872,within an hour,98,100,f,t,t,Midtown,Private room in rental unit,Private room,4,1.0,1 private bath,1.0,3.0,105.0,1,365,1.0,4.38,4.25,4.25,4.38,4.75,4.13,t,0.4054794520547945,32
31879,within an hour,100,76,f,t,t,Bedford-Stuyvesant,Private room in guest suite,Private room,2,1.0,1 private bath,1.0,2.0,145.0,3,29,7.0,4.86,4.71,4.86,5.0,4.43,4.71,f,0.0657534246575342,49
31888,within an hour,100,98,f,t,t,Sunnyside,Entire rental unit,Entire home/apt,8,1.0,1 bath,1.0,4.0,201.0,1,365,1.0,4.36,4.42,4.42,4.52,4.56,4.22,t,0.2931506849315068,49
31899,within an hour,96,98,f,t,t,Midtown,Room in hotel,Hotel room,4,2.0,2 baths,2.0,4.0,1063.0,1,1125,1.0,4.0,5.0,5.0,4.0,5.0,4.0,t,0.0383561643835616,22
31901,within an hour,90,97,f,t,t,Hell's Kitchen,Entire rental unit,Entire home/apt,4,1.0,1 bath,1.0,2.0,599.0,5,30,5.0,5.0,4.95,4.95,4.95,4.91,4.86,f,0.6931506849315069,41
31902,within an hour,96,98,f,t,t,Midtown,Entire serviced apartment,Entire home/apt,2,1.0,1 bath,1.0,1.0,1000.0,1,1125,1.0,5.0,5.0,5.0,5.0,5.0,4.5,t,0.136986301369863,22
31908,within an hour,100,100,f,t,t,East Harlem,Entire rental unit,Entire home/apt,4,1.0,1 bath,1.0,1.0,216.0,3,365,4.0,4.71,4.84,4.71,4.77,4.55,4.58,t,0.0657534246575342,36
31924,within an hour,100,100,t,t,t,Astoria,Private room in home,Private room,3,1.0,1 shared bath,1.0,2.0,108.0,1,365,1.0,4.88,4.86,4.95,4.91,4.92,4.81,t,0.0767123287671232,39
31930,within an hour,100,99,f,t,t,Mott Haven,Private room in condo,Private room,3,2.0,2 shared baths,1.0,2.0,85.0,1,365,1.0,4.45,4.53,4.65,4.8,4.6,4.35,t,0.0356164383561643,39
31943,within an hour,100,59,f,t,t,Harlem,Entire rental unit,Entire home/apt,2,1.0,1 bath,0.0,2.0,218.0,1,365,1.0,4.84,4.68,4.58,4.79,4.84,4.89,f,0.6657534246575343,33
31951,within an hour,100,100,f,t,t,Hell's Kitchen,Entire rental unit,Entire home/apt,5,1.0,1 bath,1.0,2.0,283.0,1,365,1.0,4.09,4.43,4.13,4.17,4.43,3.91,t,0.0547945205479452,26
31956,within a few hours,100,85,t,t,t,Bushwick,Private room in home,Private room,2,1.0,1 private bath,1.0,1.0,140.0,3,50,3.0,5.0,5.0,5.0,5.0,4.93,4.93,f,0.6958904109589041,30
31962,within an hour,100,100,f,t,t,Briarwood,Private room in rental unit,Private room,3,1.0,1 private bath,0.0,1.0,114.0,1,365,1.0,4.21,4.28,4.63,4.63,4.3,4.16,f,0.3643835616438356,30
31965,within an hour,100,100,f,t,t,Bedford-Stuyvesant,Private room in rental unit,Private room,2,1.5,1.5 shared baths,1.0,1.0,77.0,1,365,1.0,4.68,4.68,4.66,4.78,4.63,4.63,t,0.3698630136986301,52
31971,within an hour,100,94,t,t,t,Flushing,Private room in home,Private room,4,1.0,1 private bath,2.0,3.0,139.0,1,365,1.0,4.94,5.0,5.0,5.0,4.88,4.81,t,0.3123287671232876,32
31972,within an hour,89,98,t,t,t,Bedford-Stuyvesant,Entire rental unit,Entire home/apt,6,1.0,1 bath,3.0,4.0,288.0,3,30,3.0,4.72,4.56,4.77,4.79,4.53,4.67,f,0.2383561643835616,24
31973,within a few hours,100,100,t,t,t,Queens Village,Entire rental unit,Entire home/apt,4,1.0,1 bath,2.0,2.0,271.0,2,28,2.0,4.97,5.0,4.97,4.97,4.82,5.0,f,0.3260273972602739,58
31977,within an hour,100,100,f,t,t,Rosedale,Private room in rental unit,Private room,3,1.0,1 private bath,1.0,1.0,144.0,3,700,3.0,4.79,4.95,4.89,4.89,4.68,4.79,t,0.2794520547945205,37
31980,within a few hours,90,66,t,t,t,West Village,Entire rental unit,Entire home/apt,5,1.0,1 bath,2.0,4.0,550.0,5,365,5.0,4.8,4.72,4.88,4.88,4.84,4.52,f,0.4493150684931506,39
32001,within an hour,100,100,f,t,t,Rosedale,Private room in rental unit,Private room,2,1.0,1 shared bath,1.0,1.0,109.0,2,1125,2.0,4.71,4.71,4.93,4.93,4.79,4.36,t,0.2602739726027397,27
32002,within an hour,100,100,f,t,t,Rosedale,Private room in rental unit,Private room,2,1.0,1 shared bath,1.0,1.0,109.0,2,365,2.0,4.8,5.0,5.0,5.0,4.9,4.8,f,0.2602739726027397,13
32009,within an hour,100,87,t,t,t,Harlem,Entire townhouse,Entire home/apt,14,5.5,5.5 baths,7.0,7.0,1030.0,3,365,5.0,4.77,4.85,4.92,4.85,4.46,4.62,t,0.1616438356164383,35
32011,within an hour,91,99,f,t,t,Port Morris,Entire serviced apartment,Entire home/apt,2,1.0,1 bath,0.0,1.0,218.0,1,365,30.0,4.49,4.69,4.49,4.46,4.28,4.36,t,0.0027397260273972,43
32013,within an hour,100,85,t,t,t,College Point,Private room in home,Private room,2,1.0,1 private bath,1.0,1.0,95.0,1,7,1.0,4.94,4.94,4.92,4.96,4.79,4.87,f,0.336986301369863,33
32016,within an hour,100,100,f,t,t,Clinton Hill,Entire home,Entire home/apt,12,2.0,2 baths,6.0,6.0,686.0,3,27,3.0,4.74,4.78,4.78,4.74,4.04,4.65,t,0.4602739726027397,36
32017,within a day,73,68,f,t,t,Midtown,Entire condo,Entire home/apt,4,1.0,1 bath,2.0,2.0,320.0,7,365,7.0,4.54,4.31,4.77,4.62,4.85,4.54,f,0.3726027397260274,33
32023,within an hour,100,97,t,t,t,Bedford-Stuyvesant,Entire rental unit,Entire home/apt,8,2.5,2.5 baths,3.0,5.0,389.0,30,365,30.0,4.91,4.83,4.91,4.96,4.8,4.85,f,0.5205479452054794,59
32034,within a day,60,64,f,t,f,SoHo,Entire rental unit,Entire home/apt,6,1.0,1 bath,2.0,2.0,880.0,3,365,3.0,5.0,5.0,5.0,5.0,5.0,4.67,f,0.4273972602739726,25
32035,within an hour,100,96,t,t,t,Boerum Hill,Entire rental unit,Entire home/apt,6,2.0,2 baths,3.0,4.0,685.0,3,30,3.0,4.93,4.93,4.85,4.98,4.9,4.78,f,0.6931506849315069,51
32052,within an hour,91,99,f,t,t,Port Morris,Entire serviced apartment,Entire home/apt,2,1.0,1 bath,0.0,1.0,202.0,1,365,30.0,3.57,3.71,3.71,3.57,3.57,3.14,t,0.0054794520547945,44
32053,within an hour,91,99,f,t,t,Port Morris,Entire serviced apartment,Entire home/apt,2,1.0,1 bath,0.0,1.0,197.0,1,365,3.0,3.67,3.67,3.67,4.0,4.67,3.67,t,0.0,44
32054,within an hour,97,87,f,t,t,Theater District,Room in hotel,Hotel room,12,3.0,3 baths,3.0,6.0,615.0,1,1125,4.0,5.0,5.0,5.0,5.0,5.0,5.0,t,0.1013698630136986,21
32062,within a few hours,100,76,f,t,t,Upper West Side,Entire rental unit,Entire home/apt,6,1.0,1 bath,3.0,4.0,313.0,5,85,5.0,4.56,4.6,4.84,4.88,4.84,4.48,f,0.6465753424657534,31
32063,within an hour,100,100,f,t,t,Ditmars Steinway,Private room in home,Private room,2,1.0,1 shared bath,0.0,0.0,124.0,2,365,2.0,4.89,4.85,4.93,4.89,4.78,4.67,t,0.5972602739726027,13
32074,within an hour,97,87,f,t,t,Theater District,Room in hotel,Hotel room,4,1.0,1 bath,1.0,2.0,205.0,1,1125,5.0,4.0,4.0,4.0,4.0,5.0,4.0,t,0.0602739726027397,21
32075,within an hour,97,87,f,t,t,Theater District,Room in hotel,Hotel room,4,1.0,1 bath,1.0,2.0,205.0,1,1125,4.0,4.6,4.8,4.4,4.4,5.0,4.2,t,0.0876712328767123,21
32077,within an hour,97,87,f,t,t,Theater District,Room in hotel,Hotel room,2,1.0,1 bath,1.0,1.0,156.0,1,1125,3.0,5.0,5.0,5.0,5.0,5.0,4.0,t,0.0356164383561643,21
32081,within an hour,100,97,t,t,t,Chinatown,Entire rental unit,Entire home/apt,4,1.0,1 bath,2.0,2.0,442.0,4,365,5.0,4.98,5.0,4.98,5.0,4.93,4.88,t,0.1671232876712328,44
32087,within an hour,100,100,t,t,t,Upper West Side,Private room in rental unit,Private room,2,1.0,1 private bath,1.0,1.0,389.0,1,10,1.0,4.77,4.87,4.95,4.92,4.77,4.44,f,0.5945205479452055,48
32088,within an hour,94,93,f,t,t,Upper West Side,Private room in rental unit,Private room,3,2.0,2 shared baths,1.0,1.0,113.0,1,365,1.0,4.63,4.76,4.58,4.71,4.66,4.37,f,0.3150684931506849,52
32093,within an hour,98,99,t,t,t,East Flatbush,Entire rental unit,Entire home/apt,4,1.0,1 bath,0.0,1.0,193.0,1,365,2.0,4.86,4.71,4.89,4.91,4.71,4.71,t,0.0657534246575342,36
32103,within a few hours,90,88,f,t,t,Gramercy,Entire condo,Entire home/apt,3,1.0,1 bath,1.0,1.0,299.0,7,365,7.0,4.47,4.53,4.76,4.88,4.59,4.41,f,0.3205479452054794,27
32104,within a few hours,90,88,f,t,t,Nolita,Entire condo,Entire home/apt,4,1.0,1 bath,2.0,2.0,319.0,7,365,7.0,4.5,4.57,4.86,4.57,4.93,4.0,f,0.3452054794520548,23
32112,within an hour,94,93,f,t,t,Upper West Side,Private room in rental unit,Private room,2,2.0,2 shared baths,1.0,1.0,122.0,2,365,2.0,4.79,4.58,4.7,4.88,4.82,4.67,f,0.3671232876712328,56
32119,within an hour,100,100,t,t,f,Sunset Park,Room in hotel,Private room,7,1.5,1.5 baths,3.0,3.0,711.0,3,365,3.0,4.97,5.0,5.0,5.0,4.89,4.81,f,0.1589041095890411,47
32120,within an hour,100,98,f,t,t,Crown Heights,Entire rental unit,Entire home/apt,6,2.0,2 baths,3.0,4.0,319.0,3,27,30.0,4.44,4.48,4.67,4.96,4.04,4.15,t,0.3232876712328767,44
32122,within an hour,100,99,t,t,t,Chelsea,Entire rental unit,Entire home/apt,3,1.0,1 bath,1.0,2.0,365.0,4,365,5.0,4.97,4.92,4.97,4.95,4.92,4.86,f,0.1616438356164383,47
32177,within a few hours,100,100,t,t,t,Flushing,Entire townhouse,Entire home/apt,6,2.0,2 baths,3.0,3.0,200.0,3,29,3.0,4.87,4.73,5.0,5.0,4.87,4.8,f,0.4328767123287671,10
32178,within an hour,100,100,f,t,t,Ditmars Steinway,Private room in townhouse,Private room,4,1.0,1 private bath,1.0,1.0,99.0,4,60,4.0,5.0,4.25,4.5,4.75,4.75,4.5,t,0.4493150684931506,19
32179,within an hour,94,100,f,t,t,Midtown,Room in hotel,Private room,4,2.5,2.5 baths,2.0,2.0,1031.0,1,28,1.0,5.0,5.0,5.0,5.0,5.0,5.0,f,0.1726027397260274,45
32184,within an hour,100,98,t,t,t,St. Albans,Private room in home,Private room,4,2.0,2 baths,3.0,3.0,231.0,2,28,2.0,4.74,4.84,5.0,4.74,4.84,4.74,f,0.3041095890410959,56
32189,within an hour,100,97,t,t,t,Harlem,Private room in rental unit,Private room,1,1.5,1.5 baths,1.0,1.0,95.0,5,120,5.0,4.87,4.93,4.87,4.93,4.87,4.87,f,0.210958904109589,57
32203,within an hour,100,100,t,t,t,Flatlands,Entire rental unit,Entire home/apt,4,1.0,1 bath,3.0,3.0,172.0,2,28,2.0,5.0,5.0,4.97,5.0,4.78,4.92,t,0.1150684931506849,70
32204,within an hour,100,99,t,t,t,Financial District,Entire rental unit,Entire home/apt,6,2.0,2 baths,4.0,0.0,599.0,6,365,6.0,4.72,4.66,4.72,4.86,4.9,4.69,t,0.2273972602739726,38
32224,within an hour,100,100,f,t,t,Fort Hamilton,Entire rental unit,Entire home/apt,4,1.0,1 bath,0.0,2.0,160.0,1,1125,1.0,4.6,4.3,4.6,4.75,4.55,4.45,f,0.336986301369863,38
32230,within an hour,92,99,f,t,t,Harlem,Private room in guesthouse,Private room,2,2.0,2 shared baths,1.0,1.0,106.0,30,30,30.0,4.33,4.43,4.81,4.57,4.05,4.1,t,0.4027397260273972,10
32234,within an hour,100,100,f,t,t,Fort Hamilton,Entire rental unit,Entire home/apt,4,1.0,1 bath,0.0,2.0,151.0,1,29,1.0,4.71,4.65,4.94,4.94,4.88,4.68,t,0.3452054794520548,34
32236,within an hour,85,99,f,t,t,Midtown,Room in hotel,Private room,4,2.0,2 baths,2.0,2.0,458.0,1,365,2.0,4.0,4.0,4.2,4.0,4.6,3.6,t,0.1424657534246575,20
32260,within an hour,100,100,f,t,t,Midtown,Entire rental unit,Entire home/apt,2,1.0,1 bath,0.0,1.0,208.0,1,365,3.0,4.57,4.71,4.57,4.86,5.0,4.29,t,0.536986301369863,36
32262,within an hour,100,99,t,t,t,Bedford-Stuyvesant,Entire home,Entire home/apt,2,1.0,1 bath,1.0,0.0,155.0,2,365,2.0,4.61,4.82,4.36,4.39,4.36,4.46,f,0.6082191780821918,30
32265,within an hour,91,99,f,t,t,Port Morris,Entire serviced apartment,Entire home/apt,2,1.0,1 bath,0.0,1.0,202.0,1,365,30.0,3.0,4.0,3.0,3.0,1.0,3.0,t,0.0054794520547945,44
32266,within an hour,91,99,f,t,t,Port Morris,Entire serviced apartment,Entire home/apt,2,1.0,1 bath,0.0,1.0,196.0,1,365,3.0,4.45,4.48,4.26,4.48,4.48,4.19,t,0.0,45
32267,within an hour,91,99,f,t,t,Port Morris,Entire serviced apartment,Entire home/apt,4,1.0,1 bath,0.0,1.0,262.0,1,365,30.0,5.0,5.0,5.0,5.0,3.0,5.0,t,0.0301369863013698,43
32268,within an hour,91,99,f,t,t,Port Morris,Entire serviced apartment,Entire home/apt,4,1.0,1 bath,0.0,1.0,273.0,1,365,30.0,5.0,5.0,4.67,4.67,4.67,4.67,t,0.0383561643835616,45
32287,within an hour,100,80,t,t,t,Cypress Hills,Private room in home,Private room,2,1.0,1 bath,1.0,1.0,131.0,4,29,4.0,5.0,4.89,4.89,4.94,4.78,5.0,f,0.6438356164383562,38
32311,within an hour,100,97,t,t,t,East Elmhurst,Private room in home,Private room,2,1.0,1 shared bath,1.0,1.0,71.0,2,28,2.0,4.93,4.89,5.0,4.93,4.78,4.93,f,0.4712328767123288,14
32312,within an hour,100,97,t,t,t,East Elmhurst,Private room in home,Private room,2,1.0,1 bath,1.0,1.0,79.0,2,28,2.0,4.75,4.72,4.88,4.91,4.63,4.81,f,0.4,24
32329,within an hour,94,56,f,t,t,Hell's Kitchen,Entire rental unit,Entire home/apt,4,1.0,1 bath,1.0,1.0,200.0,30,365,30.0,5.0,5.0,5.0,5.0,5.0,5.0,f,0.3342465753424657,13
32361,within an hour,98,100,f,t,t,Midtown,Private room in rental unit,Private room,6,1.0,1 private bath,1.0,3.0,124.0,1,365,1.0,4.73,4.73,4.82,4.91,4.91,4.36,t,0.4630136986301369,25
32366,within an hour,100,100,f,t,t,Midtown,Entire rental unit,Entire home/apt,4,1.0,1 bath,0.0,2.0,361.0,2,30,2.0,4.7,4.48,4.78,4.96,4.87,4.39,t,0.547945205479452,58
32386,within a few hours,100,98,f,t,t,Boerum Hill,Entire rental unit,Entire home/apt,2,1.0,1 bath,1.0,1.0,250.0,2,60,2.0,4.85,4.63,4.7,4.96,4.96,4.7,f,0.4136986301369863,41
32391,within a few hours,100,100,f,t,t,East Flatbush,Private room in home,Private room,2,1.0,1 bath,1.0,1.0,86.0,10,60,10.0,5.0,5.0,5.0,5.0,4.75,5.0,f,0.3342465753424657,20
32393,within an hour,100,98,t,t,t,Midtown,Entire condo,Entire home/apt,8,2.5,2.5 baths,3.0,4.0,678.0,1,1125,4.0,4.57,4.86,4.86,4.43,4.93,4.43,f,0.5095890410958904,53
32394,within an hour,100,82,f,t,t,Maspeth,Entire rental unit,Entire home/apt,6,1.0,1 bath,1.0,0.0,299.0,1,28,1.0,5.0,5.0,5.0,5.0,5.0,5.0,f,0.6191780821917808,2
32396,within an hour,93,97,f,t,t,Crown Heights,Entire rental unit,Entire home/apt,5,1.0,1 bath,1.0,1.0,178.0,1,365,2.0,4.84,4.77,4.87,4.9,4.58,4.68,t,0.2520547945205479,25
32397,within an hour,100,99,t,t,t,Chelsea,Entire rental unit,Entire home/apt,11,2.0,2 baths,3.0,6.0,1114.0,4,365,4.0,5.0,4.95,4.98,5.0,4.98,4.9,t,0.2630136986301369,47
32399,within a few hours,100,98,f,t,t,East Village,Private room in tiny home,Private room,2,1.0,1 shared bath,2.0,3.0,141.0,2,25,2.0,4.75,4.54,4.96,4.92,4.96,4.67,f,0.2410958904109589,32
32406,within an hour,98,100,f,t,t,Midtown,Private room in rental unit,Private room,3,2.0,2 shared baths,1.0,2.0,76.0,1,365,1.0,4.4,4.67,4.6,4.4,4.93,4.27,t,0.4684931506849315,9
32407,within an hour,98,100,f,t,t,Midtown,Private room in rental unit,Private room,4,2.0,2 baths,1.0,2.0,72.0,1,365,1.0,4.31,4.31,4.31,4.69,4.69,4.31,t,0.3863013698630137,25
32408,within an hour,100,99,t,t,t,SoHo,Entire condo,Entire home/apt,6,2.0,2 baths,2.0,2.0,1089.0,5,365,4.0,5.0,5.0,5.0,5.0,5.0,5.0,f,0.0493150684931506,51
32409,within an hour,100,79,f,t,t,Williamsburg,Private room in rental unit,Private room,4,1.0,1 shared bath,2.0,2.0,239.0,3,365,3.0,4.31,4.0,4.56,4.75,4.63,4.25,f,0.3506849315068493,36
32411,within an hour,100,100,t,t,t,Long Island City,Entire guest suite,Entire home/apt,2,1.0,1 bath,2.0,2.0,233.0,2,1125,2.0,5.0,5.0,4.97,5.0,4.59,4.88,f,0.2219178082191781,54
32415,within an hour,94,96,f,t,f,Theater District,Room in hotel,Hotel room,2,1.0,1 bath,1.0,1.0,100.0,1,1125,3.0,4.0,4.09,4.27,4.27,4.18,3.73,t,0.1260273972602739,21
32416,within an hour,94,96,f,t,f,Theater District,Room in hotel,Hotel room,2,1.0,1 bath,1.0,1.0,100.0,1,1125,3.0,4.0,4.22,4.89,4.67,4.89,4.11,t,0.1315068493150684,20
32417,within an hour,94,96,f,t,f,Theater District,Room in hotel,Hotel room,6,1.0,1 bath,1.0,3.0,100.0,1,1125,2.0,4.42,4.33,4.42,4.17,4.83,4.17,t,0.2821917808219178,21
32419,within an hour,94,96,f,t,f,Hell's Kitchen,Room in hotel,Hotel room,6,1.0,1 shared bath,1.0,3.0,100.0,1,1125,2.0,4.0,3.67,4.33,4.0,5.0,3.67,t,0.2821917808219178,21
32420,within an hour,94,96,f,t,f,Theater District,Room in hotel,Hotel room,2,1.0,1 bath,1.0,2.0,100.0,1,1125,3.0,4.0,4.57,4.71,4.29,4.86,3.86,t,0.1287671232876712,21
32421,within an hour,94,96,f,t,f,Theater District,Room in hotel,Hotel room,16,3.0,3 baths,3.0,9.0,80.0,1,1125,1.0,5.0,5.0,5.0,5.0,5.0,5.0,t,0.3863013698630137,21
32431,within an hour,100,99,t,t,t,Harlem,Private room in rental unit,Private room,2,1.0,1 shared bath,1.0,1.0,110.0,1,14,1.0,4.73,4.87,4.67,4.87,4.6,4.87,f,0.4684931506849315,29
32438,within an hour,100,98,f,t,t,Harlem,Entire rental unit,Entire home/apt,4,1.0,1 bath,2.0,2.0,260.0,2,365,2.0,4.55,4.55,4.65,4.75,4.25,4.4,f,0.1753424657534246,34
32467,within an hour,100,100,t,t,t,Bushwick,Private room in rental unit,Private room,1,1.0,1 bath,1.0,0.0,134.0,2,60,2.0,4.97,5.0,4.95,5.0,4.82,4.9,f,0.2931506849315068,41
32475,within an hour,100,100,t,t,t,Bushwick,Private room in rental unit,Private room,1,1.0,1 bath,2.0,2.0,120.0,2,30,2.0,5.0,5.0,5.0,5.0,4.9,4.98,f,0.3095890410958904,40
32488,within an hour,100,99,t,t,t,Harlem,Entire rental unit,Entire home/apt,6,1.0,1 bath,3.0,5.0,450.0,2,25,2.0,4.83,4.93,4.59,4.59,4.83,4.79,f,0.3397260273972602,47
32502,within an hour,100,97,f,t,t,Jamaica,Entire rental unit,Entire home/apt,4,1.0,1 bath,2.0,3.0,153.0,1,15,1.0,4.35,4.39,4.61,4.94,4.32,4.32,t,0.3643835616438356,55
32504,within an hour,100,100,f,t,t,Midtown,Entire rental unit,Entire home/apt,5,1.0,1 bath,0.0,3.0,211.0,1,365,3.0,4.17,4.33,4.67,4.5,4.83,4.33,t,0.4602739726027397,38
32505,within an hour,100,100,f,t,t,Chelsea,Entire rental unit,Entire home/apt,6,1.0,1 bath,0.0,3.0,242.0,1,365,3.0,4.0,4.0,4.0,4.0,4.0,4.0,t,0.6164383561643836,37
32506,within an hour,100,100,f,t,t,Midtown,Entire rental unit,Entire home/apt,6,1.0,1 bath,0.0,4.0,219.0,1,365,3.0,3.8,4.4,4.6,4.0,4.8,4.2,t,0.4520547945205479,39
32510,within an hour,95,98,t,t,t,Crown Heights,Entire home,Entire home/apt,8,1.0,1 bath,2.0,5.0,271.0,1,365,1.0,4.78,4.78,5.0,4.89,4.89,4.67,t,0.5534246575342465,37
32529,within an hour,94,100,f,t,t,Harlem,Entire home,Entire home/apt,6,1.0,1 bath,2.0,4.0,225.0,3,365,3.0,4.31,4.16,4.44,4.44,4.34,4.44,t,0.6301369863013698,34
32532,within an hour,100,100,f,f,t,Midtown,Entire serviced apartment,Entire home/apt,8,2.0,2 baths,3.0,4.0,643.0,5,365,5.0,4.63,4.63,4.69,4.56,4.88,4.75,t,0.3232876712328767,38
32539,within an hour,100,99,t,t,t,East Flatbush,Private room in home,Private room,2,1.0,1 bath,1.0,0.0,69.0,1,90,1.0,4.79,4.86,4.83,4.81,4.64,4.67,f,0.0931506849315068,14
32569,within an hour,100,100,t,t,t,Bushwick,Entire loft,Entire home/apt,2,1.0,1 bath,1.0,1.0,219.0,1,365,5.0,4.95,4.94,4.98,5.0,4.95,4.86,t,0.1123287671232876,53
32571,within an hour,100,100,t,t,t,Bushwick,Entire home,Entire home/apt,10,2.5,2.5 baths,4.0,4.0,361.0,1,365,4.0,4.86,4.64,4.97,5.0,4.83,4.78,f,0.210958904109589,44
32576,within a few hours,100,90,t,t,t,Astoria,Entire rental unit,Entire home/apt,2,1.0,1 bath,2.0,2.0,230.0,3,365,3.0,5.0,5.0,5.0,5.0,5.0,4.96,f,0.2410958904109589,36
32582,within an hour,97,87,f,t,t,Washington Heights,Room in hotel,Hotel room,2,1.0,1 bath,1.0,1.0,999.0,1,1125,1.0,4.5,5.0,4.5,5.0,4.5,4.5,t,0.0136986301369863,20
32583,within an hour,97,87,f,t,t,Washington Heights,Room in hotel,Hotel room,4,1.0,1 bath,1.0,2.0,999.0,1,1125,1.0,3.0,4.0,4.0,5.0,5.0,3.0,t,0.0191780821917808,20
32584,within an hour,97,87,f,t,t,Washington Heights,Room in hotel,Hotel room,8,2.0,2 baths,2.0,4.0,999.0,1,1125,1.0,5.0,5.0,5.0,5.0,5.0,3.0,t,0.0246575342465753,20
32585,within an hour,97,87,f,t,t,Washington Heights,Room in hotel,Hotel room,12,3.0,3 baths,3.0,6.0,999.0,1,1125,1.0,5.0,5.0,4.0,4.0,4.0,4.0,t,0.0273972602739726,20
32586,within an hour,97,87,f,t,t,Washington Heights,Room in hotel,Hotel room,16,4.0,4 baths,4.0,8.0,999.0,1,1125,1.0,5.0,5.0,3.0,5.0,5.0,4.0,t,0.0273972602739726,20
32587,within an hour,97,87,f,t,t,Washington Heights,Room in hotel,Hotel room,2,1.0,1 bath,1.0,1.0,999.0,1,1125,1.0,4.33,4.67,3.67,5.0,5.0,4.33,t,0.0054794520547945,20
32588,within an hour,100,100,t,t,t,Bath Beach,Private room in home,Private room,2,1.0,1 private bath,1.0,1.0,181.0,3,30,3.0,5.0,5.0,5.0,5.0,4.6,5.0,f,0.536986301369863,20
32589,within an hour,100,98,f,t,t,Upper West Side,Entire rental unit,Entire home/apt,3,1.0,1 bath,1.0,2.0,259.0,2,365,3.0,4.65,4.55,4.65,4.85,4.95,4.5,f,0.6328767123287671,38
32594,within an hour,87,76,t,t,t,Harlem,Private room in condo,Private room,7,2.0,2 baths,3.0,0.0,150.0,1,365,1.0,5.0,4.95,5.0,5.0,4.95,5.0,f,0.073972602739726,63
32597,within an hour,100,98,t,t,f,Hell's Kitchen,Entire rental unit,Entire home/apt,3,1.0,1 bath,0.0,1.0,257.0,3,365,5.0,4.85,4.95,4.95,4.95,5.0,4.75,f,0.6958904109589041,34
32598,within an hour,100,79,f,t,t,Williamsburg,Private room in rental unit,Private room,2,1.0,1 shared bath,1.0,1.0,132.0,3,365,3.0,4.7,4.6,4.6,4.9,4.8,4.4,f,0.0904109589041095,39
32600,within an hour,100,97,f,t,t,Midtown,Room in hotel,Private room,2,1.0,1 shared bath,1.0,1.0,292.0,1,365,1.0,4.66,4.76,4.81,4.56,4.93,4.47,t,0.6914600550964187,17
32609,within an hour,70,63,t,t,t,Midtown,Entire rental unit,Entire home/apt,6,2.0,2 baths,3.0,5.0,1284.0,5,365,5.0,5.0,4.82,5.0,5.0,5.0,4.82,f,0.4438356164383562,43
32695,within an hour,99,100,f,t,t,Financial District,Entire rental unit,Entire home/apt,2,1.0,1 bath,1.0,1.0,302.0,1,365,1.0,4.5,4.78,4.33,4.67,4.67,4.22,t,0.4602739726027397,17
32699,within an hour,100,100,t,t,t,Williamsbridge,Private room in home,Private room,2,1.0,1 shared bath,1.0,0.0,95.0,3,1125,3.0,4.92,4.77,5.0,4.96,4.42,4.85,t,0.0520547945205479,46
32700,within an hour,100,85,t,t,t,College Point,Private room in home,Private room,2,1.0,1 shared bath,2.0,2.0,136.0,1,7,1.0,5.0,5.0,5.0,5.0,5.0,5.0,f,0.336986301369863,30
32705,within an hour,100,98,t,t,t,Clinton Hill,Entire rental unit,Entire home/apt,3,1.0,1 bath,1.0,2.0,415.0,1,365,1.0,4.96,4.96,4.92,5.0,4.98,4.72,f,0.3890410958904109,45
32707,within an hour,100,100,t,t,t,Brownsville,Private room in guest suite,Private room,2,1.5,1.5 baths,1.0,1.0,120.0,2,29,2.0,4.82,4.69,4.89,5.0,4.62,4.73,f,0.3534246575342465,47
32714,within an hour,100,100,t,t,t,Richmond Hill,Entire home,Entire home/apt,8,1.0,1 bath,4.0,4.0,405.0,1,24,1.0,5.0,4.91,5.0,5.0,4.65,4.96,f,0.084931506849315,47
32715,within an hour,100,99,t,t,t,Lower East Side,Entire rental unit,Entire home/apt,7,2.0,2 baths,3.0,4.0,601.0,1,365,4.0,4.82,4.76,4.76,5.0,4.88,4.65,t,0.1232876712328767,32
32722,within a few hours,93,69,f,t,t,Upper West Side,Entire home,Entire home/apt,8,2.0,2 baths,4.0,4.0,502.0,5,31,5.0,5.0,5.0,5.0,5.0,5.0,5.0,f,0.6958904109589041,25
32725,within an hour,100,100,f,t,t,Theater District,Entire rental unit,Entire home/apt,2,1.0,1 bath,0.0,1.0,284.0,1,365,4.0,4.73,4.79,4.8,4.74,4.84,4.67,t,0.2438356164383561,22
32726,within an hour,100,100,f,t,t,Theater District,Entire rental unit,Entire home/apt,4,1.0,1 bath,0.0,2.0,317.0,1,365,3.0,4.67,4.8,4.63,4.51,4.94,4.63,t,0.2493150684931507,22
32727,within a few hours,80,80,f,t,t,Stapleton,Private room in home,Private room,1,1.0,1 private bath,1.0,1.0,75.0,2,365,2.0,4.5,4.75,4.75,4.75,4.13,4.13,f,0.3287671232876712,35
32734,within a few hours,100,99,f,t,t,Upper East Side,Entire rental unit,Entire home/apt,7,2.0,2 baths,3.0,3.0,692.0,2,365,2.0,4.47,4.47,4.67,4.73,4.6,4.27,t,0.347945205479452,29
32736,within an hour,100,100,t,t,t,Park Slope,Private room in townhouse,Private room,4,1.0,1 private bath,2.0,2.0,296.0,2,365,2.0,4.93,4.97,4.97,4.97,4.97,4.8,f,0.2410958904109589,33
32738,within an hour,100,99,t,t,t,Downtown Brooklyn,Entire rental unit,Entire home/apt,2,1.0,1 bath,1.0,1.0,250.0,1,365,2.0,4.71,4.83,4.85,4.7,4.79,4.46,t,0.2520547945205479,18
32739,within an hour,100,99,t,t,t,Boerum Hill,Entire rental unit,Entire home/apt,4,1.0,1 bath,1.0,2.0,257.0,1,365,2.0,4.73,4.82,4.82,4.79,4.78,4.6,t,0.2602739726027397,18
32740,within an hour,100,100,f,t,t,Midtown,Entire rental unit,Entire home/apt,2,1.0,1 bath,1.0,1.0,359.0,1,365,99.0,4.57,4.64,4.66,4.53,4.87,4.29,t,0.0657534246575342,24
32741,within an hour,100,100,f,t,t,Theater District,Entire rental unit,Entire home/apt,4,1.0,1 bath,1.0,2.0,383.0,1,365,99.0,3.96,4.28,4.56,4.04,4.76,3.88,t,0.1287671232876712,24
32743,within an hour,100,100,t,t,t,Bedford-Stuyvesant,Private room in rental unit,Private room,2,1.0,1 private bath,2.0,0.0,138.0,2,365,2.0,4.95,4.91,5.0,5.0,4.86,5.0,f,0.4027397260273972,40
32746,within an hour,98,100,f,t,t,Midtown,Private room in rental unit,Private room,3,1.0,1 shared bath,1.0,2.0,75.0,1,365,1.0,4.0,4.12,4.12,4.29,4.59,3.94,t,0.4712328767123288,35
32753,within an hour,100,100,t,t,t,East Flatbush,Entire guest suite,Entire home/apt,2,1.0,1 bath,1.0,1.0,164.0,1,28,3.0,4.71,5.0,5.0,4.93,4.57,4.43,t,0.1315068493150684,47
32763,within an hour,98,99,f,t,f,Bedford-Stuyvesant,Entire rental unit,Entire home/apt,6,1.0,1 bath,2.0,3.0,190.0,5,730,5.0,4.87,4.53,4.93,5.0,4.8,4.73,t,0.410958904109589,18
32767,within an hour,100,92,f,t,t,Crown Heights,Entire townhouse,Entire home/apt,2,1.0,1 bath,2.0,2.0,275.0,1,27,4.0,4.79,4.85,4.85,4.91,4.71,4.74,t,0.3726027397260274,45
32769,within an hour,100,85,f,t,t,Hell's Kitchen,Entire rental unit,Entire home/apt,5,1.0,1 bath,3.0,3.0,270.0,5,1125,30.0,4.0,3.33,4.67,4.33,4.67,3.67,f,0.073972602739726,19
32771,within an hour,100,99,f,t,t,Jamaica,Private room in home,Private room,4,1.0,1 private bath,2.0,2.0,112.0,1,30,1.0,4.49,4.18,4.8,4.83,4.65,4.45,f,0.6082191780821918,43
32785,within an hour,100,100,t,t,t,East Village,Entire rental unit,Entire home/apt,4,1.0,1 bath,2.0,3.0,358.0,1,365,4.0,4.87,4.9,4.93,4.87,5.0,4.73,t,0.4630136986301369,22
32786,within an hour,98,100,f,t,t,Midtown,Private room in rental unit,Private room,2,1.0,1 shared bath,1.0,1.0,58.0,1,365,1.0,4.53,4.53,4.53,4.87,4.93,4.67,t,0.4547945205479452,30
32791,within an hour,100,98,t,t,t,Clinton Hill,Entire rental unit,Entire home/apt,4,1.0,1 bath,1.0,2.0,306.0,1,365,1.0,4.98,4.98,4.98,5.0,4.96,4.9,f,0.5972602739726027,48
32807,within an hour,100,100,f,f,f,Jamaica,Entire rental unit,Entire home/apt,6,2.0,2 baths,3.0,5.0,197.0,3,365,3.0,4.55,4.73,4.91,4.91,4.55,4.55,f,0.3068493150684931,36
32808,within an hour,100,98,t,t,t,Clinton Hill,Entire rental unit,Entire home/apt,4,1.0,1 bath,1.0,2.0,332.0,1,365,1.0,5.0,4.96,5.0,5.0,5.0,4.9,f,0.3041095890410959,50
32809,within an hour,100,98,t,t,t,Cypress Hills,Private room in home,Private room,2,1.0,1 shared bath,1.0,1.0,71.0,2,30,2.0,4.81,4.86,4.92,4.92,4.65,4.76,f,0.5561643835616439,24
32815,within a few hours,100,87,t,t,t,SoHo,Entire serviced apartment,Entire home/apt,2,1.0,1 bath,1.0,1.0,420.0,7,365,10.0,5.0,4.67,4.83,4.5,5.0,4.33,f,0.2575342465753424,30
32823,within an hour,100,100,f,t,t,Murray Hill,Entire rental unit,Entire home/apt,8,3.0,3 baths,4.0,0.0,1077.0,2,365,2.0,5.0,5.0,5.0,5.0,5.0,5.0,t,0.3753424657534246,27
32829,within an hour,95,86,f,t,t,Upper West Side,Room in hotel,Private room,12,2.5,2.5 baths,5.0,6.0,914.0,1,365,1.0,5.0,5.0,5.0,5.0,5.0,5.0,f,0.547945205479452,54
32831,within an hour,100,98,t,t,t,Chelsea,Entire rental unit,Entire home/apt,5,1.5,1.5 baths,2.0,3.0,505.0,2,365,4.0,4.55,4.55,4.59,4.59,4.68,4.5,t,0.3863013698630137,26
32841,within a few hours,92,67,t,t,t,East Village,Room in aparthotel,Entire home/apt,2,1.0,1 bath,1.0,1.0,206.0,1,30,1.0,4.86,4.86,4.25,4.75,4.93,4.59,f,0.1561643835616438,47
32848,within an hour,100,100,t,t,t,Upper East Side,Entire serviced apartment,Entire home/apt,7,1.0,1 bath,3.0,4.0,886.0,3,365,3.0,4.85,4.89,4.89,4.96,4.89,4.52,t,0.147945205479452,43
32858,within a day,90,97,f,t,t,Lower East Side,Entire rental unit,Entire home/apt,7,2.0,2 baths,3.0,3.0,694.0,2,365,2.0,4.27,4.45,4.73,4.73,4.73,4.09,f,0.3671232876712328,33
32865,within an hour,100,86,f,t,t,SoHo,Entire rental unit,Entire home/apt,6,2.0,2 baths,2.0,2.0,653.0,2,29,4.0,5.0,5.0,5.0,5.0,5.0,5.0,t,0.1945205479452054,48
32866,within an hour,100,98,t,t,t,Murray Hill,Entire rental unit,Entire home/apt,7,2.5,2.5 baths,3.0,3.0,1162.0,2,365,4.0,4.79,4.71,4.93,4.86,5.0,4.71,f,0.6027397260273972,29
32894,within an hour,100,100,t,t,t,East Village,Entire rental unit,Entire home/apt,4,1.0,1 bath,2.0,2.0,579.0,2,365,2.0,4.73,4.8,4.87,4.87,4.87,4.53,t,0.3945205479452054,30
32896,within a few hours,100,91,f,t,t,East Harlem,Entire condo,Entire home/apt,2,1.0,1 bath,1.0,2.0,149.0,5,365,5.0,4.36,4.18,4.18,4.36,4.91,3.91,f,0.3808219178082191,24
32907,within a few hours,92,81,f,t,t,Upper West Side,Room in hotel,Private room,10,2.0,2 baths,5.0,0.0,900.0,2,365,2.0,4.94,5.0,4.78,4.56,4.94,4.94,f,0.3616438356164383,49
32915,within a few hours,100,100,t,t,t,Hell's Kitchen,Entire rental unit,Entire home/apt,8,2.0,2 baths,4.0,4.0,965.0,2,365,2.0,4.88,4.96,4.63,4.79,4.63,4.79,t,0.4328767123287671,29
32917,within an hour,100,100,t,t,t,Hell's Kitchen,Entire rental unit,Entire home/apt,6,2.0,2 baths,2.0,3.0,586.0,2,28,3.0,5.0,5.0,5.0,5.0,4.92,5.0,t,0.1506849315068493,47
32922,within a few hours,100,62,f,t,t,Upper East Side,Entire rental unit,Entire home/apt,6,3.0,3 baths,3.0,0.0,432.0,5,35,5.0,4.76,4.8,4.6,4.92,4.88,4.84,f,0.6876712328767123,22
32923,within an hour,100,99,f,t,t,Springfield Gardens,Private room in home,Private room,3,1.0,1 private bath,1.0,1.0,82.0,1,7,1.0,4.68,4.78,4.84,4.84,4.75,4.68,t,0.0657534246575342,27
32924,within an hour,100,75,t,f,t,Midtown,Entire rental unit,Entire home/apt,4,1.0,1 bath,1.0,1.0,208.0,6,365,6.0,4.7,4.6,4.9,4.95,4.95,4.5,f,0.663013698630137,24
32926,within an hour,100,84,t,t,t,Richmond Hill,Private room in home,Private room,2,1.0,1 shared bath,1.0,1.0,91.0,1,21,1.0,4.81,4.8,4.91,4.95,4.53,4.74,f,0.6191780821917808,37
32928,within an hour,100,84,t,t,t,Richmond Hill,Private room in home,Private room,1,1.0,1 shared bath,1.0,1.0,77.0,1,21,1.0,4.89,4.92,4.99,5.0,4.69,4.93,f,0.6356164383561644,37
32929,within an hour,100,97,t,t,t,East Flatbush,Entire rental unit,Entire home/apt,4,2.0,2 baths,2.0,2.0,294.0,2,14,2.0,5.0,4.92,4.85,5.0,4.77,4.85,f,0.3698630136986301,33
32930,within an hour,100,99,t,t,t,Murray Hill,Entire condo,Entire home/apt,5,1.0,1 bath,2.0,3.0,437.0,3,60,3.0,4.83,4.83,4.78,4.88,4.78,4.58,f,0.5945205479452055,45
32936,within an hour,96,97,f,t,t,Upper West Side,Shared room in hostel,Shared room,2,1.0,1 shared bath,1.0,1.0,80.0,1,1125,1.0,4.52,4.32,4.7,4.57,4.75,4.46,t,0.1534246575342465,13
32946,within an hour,100,79,f,t,t,Williamsburg,Private room in rental unit,Private room,2,1.0,1 bath,1.0,1.0,114.0,3,365,3.0,4.33,4.17,5.0,5.0,5.0,4.0,f,0.0794520547945205,37
32948,within an hour,100,100,f,t,t,Bedford-Stuyvesant,Private room in rental unit,Private room,2,2.0,2 baths,3.0,3.0,318.0,1,365,1.0,5.0,5.0,5.0,5.0,4.75,5.0,t,0.0438356164383561,22
32956,within an hour,100,91,f,t,t,Springfield Gardens,Entire home,Entire home/apt,7,1.0,1 bath,3.0,5.0,284.0,2,26,2.0,5.0,5.0,5.0,5.0,5.0,5.0,f,0.3863013698630137,25
32957,within an hour,100,95,t,t,t,Williamsburg,Entire rental unit,Entire home/apt,4,1.0,1 bath,2.0,2.0,314.0,5,90,5.0,5.0,4.83,5.0,5.0,4.67,4.83,f,0.2438356164383561,52
32959,within an hour,100,83,t,t,t,Mount Hope,Private room in townhouse,Private room,2,1.0,1 bath,1.0,0.0,138.0,2,28,2.0,4.74,4.7,4.74,4.81,4.37,4.7,f,0.0054794520547945,31
32965,within an hour,100,100,t,t,t,SoHo,Entire rental unit,Entire home/apt,4,1.0,1 bath,1.0,2.0,510.0,1,365,99.0,4.81,4.84,4.91,4.81,4.9,4.55,t,0.4438356164383562,21
32966,within an hour,100,100,t,t,t,SoHo,Entire rental unit,Entire home/apt,4,1.0,1 bath,1.0,2.0,441.0,1,365,99.0,4.75,4.8,4.8,4.8,4.85,4.55,t,0.4794520547945205,21
32967,within an hour,100,100,t,t,t,SoHo,Entire rental unit,Entire home/apt,2,1.0,1 bath,1.0,1.0,413.0,1,365,99.0,4.8,4.81,4.83,4.69,4.85,4.41,t,0.4301369863013699,21
32968,within an hour,100,100,t,t,t,SoHo,Entire rental unit,Entire home/apt,4,1.0,1 bath,1.0,2.0,904.0,1,365,99.0,5.0,5.0,5.0,5.0,4.5,5.0,t,0.4465753424657534,22
32969,within an hour,100,100,t,t,t,SoHo,Entire rental unit,Entire home/apt,4,1.0,1 bath,1.0,2.0,467.0,1,365,99.0,4.81,4.88,4.91,4.75,4.88,4.44,t,0.4328767123287671,21
32970,within an hour,100,100,t,t,t,SoHo,Entire rental unit,Entire home/apt,2,1.0,1 bath,1.0,1.0,409.0,1,365,99.0,4.8,4.88,4.89,4.8,4.88,4.48,t,0.4438356164383562,21
32972,within an hour,90,96,t,t,f,Bedford-Stuyvesant,Entire guest suite,Entire home/apt,2,1.0,1 bath,1.0,1.0,333.0,5,365,6.0,4.83,4.97,4.79,5.0,4.79,4.59,f,0.5835616438356165,17
32980,within an hour,100,97,f,t,t,Chelsea,Entire rental unit,Entire home/apt,8,1.0,1 bath,3.0,3.0,750.0,2,28,4.0,4.79,4.71,4.71,4.93,4.64,4.5,t,0.1232876712328767,52
32989,within an hour,99,100,f,t,t,Theater District,Entire rental unit,Entire home/apt,2,1.0,1 bath,1.0,1.0,459.0,1,365,1.0,4.56,4.65,4.65,4.58,4.88,4.4,t,0.5013698630136987,19
33002,within an hour,100,93,f,t,t,St. Albans,Private room in townhouse,Private room,2,1.0,1 private bath,1.0,1.0,103.0,2,28,2.0,5.0,4.89,5.0,5.0,4.56,4.89,f,0.0328767123287671,35
33004,within an hour,100,100,t,t,t,Flatlands,Entire rental unit,Entire home/apt,5,1.0,1 bath,3.0,3.0,349.0,3,365,3.0,5.0,4.95,4.95,5.0,4.89,5.0,f,0.5835616438356165,26
33006,within an hour,100,100,t,t,t,Rego Park,Entire guest suite,Entire home/apt,2,1.0,1 bath,1.0,1.0,119.0,3,730,3.0,4.94,4.97,4.94,4.88,4.88,4.88,t,0.2219178082191781,52
33012,within an hour,100,99,f,t,t,Springfield Gardens,Private room in home,Private room,3,1.0,1 shared bath,1.0,1.0,66.0,1,5,1.0,4.78,4.74,4.85,4.74,4.82,4.74,t,0.0602739726027397,18
33013,within an hour,100,100,t,t,t,Canarsie,Entire home,Entire home/apt,2,1.0,1 bath,1.0,1.0,164.0,2,28,2.0,4.58,4.75,4.83,4.92,4.58,4.5,f,0.0410958904109589,21
33014,within an hour,100,100,t,t,t,Jamaica,Private room in home,Private room,2,1.0,1 private bath,1.0,1.0,140.0,2,14,2.0,5.0,4.94,5.0,5.0,4.72,4.83,f,0.0931506849315068,43
33018,within an hour,100,100,t,t,t,Kips Bay,Entire rental unit,Entire home/apt,3,1.0,1 bath,0.0,2.0,234.0,3,365,3.0,4.6,4.85,4.55,4.6,4.75,4.45,f,0.6958904109589041,30
33019,within an hour,96,97,f,t,t,Upper West Side,Shared room in hostel,Shared room,10,1.0,1 shared bath,1.0,10.0,65.0,1,1125,1.0,3.85,3.62,4.85,4.08,4.54,4.0,f,0.1863013698630137,13
33021,within an hour,100,100,t,t,t,Forest Hills,Entire guest suite,Entire home/apt,2,1.0,1 bath,1.0,1.0,123.0,3,730,3.0,4.93,5.0,5.0,5.0,4.8,4.93,t,0.3534246575342465,53
33031,within an hour,100,93,f,t,t,Murray Hill,Entire townhouse,Entire home/apt,10,3.5,3.5 baths,5.0,5.0,1286.0,3,365,4.0,5.0,5.0,5.0,5.0,5.0,5.0,t,0.3863013698630137,38
33034,within an hour,100,95,f,t,f,Douglaston,Private room in home,Private room,2,1.5,1.5 baths,2.0,2.0,169.0,1,28,1.0,5.0,5.0,5.0,5.0,5.0,5.0,f,0.2958904109589041,50
33041,within an hour,96,97,f,t,t,Upper West Side,Shared room in hostel,Shared room,2,1.0,1 shared bath,1.0,2.0,80.0,1,1125,1.0,4.28,4.31,4.72,4.62,4.66,4.24,f,0.347945205479452,15
33042,within an hour,96,97,f,t,t,Upper West Side,Shared room in hostel,Shared room,6,1.0,1 shared bath,1.0,6.0,80.0,1,1125,1.0,4.19,4.37,4.74,4.67,4.67,4.15,f,0.1643835616438356,13
33043,within an hour,96,97,f,t,t,Upper West Side,Shared room in hostel,Shared room,6,1.0,1 shared bath,1.0,6.0,80.0,1,1125,1.0,4.69,4.56,4.69,4.74,4.79,4.54,f,0.1534246575342465,9
33045,within an hour,100,93,f,t,t,Harlem,Entire serviced apartment,Entire home/apt,11,2.0,2 baths,4.0,5.0,479.0,4,28,4.0,4.63,4.63,4.89,4.84,4.63,4.53,t,0.6356164383561644,49
33046,within an hour,96,97,f,t,t,Upper West Side,Shared room in hostel,Shared room,6,1.0,1 shared bath,1.0,6.0,80.0,1,1125,1.0,4.74,4.48,4.87,4.96,4.96,4.7,f,0.1643835616438356,9
33062,within an hour,98,100,f,t,t,Midtown,Private room in rental unit,Private room,4,1.0,1 private bath,1.0,2.0,116.0,1,365,1.0,4.17,4.33,4.75,4.25,4.92,4.08,t,0.4328767123287671,34
33072,within an hour,98,98,f,t,t,Lower East Side,Private room in condo,Private room,2,1.0,1 private bath,1.0,1.0,153.0,1,365,1.0,4.29,4.07,4.43,4.79,4.93,3.93,f,0.3452054794520548,42
33080,within an hour,100,97,t,t,f,Woodside,Private room in home,Private room,3,1.5,1.5 baths,1.0,2.0,111.0,1,5,1.0,5.0,4.96,5.0,5.0,4.81,4.93,f,0.4767123287671233,25
33081,within an hour,100,100,f,t,f,Graniteville,Entire rental unit,Entire home/apt,3,1.0,1 bath,0.0,2.0,115.0,2,365,2.0,4.71,4.65,4.76,5.0,4.59,4.65,t,0.1013698630136986,27
33089,within an hour,100,84,t,t,t,Woodhaven,Private room in home,Private room,2,1.0,1 private bath,1.0,1.0,110.0,1,7,1.0,4.98,4.94,4.98,4.94,4.74,4.85,f,0.5972602739726027,32
33096,within an hour,95,97,f,t,t,Upper East Side,Private room in condo,Private room,4,1.0,1 shared bath,1.0,1.0,159.0,1,28,1.0,4.78,4.56,4.94,4.91,5.0,4.69,f,0.5726027397260274,17
33098,within an hour,95,97,f,t,t,Lower East Side,Private room in rental unit,Private room,1,1.0,1 private bath,1.0,0.0,137.0,1,365,1.0,4.05,4.0,4.27,4.73,4.55,4.18,t,0.2904109589041095,31
33099,within an hour,100,98,t,t,f,East Flatbush,Private room in home,Private room,2,1.0,1 private bath,1.0,0.0,150.0,2,365,2.0,4.95,5.0,5.0,5.0,4.75,5.0,f,0.6602739726027397,41
33120,within an hour,97,87,f,t,t,Midtown,Room in hotel,Private room,2,1.0,1 bath,1.0,1.0,999.0,1,1125,4.0,4.2,4.6,4.3,4.2,4.5,4.1,t,0.0794520547945205,22
33121,within an hour,100,99,t,t,t,Harlem,Entire rental unit,Entire home/apt,3,1.0,1 bath,1.0,1.0,232.0,1,1125,1.0,4.98,4.79,4.92,5.0,4.98,4.89,t,0.1945205479452054,44
33126,within a day,90,75,f,t,t,Williamsburg,Private room in casa particular,Private room,2,3.0,3 shared baths,1.0,1.0,138.0,1,365,1.0,5.0,4.87,5.0,4.87,4.93,4.93,f,0.1123287671232876,56
33131,within an hour,100,100,f,t,t,East Flatbush,Private room in home,Private room,2,1.0,1 shared bath,1.0,2.0,179.0,3,365,3.0,4.9,4.8,4.8,5.0,4.4,4.4,f,0.2904109589041095,46
33139,within an hour,100,100,f,t,f,Hell's Kitchen,Private room in rental unit,Private room,2,1.0,1 private bath,1.0,2.0,225.0,2,365,2.0,4.88,4.69,4.94,4.94,4.88,4.88,f,0.336986301369863,42
33153,within an hour,100,100,f,t,t,Bedford-Stuyvesant,Private room in rental unit,Private room,3,1.5,1.5 shared baths,1.0,1.0,69.0,1,365,1.0,4.68,4.73,4.81,4.86,4.46,4.49,t,0.4246575342465753,50
33156,within an hour,100,100,t,t,t,Lower East Side,Entire serviced apartment,Entire home/apt,6,1.0,1 bath,3.0,3.0,694.0,3,365,3.0,4.76,4.8,5.0,5.0,4.92,4.68,t,0.0931506849315068,40
33160,within an hour,100,97,f,t,t,Brighton Beach,Private room in home,Private room,1,1.0,1 bath,1.0,1.0,83.0,1,365,1.0,4.78,4.65,4.85,4.89,4.84,4.8,f,0.2986301369863013,6
33166,within an hour,100,99,f,t,t,Crown Heights,Entire rental unit,Entire home/apt,8,3.0,3 baths,4.0,5.0,344.0,3,27,3.0,4.4,4.5,4.2,4.4,3.7,4.2,t,0.0767123287671232,32
33185,within an hour,100,97,f,t,t,Sheepshead Bay,Private room in home,Private room,1,1.0,1 bath,1.0,1.0,79.0,1,365,1.0,4.63,4.61,4.88,4.9,4.78,4.66,f,0.2794520547945205,6
33186,within an hour,100,100,f,t,t,Hell's Kitchen,Entire rental unit,Entire home/apt,4,1.0,1 bath,0.0,2.0,322.0,1,365,1.0,4.0,5.0,3.0,5.0,5.0,4.0,t,0.3315068493150685,19
33192,within an hour,96,93,f,t,t,East Village,Private room in rental unit,Private room,2,1.0,1 private bath,1.0,1.0,180.0,5,365,5.0,4.83,4.83,4.67,5.0,5.0,4.33,f,0.0356164383561643,35
33201,within an hour,99,100,f,t,t,Midtown,Entire rental unit,Entire home/apt,2,1.0,1 bath,1.0,1.0,264.0,1,365,1.0,4.64,4.76,4.79,4.71,4.91,4.55,t,0.5150684931506849,23
33204,within an hour,99,100,f,t,t,Midtown,Entire rental unit,Entire home/apt,2,1.0,1 bath,1.0,1.0,377.0,1,365,1.0,4.67,4.67,5.0,5.0,4.67,4.33,t,0.4767123287671233,23
33209,within an hour,100,100,t,t,t,Hell's Kitchen,Private room in rental unit,Private room,2,1.0,1 shared bath,1.0,1.0,138.0,2,1125,2.0,4.88,4.9,4.96,4.98,4.88,4.82,t,0.4794520547945205,42
33216,within an hour,100,100,t,t,t,Bushwick,Entire home,Entire home/apt,10,3.0,3 baths,4.0,4.0,321.0,1,365,3.0,4.96,5.0,5.0,5.0,4.96,5.0,f,0.1424657534246575,39
33253,within an hour,97,87,f,t,t,Upper West Side,Room in hotel,Hotel room,12,3.0,3 baths,3.0,6.0,1185.0,1,1125,1.0,3.5,3.0,4.0,4.5,4.5,4.0,t,0.0438356164383561,19
33265,within an hour,100,100,f,t,t,Hell's Kitchen,Entire rental unit,Entire home/apt,4,1.0,1 bath,0.0,2.0,372.0,1,365,2.0,4.9,4.9,4.8,4.8,4.9,4.2,t,0.2520547945205479,19
33266,within an hour,100,100,f,t,t,Hell's Kitchen,Entire rental unit,Entire home/apt,2,1.0,1 bath,0.0,0.0,322.0,1,365,4.0,4.75,4.92,4.83,4.75,4.92,4.58,t,0.2520547945205479,19
33267,within an hour,100,100,t,t,t,Crown Heights,Entire home,Entire home/apt,16,7.0,7 baths,16.0,19.0,1889.0,1,365,3.0,5.0,5.0,5.0,5.0,5.0,3.0,f,0.0,45
33269,within an hour,100,100,f,t,t,Theater District,Entire rental unit,Entire home/apt,2,1.0,1 bath,0.0,1.0,309.0,1,365,3.0,4.82,4.47,4.76,4.76,5.0,4.41,t,0.1589041095890411,22
33270,within an hour,100,100,f,t,t,Hell's Kitchen,Entire rental unit,Entire home/apt,4,1.0,1 bath,0.0,2.0,342.0,1,365,3.0,4.65,4.8,4.83,4.67,4.86,4.44,t,0.1589041095890411,22
33275,within an hour,100,100,t,t,t,Crown Heights,Entire home,Entire home/apt,4,1.0,1 bath,2.0,2.0,301.0,1,365,3.0,5.0,5.0,4.95,5.0,4.89,4.95,t,0.5643835616438356,40
33303,within an hour,95,97,f,t,t,Chinatown,Entire rental unit,Entire home/apt,4,1.0,1 bath,2.0,0.0,241.0,1,365,1.0,4.45,4.18,4.91,4.91,4.55,4.27,f,0.3890410958904109,25
33309,within an hour,100,97,t,t,f,Woodside,Private room in home,Private room,4,1.5,1.5 shared baths,1.0,2.0,123.0,1,5,1.0,4.97,5.0,5.0,5.0,4.87,4.93,f,0.4602739726027397,43
33315,within an hour,100,92,f,t,t,Astoria,Private room in rental unit,Private room,2,1.0,1 shared bath,1.0,1.0,72.0,2,1125,30.0,4.71,4.71,4.82,4.88,4.47,4.47,f,0.0164383561643835,20
33316,within an hour,100,92,f,t,t,Astoria,Private room in rental unit,Private room,2,2.0,2 shared baths,1.0,1.0,72.0,3,1125,30.0,4.88,4.94,4.94,4.94,4.56,4.75,f,0.0328767123287671,21
33363,within an hour,100,100,f,t,t,Middle Village,Entire rental unit,Entire home/apt,4,1.0,1 bath,2.0,2.0,235.0,1,21,3.0,5.0,4.9,5.0,4.9,5.0,4.9,t,0.6136986301369863,34
33365,within an hour,100,100,t,t,t,Bushwick,Entire loft,Entire home/apt,5,1.0,1 bath,2.0,4.0,413.0,1,365,5.0,4.91,4.96,5.0,5.0,4.91,4.83,f,0.0986301369863013,55
33368,within an hour,100,100,t,t,t,Bushwick,Entire loft,Entire home/apt,8,2.0,2 baths,3.0,7.0,448.0,1,365,5.0,4.94,4.92,4.96,5.0,4.76,4.8,f,0.1397260273972602,56
33396,within a few hours,93,73,t,t,f,Morningside Heights,Private room in rental unit,Private room,2,1.0,1 bath,1.0,1.0,160.0,6,365,6.0,4.86,4.81,4.95,4.86,4.9,4.76,f,0.3698630136986301,31
33397,within an hour,94,100,f,f,t,Sunset Park,Private room in rental unit,Private room,1,1.0,1 shared bath,1.0,1.0,96.0,1,365,2.0,3.71,4.14,4.43,3.86,4.14,4.29,t,0.336986301369863,32
33410,within a few hours,80,65,t,t,t,Chelsea,Entire rental unit,Entire home/apt,4,1.0,1 bath,2.0,2.0,208.0,56,365,56.0,5.0,5.0,5.0,5.0,5.0,5.0,f,0.5589041095890411,16
33411,within an hour,100,78,f,t,t,Gramercy,Entire rental unit,Entire home/apt,4,1.0,1 bath,2.0,3.0,225.0,3,1125,10.0,4.14,4.0,4.86,4.71,4.86,4.0,f,0.1095890410958904,19
33429,within an hour,100,97,f,t,t,Astoria,Private room in rental unit,Private room,2,1.0,1 shared bath,1.0,1.0,72.0,3,1125,30.0,4.72,4.94,4.89,4.94,4.61,4.72,f,0.0602739726027397,20
33438,within an hour,100,92,t,t,t,Williamsburg,Entire rental unit,Entire home/apt,2,1.0,1 bath,1.0,1.0,365.0,2,29,2.0,4.96,4.92,4.92,5.0,5.0,4.84,f,0.4054794520547945,54
33458,within an hour,100,100,t,t,t,Harlem,Entire rental unit,Entire home/apt,9,2.0,2 baths,4.0,6.0,482.0,2,29,2.0,4.77,4.59,4.95,4.77,4.68,4.73,t,0.3616438356164383,29
33459,within an hour,100,98,f,t,t,Hell's Kitchen,Private room in rental unit,Private room,2,1.0,1 bath,1.0,1.0,186.0,1,365,3.0,4.75,5.0,5.0,5.0,5.0,5.0,t,0.0547945205479452,36
33460,within an hour,100,98,f,t,t,Hell's Kitchen,Private room in rental unit,Private room,2,1.0,1 bath,1.0,1.0,184.0,1,365,5.0,4.4,5.0,4.2,4.1,5.0,4.5,t,0.3424657534246575,35
33461,within an hour,100,98,f,t,t,Hell's Kitchen,Private room in rental unit,Private room,2,1.0,1 bath,1.0,1.0,185.0,1,365,5.0,4.72,4.94,4.72,4.61,4.83,4.72,t,0.1068493150684931,35
33466,within an hour,100,94,t,t,t,Flushing,Private room in home,Private room,5,1.5,1.5 baths,2.0,2.0,349.0,1,365,1.0,4.7,4.8,4.9,4.8,4.7,4.4,f,0.2876712328767123,58
33470,within an hour,100,100,f,t,t,Midtown,Entire rental unit,Entire home/apt,2,1.0,1 bath,1.0,1.0,485.0,1,365,3.0,4.76,4.84,4.95,4.84,4.93,4.62,t,0.2027397260273972,18
33475,within an hour,92,99,f,t,t,Harlem,Private room in guesthouse,Private room,1,2.0,2 baths,1.0,1.0,86.0,30,30,30.0,4.59,4.52,4.9,4.9,4.59,4.69,t,0.3287671232876712,11
33489,within an hour,99,100,f,t,t,Financial District,Entire rental unit,Entire home/apt,2,1.0,1 bath,1.0,1.0,290.0,1,365,1.0,4.81,4.83,4.78,4.79,4.72,4.61,t,0.4931506849315068,17
33491,within an hour,92,99,f,t,t,Harlem,Private room in guesthouse,Private room,2,2.0,2 baths,1.0,1.0,105.0,30,30,30.0,4.36,4.4,4.56,4.32,4.04,4.16,t,0.3890410958904109,10
33494,within an hour,92,99,f,t,t,Harlem,Private room in guesthouse,Private room,1,1.0,1 bath,1.0,1.0,96.0,30,30,30.0,4.65,4.74,4.74,4.71,4.56,4.59,t,0.3287671232876712,10
33495,within an hour,92,99,f,t,t,Harlem,Private room in guesthouse,Private room,1,2.0,2 baths,1.0,1.0,86.0,30,30,30.0,4.29,4.65,4.81,4.68,4.58,4.48,t,0.3753424657534246,11
33508,within an hour,100,100,t,t,f,Williamsburg,Private room in rental unit,Private room,2,1.0,1 private bath,2.0,2.0,196.0,30,1125,3.0,4.84,5.0,5.0,4.97,4.81,4.75,t,0.2328767123287671,42
33514,within an hour,100,89,t,t,t,Woodhaven,Private room in home,Private room,2,1.0,1 private bath,0.0,1.0,112.0,1,7,1.0,4.93,4.98,4.93,4.95,4.77,4.89,f,0.0438356164383561,35
33521,within an hour,100,99,f,t,t,Astoria,Entire home,Entire home/apt,4,1.0,1 bath,1.0,2.0,158.0,1,365,1.0,4.83,4.93,4.9,4.93,4.98,4.85,t,0.1424657534246575,33
33526,within an hour,100,99,t,t,t,Forest Hills,Entire townhouse,Entire home/apt,3,1.0,1 bath,1.0,1.0,169.0,3,365,4.0,4.97,4.93,4.97,4.97,4.9,4.87,f,0.6438356164383562,34
33538,within an hour,100,100,t,t,t,Hell's Kitchen,Entire rental unit,Entire home/apt,5,1.0,1 bath,2.0,2.0,628.0,2,365,2.0,4.76,4.94,4.76,4.82,4.76,4.18,t,0.3890410958904109,31
33543,within a few hours,100,91,f,t,t,Chinatown,Entire rental unit,Entire home/apt,4,1.0,1 bath,2.0,1.0,270.0,3,365,3.0,4.67,4.83,5.0,5.0,4.5,4.17,f,0.1917808219178082,9
33557,within an hour,100,100,f,f,t,Bayswater,Private room in home,Private room,2,1.0,1 private bath,1.0,1.0,95.0,2,29,2.0,4.25,4.25,4.88,4.63,4.13,4.38,t,0.0054794520547945,37
33558,within an hour,98,100,f,t,t,Midtown,Private room in rental unit,Private room,3,1.0,1 bath,1.0,2.0,73.0,1,365,1.0,4.4,4.4,5.0,4.6,4.6,4.6,t,0.4328767123287671,36
33566,within an hour,98,99,f,t,t,Crown Heights,Entire rental unit,Entire home/apt,8,1.0,1 bath,3.0,3.0,292.0,3,365,3.0,4.58,4.83,4.75,4.58,3.92,4.25,t,0.4356164383561643,43
33571,within an hour,100,100,f,t,t,Hell's Kitchen,Private room in rental unit,Private room,2,1.0,1 bath,1.0,1.0,184.0,1,365,5.0,4.78,4.78,4.91,4.83,5.0,4.74,t,0.3424657534246575,16
33573,within an hour,100,100,f,t,t,Hell's Kitchen,Private room in rental unit,Private room,2,1.0,1 shared bath,1.0,1.0,237.0,1,365,1.0,4.2,4.2,4.8,4.6,4.6,4.0,t,0.6958904109589041,61
33577,within an hour,100,100,t,t,t,South Ozone Park,Shared room in rental unit,Shared room,2,1.0,1 shared bath,1.0,0.0,92.0,1,29,2.0,4.92,4.83,5.0,5.0,4.67,4.92,f,0.2684931506849315,16
33588,within a few hours,93,73,t,t,f,Morningside Heights,Private room in rental unit,Private room,2,1.0,1 bath,1.0,1.0,180.0,4,365,4.0,4.63,4.26,4.79,4.95,4.89,4.58,f,0.3616438356164383,33
33592,within an hour,95,97,f,t,t,Murray Hill,Room in hotel,Hotel room,2,1.0,1 bath,1.0,1.0,799.0,1,1125,1.0,5.0,5.0,4.0,5.0,5.0,5.0,t,0.0383561643835616,19
33602,within an hour,100,100,t,t,t,Crown Heights,Entire home,Entire home/apt,10,2.0,2 baths,5.0,6.0,501.0,1,365,3.0,4.95,4.91,4.91,5.0,4.59,4.82,t,0.0821917808219178,44
33606,within an hour,100,100,t,t,t,Hell's Kitchen,Private room in rental unit,Private room,2,1.0,1 bath,1.0,0.0,210.0,2,90,2.0,5.0,4.8,4.8,5.0,4.8,4.8,f,0.2136986301369863,30
33621,within a few hours,100,82,f,t,t,Bedford-Stuyvesant,Private room in rental unit,Private room,4,1.0,1 private bath,2.0,1.0,257.0,1,120,1.0,4.58,4.53,5.0,4.89,4.47,4.58,f,0.5808219178082191,14
33630,within an hour,92,99,f,t,t,Harlem,Private room in guesthouse,Private room,2,2.0,2 shared baths,1.0,1.0,105.0,30,30,30.0,4.5,4.66,4.63,4.47,4.5,4.56,t,0.6520547945205479,12
33635,within an hour,100,100,t,t,t,Crown Heights,Entire home,Entire home/apt,8,2.0,2 baths,4.0,5.0,461.0,1,365,3.0,4.96,4.95,4.95,5.0,4.59,4.77,t,0.5726027397260274,43
33642,within an hour,99,100,f,t,t,Theater District,Entire rental unit,Entire home/apt,2,1.0,1 bath,1.0,1.0,255.0,1,365,1.0,4.74,4.74,4.68,4.77,4.91,4.58,t,0.4438356164383562,21
33643,within an hour,99,100,f,t,t,Theater District,Entire rental unit,Entire home/apt,2,1.0,1 bath,1.0,1.0,305.0,1,365,1.0,5.0,4.75,5.0,5.0,5.0,4.5,t,0.4821917808219178,21
33648,within a few hours,60,100,t,t,t,Murray Hill,Entire rental unit,Entire home/apt,2,1.0,1 bath,1.0,1.0,283.0,2,365,3.0,4.69,4.69,4.54,4.96,4.88,4.58,f,0.3123287671232876,45
33650,within an hour,100,100,f,t,t,Crown Heights,Private room in condo,Private room,2,1.0,1 shared bath,2.0,2.0,200.0,2,30,2.0,5.0,5.0,5.0,3.0,5.0,5.0,f,0.2794520547945205,32
33660,within an hour,100,100,t,t,t,Midtown,Entire rental unit,Entire home/apt,2,1.0,1 bath,1.0,1.0,257.0,1,365,1.0,4.72,4.72,4.96,4.83,4.81,4.57,t,0.3397260273972602,18
33661,within an hour,100,100,t,t,t,Midtown,Entire rental unit,Entire home/apt,4,1.0,1 bath,1.0,2.0,277.0,1,365,1.0,4.83,4.94,4.9,4.8,4.85,4.73,t,0.4520547945205479,18
33662,within an hour,99,99,f,t,t,Theater District,Entire rental unit,Entire home/apt,4,1.0,1 bath,1.0,2.0,242.0,1,21,1.0,1.0,1.0,1.0,1.0,1.0,1.0,t,0.2575342465753424,20
33664,within an hour,98,100,t,t,t,Theater District,Entire rental unit,Entire home/apt,2,1.0,1 bath,1.0,1.0,352.0,1,365,1.0,4.82,4.96,4.88,4.92,4.91,4.71,t,0.1917808219178082,22
33668,within an hour,100,100,t,t,t,Williamsbridge,Private room in home,Private room,2,1.0,1 bath,1.0,1.0,130.0,3,1125,3.0,5.0,4.95,4.86,4.95,4.82,5.0,t,0.3945205479452054,48
33676,within an hour,100,100,t,t,t,Harlem,Entire rental unit,Entire home/apt,5,1.0,1 bath,1.0,2.0,186.0,1,30,10.0,4.81,4.7,4.89,4.85,4.81,4.67,t,0.6547945205479452,33
33682,within an hour,92,99,f,t,t,Harlem,Private room in guesthouse,Private room,1,1.0,1 bath,1.0,1.0,84.0,30,30,30.0,4.7,4.9,4.87,4.8,4.7,4.73,t,0.6219178082191781,8
33692,within an hour,100,99,f,t,t,Jamaica,Private room in home,Private room,2,1.0,1 bath,1.0,0.0,80.0,2,29,2.0,4.59,4.36,4.82,4.77,4.27,4.55,f,0.473972602739726,13
33693,within an hour,100,100,t,t,t,Bedford-Stuyvesant,Entire rental unit,Entire home/apt,8,1.0,1 bath,4.0,6.0,566.0,5,365,6.0,4.84,4.69,4.94,4.94,4.66,4.78,t,0.3643835616438356,52
33695,within an hour,100,100,f,f,t,Jamaica Hills,Entire rental unit,Entire home/apt,9,2.0,2 baths,4.0,5.0,525.0,2,31,2.0,5.0,4.83,4.83,4.83,5.0,5.0,f,0.1095890410958904,68
33702,within a day,100,80,f,t,t,Grant City,Private room in rental unit,Private room,2,1.0,1 private bath,1.0,1.0,127.0,2,1125,2.0,5.0,5.0,5.0,5.0,5.0,4.5,f,0.3808219178082191,48
33708,within an hour,100,100,f,t,t,Theater District,Entire rental unit,Entire home/apt,2,1.0,1 bath,1.0,1.0,241.0,1,365,1.0,3.83,3.83,4.0,3.83,4.33,3.83,t,0.2712328767123287,22
33710,within an hour,100,100,f,t,t,Theater District,Entire rental unit,Entire home/apt,2,1.0,1 bath,1.0,1.0,271.0,1,365,1.0,4.0,5.0,5.0,4.5,5.0,4.5,t,0.2712328767123287,22
33732,within an hour,100,100,t,t,t,Upper West Side,Entire rental unit,Entire home/apt,2,1.0,1 bath,1.0,1.0,325.0,1,365,1.0,4.75,4.78,4.81,4.86,4.89,4.47,t,0.4712328767123288,20
33733,within an hour,100,100,t,t,t,Upper West Side,Entire rental unit,Entire home/apt,4,1.0,1 bath,1.0,2.0,396.0,1,365,1.0,4.97,4.87,4.9,4.94,5.0,4.81,t,0.5068493150684932,20
33735,within an hour,100,100,t,t,t,Upper West Side,Entire rental unit,Entire home/apt,2,1.0,1 bath,1.0,1.0,339.0,1,365,1.0,4.79,4.79,4.57,4.93,5.0,4.43,t,0.4986301369863014,20
33736,within an hour,100,100,t,t,t,Upper West Side,Entire rental unit,Entire home/apt,4,1.0,1 bath,1.0,2.0,481.0,1,365,1.0,5.0,5.0,4.75,5.0,5.0,5.0,t,0.4575342465753425,20
33741,within an hour,100,99,t,t,t,Theater District,Entire rental unit,Entire home/apt,2,1.0,1 bath,0.0,1.0,423.0,1,365,3.0,4.84,4.88,4.87,4.86,4.86,4.66,t,0.2164383561643835,22
33742,within an hour,100,99,t,t,t,Theater District,Entire rental unit,Entire home/apt,2,1.0,1 bath,0.0,1.0,463.0,1,365,3.0,5.0,5.0,4.96,4.96,4.96,4.81,t,0.1342465753424657,22
33743,within an hour,100,99,t,t,t,Theater District,Entire rental unit,Entire home/apt,2,1.0,1 bath,0.0,0.0,519.0,1,365,3.0,5.0,5.0,5.0,5.0,5.0,5.0,t,0.1123287671232876,22
33744,within an hour,100,99,t,t,t,Theater District,Entire rental unit,Entire home/apt,4,1.0,1 bath,0.0,0.0,503.0,1,365,3.0,4.82,4.88,4.82,4.91,4.85,4.76,t,0.2136986301369863,22
33745,within an hour,100,99,t,t,t,Theater District,Entire rental unit,Entire home/apt,4,1.0,1 bath,0.0,2.0,511.0,1,365,3.0,4.75,4.75,4.75,4.75,4.75,4.69,t,0.1780821917808219,22
33746,within an hour,100,99,t,t,t,Theater District,Entire rental unit,Entire home/apt,4,1.0,1 bath,0.0,2.0,535.0,1,365,3.0,5.0,5.0,5.0,5.0,5.0,4.67,t,0.1397260273972602,22
33747,within an hour,100,100,t,t,t,Upper West Side,Entire rental unit,Entire home/apt,2,1.0,1 bath,1.0,1.0,359.0,1,365,1.0,4.73,4.8,4.78,4.85,4.93,4.54,t,0.4273972602739726,20
33752,within an hour,100,99,f,t,t,Theater District,Entire rental unit,Entire home/apt,2,1.0,1 bath,1.0,1.0,295.0,1,365,1.0,4.71,4.82,4.77,4.8,4.93,4.58,t,0.3506849315068493,23
33753,within an hour,100,99,f,t,t,Theater District,Entire rental unit,Entire home/apt,4,1.0,1 bath,1.0,2.0,302.0,1,365,1.0,4.7,4.78,4.74,4.74,4.92,4.54,t,0.3589041095890411,24
33754,within an hour,100,91,f,t,t,Theater District,Entire rental unit,Entire home/apt,2,1.0,1 bath,1.0,1.0,370.0,1,365,3.0,5.0,5.0,5.0,5.0,5.0,5.0,t,0.2602739726027397,20
33781,within an hour,98,100,f,t,t,Midtown,Private room in rental unit,Private room,4,2.0,2 shared baths,1.0,2.0,67.0,1,365,1.0,3.0,3.75,3.25,3.0,4.75,3.25,t,0.3835616438356164,27
33782,within an hour,98,100,f,t,t,Midtown,Private room in rental unit,Private room,2,1.0,1 bath,1.0,1.0,60.0,1,365,1.0,4.18,4.36,4.64,4.18,4.82,4.0,t,0.5232876712328767,27
33794,within an hour,100,99,t,t,t,Midtown,Entire rental unit,Entire home/apt,2,1.0,1 bath,1.0,1.0,340.0,1,365,3.0,4.79,4.87,4.82,4.84,4.91,4.56,t,0.0191780821917808,23
33798,within an hour,100,99,t,t,t,Midtown,Entire rental unit,Entire home/apt,2,1.0,1 bath,1.0,1.0,425.0,1,365,3.0,4.33,4.67,4.67,4.67,5.0,4.0,t,0.0273972602739726,25
33799,within an hour,100,78,f,t,t,Hell's Kitchen,Entire rental unit,Entire home/apt,7,1.0,1 bath,3.0,4.0,311.0,3,1125,30.0,3.5,3.25,3.0,3.75,3.75,3.25,f,0.073972602739726,22
33802,within an hour,100,91,f,t,t,Long Island City,Room in hotel,Private room,2,1.0,1 shared bath,1.0,1.0,245.0,1,365,1.0,4.08,4.42,4.42,4.17,4.25,3.58,t,0.6914600550964187,17
33822,within an hour,100,100,f,t,t,Jamaica,Entire home,Entire home/apt,2,1.0,1 bath,1.0,1.0,128.0,1,29,1.0,4.63,4.8,4.93,4.7,4.57,4.73,t,0.5150684931506849,42
33830,within an hour,100,100,t,t,t,Upper East Side,Entire rental unit,Entire home/apt,2,1.0,1 bath,0.0,1.0,210.0,3,365,5.0,4.65,4.8,4.9,4.75,4.9,4.5,t,0.6821917808219178,32
33851,within an hour,100,100,t,t,t,Bedford-Stuyvesant,Private room in rental unit,Private room,2,1.0,1 private bath,1.0,2.0,261.0,3,365,3.0,4.91,4.86,5.0,4.95,4.77,4.73,f,0.6219178082191781,51
33855,within a few hours,100,100,t,t,t,East Village,Entire rental unit,Entire home/apt,7,2.0,2 baths,3.0,0.0,485.0,2,365,3.0,4.85,4.95,4.7,4.75,4.9,4.7,f,0.3397260273972602,40
33859,within an hour,100,99,f,t,t,Financial District,Entire rental unit,Entire home/apt,2,1.0,1 bath,1.0,1.0,400.0,1,365,1.0,4.0,4.0,4.56,4.44,4.89,3.89,t,0.6958904109589041,22
33866,within an hour,100,99,f,t,t,Financial District,Entire rental unit,Entire home/apt,2,1.0,1 bath,1.0,1.0,396.0,1,365,1.0,3.56,3.89,3.89,3.67,4.22,3.22,t,0.6986301369863014,21
33870,within an hour,100,100,t,t,t,Astoria,Private room in rental unit,Private room,2,1.0,1 shared bath,1.0,0.0,105.0,2,31,2.0,5.0,5.0,5.0,5.0,4.92,5.0,f,0.2383561643835616,47
33874,within an hour,100,94,t,t,t,College Point,Private room in rental unit,Private room,6,1.5,1.5 baths,2.0,2.0,225.0,2,365,2.0,4.93,4.71,4.93,4.79,4.57,4.5,f,0.547945205479452,33
33877,within an hour,99,99,f,t,t,Theater District,Entire rental unit,Entire home/apt,4,1.0,1 bath,1.0,2.0,242.0,1,21,1.0,4.0,4.25,4.25,4.5,4.75,4.0,t,0.5506849315068493,20
33882,within an hour,100,99,f,t,t,Midtown,Room in hotel,Private room,2,1.0,1 private bath,1.0,1.0,310.0,1,365,1.0,4.21,4.5,4.5,4.57,4.64,3.86,t,0.6831955922865014,24
33894,within an hour,98,100,f,t,t,Midtown,Private room in rental unit,Private room,4,1.0,1 bath,1.0,2.0,79.0,1,365,1.0,3.83,3.67,4.5,4.17,5.0,4.17,t,0.3726027397260274,20
33900,within an hour,100,83,t,t,t,Windsor Terrace,Entire home,Entire home/apt,6,1.5,1.5 baths,2.0,4.0,300.0,1,365,5.0,4.95,4.95,4.98,4.98,5.0,4.69,f,0.6684931506849315,35
33916,within an hour,100,100,f,t,t,Financial District,Entire rental unit,Entire home/apt,4,1.0,1 bath,1.0,2.0,261.0,1,365,1.0,4.6,4.48,4.78,4.77,4.82,4.45,t,0.0958904109589041,18
33917,within an hour,100,100,f,t,t,Roosevelt Island,Entire rental unit,Entire home/apt,2,1.0,1 bath,1.0,1.0,337.0,1,365,1.0,4.43,4.96,4.48,4.26,4.91,4.09,t,0.4410958904109589,23
33918,within an hour,100,100,f,t,t,Roosevelt Island,Entire rental unit,Entire home/apt,4,1.0,1 bath,1.0,2.0,370.0,1,365,1.0,4.71,4.71,4.79,4.86,4.86,4.5,t,0.4849315068493151,23
33919,within an hour,100,100,f,t,t,Roosevelt Island,Entire rental unit,Entire home/apt,4,1.0,1 bath,1.0,2.0,388.0,1,365,1.0,5.0,4.67,5.0,5.0,5.0,5.0,t,0.4410958904109589,23
33922,within an hour,100,98,t,t,t,Hell's Kitchen,Entire rental unit,Entire home/apt,2,1.0,1 bath,0.0,1.0,425.0,2,365,2.0,5.0,5.0,4.75,5.0,4.75,4.75,f,0.6273972602739726,56
33923,within an hour,100,89,t,t,t,Woodhaven,Private room in home,Private room,2,1.0,1 private bath,1.0,1.0,112.0,1,7,1.0,4.97,5.0,4.97,5.0,4.74,4.97,f,0.0986301369863013,38
33928,within an hour,100,98,t,t,t,Hell's Kitchen,Entire condo,Entire home/apt,3,0.0,0 baths,0.0,0.0,550.0,2,365,2.0,5.0,4.75,4.75,5.0,5.0,5.0,f,0.1260273972602739,51
33935,within an hour,100,97,t,t,t,Theater District,Entire rental unit,Entire home/apt,4,2.0,2 baths,2.0,2.0,954.0,3,365,3.0,5.0,5.0,4.96,5.0,5.0,5.0,f,0.4027397260273972,34
33948,within an hour,100,95,t,t,t,East Flatbush,Entire guest suite,Entire home/apt,3,1.0,1 bath,0.0,3.0,190.0,2,14,2.0,4.79,5.0,4.92,5.0,4.5,4.79,f,0.6301369863013698,34
33953,within an hour,100,100,f,t,t,East Village,Entire rental unit,Entire home/apt,6,1.0,1 bath,3.0,3.0,550.0,3,365,3.0,4.7,4.75,4.9,4.85,4.9,4.65,t,0.3890410958904109,39
33954,within an hour,100,97,f,t,t,SoHo,Entire rental unit,Entire home/apt,2,1.0,1 bath,1.0,1.0,525.0,1,365,1.0,4.5,4.83,4.83,4.5,5.0,4.5,t,0.4191780821917808,22
33955,within an hour,100,97,f,t,t,SoHo,Entire rental unit,Entire home/apt,2,1.0,1 bath,1.0,1.0,546.0,1,365,1.0,5.0,5.0,5.0,5.0,5.0,4.0,t,0.4301369863013699,22
33957,within an hour,100,97,f,t,t,SoHo,Entire rental unit,Entire home/apt,2,1.0,1 bath,1.0,1.0,492.0,1,365,1.0,5.0,5.0,4.0,4.0,5.0,4.0,t,0.4027397260273972,22
33978,within an hour,98,100,f,t,t,Midtown,Private room in rental unit,Private room,3,1.0,1 bath,1.0,2.0,73.0,1,365,1.0,4.33,4.67,5.0,4.33,5.0,4.33,t,0.4383561643835616,23
33979,within an hour,100,99,t,t,t,Midtown,Entire rental unit,Entire home/apt,2,1.0,1 bath,1.0,1.0,595.0,1,365,3.0,4.0,4.0,5.0,5.0,5.0,4.0,t,0.0246575342465753,25
33980,within an hour,100,99,t,t,t,Midtown,Entire rental unit,Entire home/apt,4,1.0,1 bath,1.0,2.0,680.0,1,365,3.0,5.0,5.0,5.0,5.0,4.5,5.0,t,0.0273972602739726,25
33982,within an hour,100,100,f,t,t,Bull's Head,Private room in home,Private room,1,1.0,1 bath,1.0,1.0,54.0,1,365,1.0,4.85,4.96,4.89,4.93,4.89,4.81,t,0.0821917808219178,13
33983,within an hour,100,100,f,t,t,Tribeca,Entire rental unit,Entire home/apt,3,1.0,1 bath,1.0,2.0,641.0,1,28,1.0,3.5,3.0,5.0,5.0,4.5,3.0,t,0.4465753424657534,20
33988,within an hour,100,100,f,t,t,Tribeca,Entire rental unit,Entire home/apt,2,1.0,1 bath,1.0,1.0,372.0,1,28,1.0,4.33,5.0,5.0,5.0,5.0,4.33,t,0.536986301369863,20
34002,within an hour,97,87,f,t,t,Midtown,Room in hotel,Hotel room,6,3.0,3 baths,3.0,3.0,134.0,1,1125,4.0,5.0,5.0,5.0,5.0,5.0,5.0,t,0.1013698630136986,22
34003,within an hour,97,87,f,t,t,Midtown,Room in hotel,Hotel room,8,4.0,4 baths,4.0,4.0,134.0,1,1125,4.0,5.0,5.0,5.0,5.0,5.0,5.0,t,0.1013698630136986,22
34028,within an hour,100,100,t,t,t,Prospect-Lefferts Gardens,Entire guest suite,Entire home/apt,2,1.0,1 bath,1.0,0.0,169.0,2,28,2.0,4.33,4.83,4.83,5.0,4.17,4.0,f,0.3534246575342465,35
34037,within an hour,100,98,t,t,t,East Flatbush,Entire rental unit,Entire home/apt,4,1.0,1 bath,2.0,2.0,181.0,3,365,3.0,5.0,4.93,5.0,5.0,4.74,4.93,f,0.1232876712328767,29
34054,within a day,73,70,f,t,t,Hell's Kitchen,Entire condo,Entire home/apt,4,1.0,1 bath,2.0,2.0,393.0,7,365,7.0,4.75,4.75,4.92,4.83,4.75,4.75,f,0.5643835616438356,11
34057,within an hour,100,100,t,t,t,Greenpoint,Private room in rental unit,Private room,2,1.0,1 private bath,1.0,1.0,223.0,2,24,2.0,5.0,5.0,4.98,4.95,4.95,4.88,f,0.3287671232876712,31
34071,a few days or more,33,100,f,t,t,Financial District,Entire rental unit,Entire home/apt,2,1.0,1 bath,0.0,0.0,282.0,1,365,99.0,4.92,4.92,5.0,4.92,4.92,4.92,t,0.4246575342465753,25
34074,within a few hours,100,100,t,t,t,St. Albans,Private room in home,Private room,2,1.0,1 shared bath,1.0,1.0,100.0,1,365,1.0,4.92,5.0,4.96,4.92,4.72,4.72,t,0.3232876712328767,33
34075,within an hour,100,100,t,t,t,Chinatown,Entire rental unit,Entire home/apt,5,2.0,2 baths,2.0,0.0,453.0,3,365,3.0,4.68,4.79,4.95,4.84,4.74,4.58,f,0.1780821917808219,33
34096,within an hour,95,100,t,t,t,Jamaica,Private room in rental unit,Private room,2,1.0,1 bath,1.0,2.0,164.0,1,25,5.0,4.83,4.97,4.69,4.79,4.38,4.62,t,0.0,45
34111,within an hour,100,100,f,t,t,Chelsea,Entire rental unit,Entire home/apt,7,1.0,1 bath,3.0,4.0,255.0,28,1125,30.0,5.0,5.0,5.0,5.0,5.0,5.0,t,0.0547945205479452,18
34114,within an hour,100,96,t,t,t,East New York,Private room in home,Private room,2,1.5,1.5 baths,3.0,1.0,110.0,3,28,3.0,4.93,5.0,4.93,5.0,4.67,4.8,f,0.021917808219178,8
34115,within an hour,99,100,f,t,t,Financial District,Entire rental unit,Entire home/apt,2,1.0,1 bath,1.0,1.0,260.0,1,365,1.0,4.65,4.86,4.7,4.7,4.83,4.45,t,0.4958904109589041,18
34122,within an hour,100,100,f,f,t,Long Island City,Entire home,Entire home/apt,4,1.0,1 bath,1.0,4.0,210.0,2,365,2.0,4.24,4.59,4.59,4.35,3.65,4.35,f,0.3424657534246575,38
34123,within an hour,100,95,f,t,t,Chelsea,Room in hotel,Private room,2,1.0,1 private bath,1.0,1.0,307.0,1,365,1.0,4.19,4.64,4.42,3.92,4.72,4.14,t,0.6859504132231405,14
34125,within an hour,98,100,f,t,t,Midtown,Private room in rental unit,Private room,3,1.0,1 bath,1.0,2.0,72.0,1,365,1.0,3.67,3.33,3.67,4.33,4.67,4.0,t,0.410958904109589,28
34138,within an hour,100,100,t,t,t,St. Albans,Private room in home,Private room,2,1.0,1 private bath,1.0,0.0,111.0,1,365,2.0,4.9,4.95,4.95,4.9,4.9,4.9,t,0.2767123287671232,24
34158,within an hour,100,100,f,t,f,Bushwick,Private room in rental unit,Private room,2,1.0,1 private bath,2.0,2.0,185.0,2,365,2.0,4.86,4.29,5.0,5.0,4.86,4.71,t,0.0657534246575342,22
34161,within an hour,100,100,f,t,t,Lower East Side,Entire rental unit,Entire home/apt,2,1.0,1 bath,1.0,1.0,349.0,1,365,1.0,2.75,4.5,3.75,2.75,4.5,2.5,t,0.4547945205479452,24
34162,within an hour,100,100,f,t,t,Little Italy,Entire rental unit,Entire home/apt,4,1.0,1 bath,1.0,2.0,374.0,1,365,1.0,3.0,5.0,5.0,4.0,3.0,3.0,t,0.5753424657534246,24
34164,within an hour,100,91,f,t,t,Theater District,Entire rental unit,Entire home/apt,2,1.0,1 bath,1.0,1.0,332.0,1,365,3.0,4.5,5.0,5.0,5.0,5.0,4.5,t,0.2,21
34165,within an hour,100,96,f,t,t,Harlem,Entire rental unit,Entire home/apt,7,2.0,2 baths,3.0,4.0,449.0,3,365,3.0,4.8,4.6,5.0,5.0,4.8,4.6,t,0.5616438356164384,26
34182,within an hour,100,100,f,t,t,Theater District,Entire rental unit,Entire home/apt,4,1.0,1 bath,1.0,2.0,302.0,1,365,1.0,4.71,4.63,5.0,4.71,5.0,4.42,t,0.284931506849315,22
34183,within an hour,100,100,f,t,t,Theater District,Entire rental unit,Entire home/apt,4,1.0,1 bath,1.0,2.0,302.0,1,365,1.0,4.47,4.39,4.71,4.71,4.9,4.35,t,0.2794520547945205,22
34190,within a few hours,100,100,t,t,t,East Morrisania,Private room in home,Private room,2,1.0,1 shared bath,1.0,0.0,102.0,2,1125,2.0,4.91,4.77,4.95,4.95,4.59,4.73,t,0.5753424657534246,54
34196,within an hour,98,100,t,t,t,Midtown,Entire rental unit,Entire home/apt,2,1.0,1 bath,1.0,1.0,352.0,1,365,1.0,5.0,5.0,5.0,5.0,5.0,5.0,t,0.5972602739726027,22
34197,within an hour,98,100,t,t,t,Theater District,Entire rental unit,Entire home/apt,2,1.0,1 bath,1.0,1.0,402.0,1,365,1.0,4.67,5.0,4.67,4.67,5.0,4.67,t,0.5972602739726027,22
34199,within an hour,100,99,f,t,t,Theater District,Entire rental unit,Entire home/apt,2,1.0,1 bath,1.0,1.0,303.0,1,365,1.0,4.47,4.69,4.63,4.56,4.75,4.16,t,0.4328767123287671,23
34200,within an hour,100,99,f,t,t,Theater District,Entire rental unit,Entire home/apt,4,1.0,1 bath,1.0,2.0,310.0,1,365,1.0,4.56,4.78,4.5,4.67,4.78,4.28,t,0.4328767123287671,24
34201,within an hour,100,92,t,t,t,Washington Heights,Private room in condo,Private room,1,1.0,1 shared bath,1.0,1.0,91.0,4,14,4.0,5.0,5.0,5.0,5.0,4.88,4.94,f,0.589041095890411,13
34205,within an hour,100,100,t,t,t,Williamsburg,Entire rental unit,Entire home/apt,2,1.0,1 bath,1.0,1.0,383.0,1,365,1.0,4.74,4.91,4.76,4.71,4.82,4.44,t,0.473972602739726,22
34208,within an hour,100,97,f,t,t,Astoria,Private room in rental unit,Private room,2,1.0,1 shared bath,1.0,2.0,81.0,3,1125,30.0,4.94,4.88,4.82,5.0,4.71,4.82,f,0.0136986301369863,20
34213,within an hour,100,86,f,t,t,Harlem,Entire rental unit,Entire home/apt,4,1.0,1 bath,2.0,2.0,265.0,5,28,5.0,4.78,4.78,5.0,5.0,4.33,4.67,f,0.3972602739726027,28
34247,within an hour,99,99,f,t,t,Theater District,Entire rental unit,Entire home/apt,2,1.0,1 bath,1.0,1.0,242.0,1,21,1.0,4.14,4.13,4.35,4.36,4.69,3.85,t,0.0328767123287671,20
34250,within an hour,100,100,t,t,t,East Village,Private room in rental unit,Private room,2,1.0,1 bath,1.0,1.0,112.0,1,365,1.0,4.82,4.5,4.89,4.92,4.84,4.74,f,0.6273972602739726,25
34256,within an hour,100,100,f,t,t,Roosevelt Island,Entire rental unit,Entire home/apt,2,1.0,1 bath,1.0,1.0,392.0,1,365,1.0,5.0,5.0,5.0,5.0,5.0,5.0,t,0.4438356164383562,23
34263,within an hour,100,97,t,t,t,Harlem,Entire loft,Entire home/apt,4,1.0,1 bath,1.0,3.0,374.0,1,21,5.0,5.0,5.0,5.0,5.0,5.0,5.0,f,0.1068493150684931,61
34264,within an hour,100,100,f,t,t,Crown Heights,Private room in rental unit,Private room,2,2.0,2 baths,1.0,2.0,157.0,3,365,3.0,4.83,4.83,4.67,4.83,4.67,4.67,f,0.3150684931506849,56
34265,within an hour,100,97,t,t,t,Harlem,Entire rental unit,Entire home/apt,7,1.0,1 bath,2.0,6.0,515.0,1,21,5.0,5.0,5.0,5.0,5.0,5.0,4.75,f,0.0821917808219178,57
34267,within an hour,100,97,t,t,t,Harlem,Entire condo,Entire home/apt,7,1.0,1 bath,3.0,6.0,544.0,1,21,5.0,5.0,5.0,5.0,5.0,5.0,4.89,f,0.3671232876712328,57
34269,within an hour,100,100,t,t,t,South Ozone Park,Private room in home,Private room,6,2.0,2 baths,3.0,0.0,269.0,2,365,2.0,4.76,4.92,4.92,4.8,4.88,4.84,f,0.0657534246575342,26
34270,within an hour,100,99,f,t,t,Theater District,Entire rental unit,Entire home/apt,6,2.0,2 baths,2.0,3.0,577.0,1,365,1.0,4.36,4.55,4.09,4.18,4.82,4.0,t,0.4794520547945205,23
34271,within an hour,100,100,f,t,t,Hell's Kitchen,Entire rental unit,Entire home/apt,6,1.0,1 bath,3.0,3.0,270.0,5,1125,30.0,5.0,5.0,5.0,5.0,5.0,5.0,f,0.0767123287671232,22
34316,within an hour,100,94,t,t,t,Williamsburg,Entire rental unit,Entire home/apt,4,1.0,1 bath,1.0,2.0,369.0,2,365,7.0,4.89,4.93,4.85,4.96,4.85,4.59,f,0.6657534246575343,46
34329,within an hour,100,98,t,t,t,Flushing,Private room in home,Private room,2,1.0,1 shared bath,1.0,1.0,148.0,2,6,2.0,4.67,4.33,4.89,4.89,4.72,4.56,t,0.0,15
34335,within an hour,98,100,f,t,t,Midtown,Private room in rental unit,Private room,4,1.0,1 bath,1.0,2.0,86.0,1,365,1.0,4.5,4.63,4.63,5.0,5.0,4.38,t,0.4876712328767123,29
34339,within an hour,98,100,f,t,t,Midtown,Private room in rental unit,Private room,4,1.0,1 bath,1.0,2.0,78.0,1,365,1.0,4.0,3.71,3.86,4.14,4.57,3.71,t,0.3753424657534246,30
34340,within a few hours,100,97,f,f,t,East Flatbush,Entire rental unit,Entire home/apt,8,2.0,2 baths,3.0,3.0,367.0,3,365,3.0,4.67,5.0,4.67,4.67,4.33,4.67,f,0.3178082191780822,40
34341,within an hour,98,100,f,t,t,Midtown,Private room in rental unit,Private room,4,1.0,1 bath,1.0,2.0,72.0,1,365,1.0,3.8,3.4,4.0,4.0,4.8,3.8,t,0.3753424657534246,30
34344,within an hour,99,99,f,t,t,Theater District,Entire rental unit,Entire home/apt,2,1.0,1 bath,1.0,1.0,242.0,1,21,1.0,3.87,4.06,4.2,4.23,4.51,3.69,t,0.0027397260273972,20
34354,within an hour,100,92,f,t,t,Bedford-Stuyvesant,Private room in rental unit,Private room,2,1.0,1 private bath,1.0,1.0,130.0,1,30,1.0,5.0,4.93,5.0,5.0,4.93,4.93,t,0.3643835616438356,49
34356,within a few hours,94,79,t,t,t,Upper East Side,Room in aparthotel,Private room,2,1.0,1 private bath,1.0,1.0,371.0,2,365,2.0,5.0,4.83,4.89,5.0,5.0,4.78,f,0.3972602739726027,10
34377,within a few hours,100,89,t,t,t,Queens Village,Private room in home,Private room,2,3.0,3 baths,1.0,1.0,75.0,1,365,1.0,4.73,4.73,4.87,5.0,4.73,4.73,f,0.2684931506849315,24
34380,within an hour,100,100,t,f,t,Springfield Gardens,Entire home,Entire home/apt,6,1.0,1 bath,3.0,3.0,236.0,3,365,3.0,4.94,4.94,5.0,4.94,4.88,4.94,f,0.073972602739726,31
34382,within an hour,100,99,t,t,t,East Elmhurst,Private room in home,Private room,2,1.0,1 private bath,1.0,1.0,130.0,2,365,2.0,5.0,4.98,4.93,5.0,4.8,4.93,f,0.3726027397260274,30
34385,within an hour,100,100,t,t,t,Harlem,Private room in townhouse,Private room,4,1.0,1 shared bath,1.0,2.0,138.0,1,30,10.0,4.86,4.79,4.93,4.75,4.93,4.71,t,0.5643835616438356,24
34387,within an hour,100,100,t,t,t,Harlem,Private room in home,Private room,2,1.0,1 bath,1.0,0.0,132.0,1,30,10.0,4.57,4.57,4.75,4.79,4.57,4.54,t,0.5123287671232877,21
34392,within an hour,100,98,t,t,t,Bedford-Stuyvesant,Private room in townhouse,Private room,2,1.0,1 private bath,1.0,2.0,210.0,2,90,2.0,4.93,5.0,5.0,5.0,4.77,4.83,f,0.6054794520547945,58
34399,within an hour,100,100,t,t,t,Harlem,Private room in home,Private room,2,1.0,1 shared bath,1.0,1.0,125.0,1,30,10.0,5.0,5.0,4.95,4.95,5.0,4.85,t,0.5068493150684932,28
34400,within an hour,100,98,t,t,t,Forest Hills,Private room in townhouse,Private room,1,1.5,1.5 shared baths,1.0,1.0,140.0,3,25,3.0,4.95,4.91,5.0,4.95,4.73,4.95,f,0.5561643835616439,25
34415,within an hour,100,93,f,t,t,Van Nest,Private room in rental unit,Private room,2,2.0,2 baths,1.0,1.0,98.0,2,365,2.0,4.89,4.89,4.89,4.89,4.78,4.67,f,0.3068493150684931,43
34423,within an hour,98,100,f,t,t,Midtown,Private room in rental unit,Private room,3,1.0,1 bath,1.0,2.0,78.0,1,365,1.0,4.29,4.35,4.12,4.71,4.88,4.29,t,0.4630136986301369,29
34424,within an hour,98,100,f,t,t,Midtown,Private room in rental unit,Private room,3,1.0,1 bath,1.0,2.0,82.0,1,365,1.0,3.63,4.0,3.25,3.75,4.5,3.38,t,0.4027397260273972,27
34439,within a few hours,100,100,f,t,t,Flatlands,Private room in home,Private room,2,1.0,1 private bath,1.0,1.0,100.0,30,30,30.0,5.0,5.0,5.0,5.0,5.0,5.0,t,0.2876712328767123,42
34441,within a day,55,58,f,t,t,Midtown,Private room in rental unit,Private room,2,1.0,1 bath,1.0,1.0,214.0,3,365,3.0,5.0,4.75,5.0,5.0,5.0,5.0,f,0.2931506849315068,10
34443,within an hour,100,100,t,t,t,Crown Heights,Entire home,Entire home/apt,10,2.0,2 baths,5.0,7.0,357.0,3,30,3.0,4.84,4.6,4.96,4.96,4.6,4.72,t,0.2493150684931507,41
34444,within an hour,100,100,t,t,t,Crown Heights,Entire home,Entire home/apt,6,1.0,1 bath,3.0,4.0,303.0,3,30,3.0,4.77,4.77,4.68,4.91,4.45,4.64,t,0.3726027397260274,43
34453,within an hour,100,47,f,t,t,Hell's Kitchen,Entire rental unit,Entire home/apt,5,1.0,1 bath,2.0,2.0,243.0,5,1125,30.0,4.6,4.2,4.2,5.0,5.0,4.2,f,0.1616438356164383,17
34460,within an hour,100,100,t,t,t,St. Albans,Entire home,Entire home/apt,10,2.0,2 baths,1.0,4.0,256.0,1,730,2.0,5.0,4.92,5.0,5.0,4.85,4.92,f,0.336986301369863,31
34461,within an hour,100,98,f,t,t,Hell's Kitchen,Entire rental unit,Entire home/apt,14,2.5,2.5 baths,6.0,6.0,1256.0,2,365,3.0,4.69,4.77,4.54,4.77,4.77,4.42,f,0.4246575342465753,44
34463,within an hour,100,98,f,t,t,Crown Heights,Entire rental unit,Entire home/apt,6,1.0,1 bath,3.0,4.0,269.0,3,27,3.0,4.08,4.08,4.23,4.54,3.85,3.85,t,0.2931506849315068,19
34464,within an hour,100,98,f,t,t,Crown Heights,Entire home,Entire home/apt,10,3.0,3 baths,5.0,9.0,382.0,3,27,3.0,4.78,4.56,4.83,4.94,4.5,4.61,t,0.2438356164383561,24
34467,within an hour,100,99,f,t,t,Bushwick,Private room in rental unit,Private room,2,1.5,1.5 baths,1.0,1.0,121.0,1,365,1.0,4.43,4.22,4.61,4.61,4.39,4.13,t,0.2904109589041095,48
34468,within an hour,100,99,f,t,t,Bedford-Stuyvesant,Private room in rental unit,Private room,2,1.5,1.5 baths,1.0,1.0,121.0,1,365,1.0,4.28,4.32,4.8,4.64,4.44,4.24,t,0.2904109589041095,44
34469,within an hour,100,62,f,t,t,Hell's Kitchen,Entire rental unit,Entire home/apt,4,1.0,1 bath,2.0,2.0,195.0,1,1125,30.0,4.5,4.5,4.75,4.75,5.0,4.25,f,0.073972602739726,18
34473,within an hour,100,36,t,t,t,East Harlem,Entire rental unit,Entire home/apt,8,2.0,2 baths,3.0,3.0,202.0,3,1125,10.0,4.4,4.8,4.8,4.8,4.4,4.8,f,0.1643835616438356,22
34480,within an hour,95,99,f,t,t,Bedford-Stuyvesant,Private room in rental unit,Private room,2,2.0,2 shared baths,1.0,1.0,120.0,5,365,5.0,4.62,4.69,4.92,4.69,4.77,4.54,f,0.2712328767123287,45
34482,within an hour,100,100,t,t,t,Cypress Hills,Entire rental unit,Entire home/apt,4,2.0,2 baths,2.0,2.0,464.0,3,365,3.0,5.0,4.95,4.95,5.0,4.68,4.95,f,0.0931506849315068,57
34489,within an hour,100,100,f,t,t,Belle Harbor,Entire rental unit,Entire home/apt,2,1.0,1 bath,1.0,4.0,250.0,2,1125,1.0,5.0,4.75,4.75,5.0,5.0,4.75,f,0.0246575342465753,45
34497,within an hour,100,87,f,t,t,Upper West Side,Entire rental unit,Entire home/apt,6,2.0,2 baths,3.0,3.0,503.0,3,365,4.0,4.89,4.95,4.84,5.0,4.84,4.74,f,0.4767123287671233,31
34499,within an hour,94,99,t,t,t,East Village,Entire rental unit,Entire home/apt,7,2.0,2 baths,4.0,4.0,527.0,2,365,4.0,4.71,4.35,4.41,4.76,4.65,4.76,t,0.3945205479452054,11
34510,within an hour,100,100,t,t,t,Midtown,Entire rental unit,Entire home/apt,2,1.0,1 bath,1.0,1.0,267.0,1,365,1.0,4.75,4.81,4.8,4.75,4.92,4.54,t,0.3013698630136986,18
34511,within an hour,100,100,t,t,t,Midtown,Entire rental unit,Entire home/apt,2,1.0,1 bath,1.0,1.0,259.0,1,365,1.0,5.0,5.0,5.0,5.0,5.0,4.88,t,0.347945205479452,18
34516,within an hour,100,100,f,t,t,Midtown,Entire rental unit,Entire home/apt,2,1.0,1 bath,1.0,1.0,485.0,1,365,3.0,5.0,5.0,5.0,5.0,5.0,5.0,t,0.3561643835616438,18
34524,within an hour,100,50,f,t,t,Upper West Side,Entire rental unit,Entire home/apt,4,1.0,1 bath,1.0,3.0,132.0,7,1125,30.0,3.71,3.43,4.14,4.43,4.43,3.57,f,0.1643835616438356,17
34531,within an hour,95,99,f,t,t,Bedford-Stuyvesant,Private room in rental unit,Private room,2,2.0,2 shared baths,1.0,1.0,117.0,5,365,5.0,4.82,4.82,4.91,4.91,4.73,4.64,f,0.273972602739726,44
34532,within an hour,95,99,f,t,t,Bedford-Stuyvesant,Private room in rental unit,Private room,2,2.0,2 shared baths,1.0,1.0,117.0,5,365,5.0,4.6,4.6,4.87,4.8,4.73,4.4,f,0.2684931506849315,45
34533,within an hour,100,100,t,t,t,Williamsburg,Private room in condo,Private room,2,1.0,1 shared bath,1.0,1.0,114.0,1,36,1.0,4.92,4.95,4.95,5.0,4.95,4.81,f,0.2712328767123287,54
34534,within an hour,95,99,f,t,t,Bedford-Stuyvesant,Private room in rental unit,Private room,2,2.0,2 shared baths,1.0,1.0,120.0,5,365,5.0,4.82,4.73,5.0,5.0,4.82,4.82,f,0.2931506849315068,45
34539,within an hour,94,96,f,t,f,Theater District,Room in hotel,Hotel room,2,1.0,1 bath,1.0,1.0,100.0,1,1125,3.0,4.0,4.0,5.0,5.0,5.0,2.0,t,0.1342465753424657,21
34540,within an hour,94,96,f,t,f,Theater District,Room in hotel,Hotel room,4,1.0,1 bath,1.0,2.0,100.0,1,1125,1.0,4.0,5.0,5.0,4.0,5.0,4.0,t,0.2164383561643835,21
34541,within an hour,94,96,f,t,f,Theater District,Room in hotel,Hotel room,2,1.0,1 bath,1.0,1.0,100.0,1,1125,3.0,4.13,4.5,4.63,4.44,4.75,4.0,t,0.136986301369863,21
34549,within an hour,93,89,t,t,t,East Elmhurst,Entire rental unit,Entire home/apt,2,1.0,1 bath,1.0,1.0,177.0,1,365,1.0,4.86,4.86,4.66,4.79,4.79,4.72,f,0.3780821917808219,31
34561,within an hour,100,79,f,t,t,Ridgewood,Private room in rental unit,Private room,1,1.0,1 private bath,1.0,1.0,175.0,2,7,2.0,4.86,4.43,4.86,5.0,5.0,4.71,f,0.6136986301369863,32
34566,within an hour,83,100,f,t,t,Bushwick,Private room in rental unit,Private room,2,1.0,1 shared bath,1.0,1.0,108.0,5,365,5.0,4.11,4.33,4.89,4.56,3.89,3.67,f,0.2602739726027397,38
34567,within an hour,100,100,t,f,t,East Village,Entire rental unit,Entire home/apt,6,1.0,1 bath,3.0,3.0,583.0,3,1125,3.0,4.95,4.75,5.0,4.85,4.9,4.85,t,0.1726027397260274,43
34568,within an hour,100,98,t,t,t,Bushwick,Private room in rental unit,Private room,2,1.0,1 shared bath,1.0,1.0,141.0,5,365,5.0,4.73,4.73,4.91,4.91,4.55,4.64,f,0.273972602739726,42
34576,within an hour,98,100,f,t,t,Midtown,Private room in rental unit,Private room,2,1.0,1 bath,1.0,1.0,60.0,1,365,1.0,4.11,4.11,4.78,4.67,4.89,4.22,t,0.5041095890410959,31
34579,within an hour,100,80,f,t,t,Williamsburg,Entire guest suite,Entire home/apt,4,1.5,1.5 baths,2.0,2.0,306.0,4,60,4.0,4.75,4.75,5.0,4.75,5.0,5.0,f,0.6136986301369863,36
34607,within an hour,100,98,t,t,t,Bushwick,Private room in rental unit,Private room,2,1.0,1 shared bath,1.0,1.0,120.0,5,365,5.0,4.94,4.75,5.0,5.0,4.81,4.63,f,0.3068493150684931,41
34609,within an hour,100,98,t,t,t,Bedford-Stuyvesant,Private room in rental unit,Private room,2,1.0,1 shared bath,1.0,1.0,124.0,5,365,5.0,4.81,4.56,5.0,4.94,4.75,4.88,f,0.2767123287671232,41
34610,within an hour,100,89,t,t,t,East Harlem,Entire rental unit,Entire home/apt,5,2.0,2 baths,2.0,3.0,366.0,3,365,4.0,5.0,4.75,5.0,5.0,4.56,4.81,f,0.4246575342465753,9
34611,within an hour,83,100,f,t,t,Bedford-Stuyvesant,Private room in rental unit,Private room,2,1.0,1 shared bath,1.0,1.0,120.0,5,365,5.0,3.8,3.8,4.8,4.4,4.4,3.8,f,0.2630136986301369,38
34612,within an hour,83,100,f,t,t,Cypress Hills,Private room in rental unit,Private room,2,2.0,2 baths,1.0,1.0,130.0,5,365,5.0,4.91,4.64,5.0,4.64,4.73,4.91,f,0.2958904109589041,40
34617,within an hour,97,87,f,t,t,East Village,Room in hotel,Hotel room,2,1.0,1 bath,1.0,1.0,386.0,1,1125,2.0,5.0,5.0,5.0,5.0,5.0,5.0,t,0.0958904109589041,19
34634,within an hour,100,100,t,t,t,Bull's Head,Entire guest suite,Entire home/apt,4,1.0,1 bath,1.0,0.0,126.0,1,365,5.0,4.8,4.95,4.9,4.95,4.95,4.8,f,0.5972602739726027,26
34638,within an hour,99,100,f,t,t,Theater District,Entire rental unit,Entire home/apt,2,1.0,1 bath,1.0,1.0,265.0,1,365,1.0,4.56,4.75,4.25,4.63,4.94,4.5,t,0.284931506849315,21
34643,within an hour,100,88,t,t,t,Harlem,Private room in condo,Private room,2,1.0,1 private bath,1.0,1.0,244.0,3,30,3.0,5.0,5.0,4.96,5.0,4.83,4.91,f,0.6986301369863014,25
34644,within an hour,100,55,f,t,t,Upper East Side,Entire rental unit,Entire home/apt,3,1.0,1 bath,1.0,2.0,135.0,7,1125,30.0,3.5,4.5,3.5,4.0,5.0,4.0,f,0.1013698630136986,18
34646,within an hour,100,100,t,t,t,Flushing,Private room in home,Private room,2,1.0,1 bath,1.0,1.0,91.0,1,60,1.0,4.75,4.75,4.85,4.85,4.75,4.5,f,0.2410958904109589,28
34655,within an hour,100,100,f,t,t,Kensington,Private room in townhouse,Private room,9,2.0,2 baths,4.0,6.0,796.0,2,29,2.0,5.0,5.0,5.0,5.0,5.0,5.0,f,0.0630136986301369,55
34660,within an hour,100,100,t,t,t,Jamaica,Private room in home,Private room,4,1.0,1 private bath,2.0,4.0,153.0,2,1125,2.0,4.92,4.69,5.0,5.0,4.69,4.85,f,0.3534246575342465,41
34664,within an hour,100,98,t,t,t,Crown Heights,Private room in rental unit,Private room,2,1.0,1 private bath,1.0,1.0,156.0,2,365,2.0,4.8,4.84,5.0,5.0,4.92,4.72,f,0.3753424657534246,27
34678,within an hour,97,87,f,t,t,Midtown,Room in boutique hotel,Hotel room,2,1.0,1 bath,1.0,1.0,999.0,1,1125,2.0,4.0,5.0,5.0,5.0,5.0,3.0,t,0.136986301369863,16
34679,within an hour,97,87,f,t,t,Midtown,Room in boutique hotel,Hotel room,2,1.0,1 bath,1.0,1.0,999.0,1,1125,2.0,5.0,5.0,5.0,5.0,5.0,5.0,t,0.2164383561643835,16
34685,within an hour,90,100,f,t,t,East Flatbush,Private room in home,Private room,2,1.5,1.5 baths,1.0,1.0,127.0,2,28,2.0,5.0,5.0,5.0,5.0,4.5,5.0,f,0.5698630136986301,30
34710,within an hour,100,95,f,t,t,Midtown,Entire rental unit,Entire home/apt,2,1.0,1 bath,1.0,1.0,236.0,6,365,6.0,4.79,4.71,4.71,4.79,4.86,4.64,f,0.6712328767123288,16
34714,within an hour,100,100,f,t,t,Flatbush,Private room in rental unit,Private room,2,1.0,1 private bath,1.0,1.0,260.0,3,365,3.0,5.0,5.0,5.0,5.0,4.75,4.88,f,0.2904109589041095,58
34719,within an hour,100,95,f,t,t,Hell's Kitchen,Entire rental unit,Entire home/apt,4,2.0,2 baths,2.0,2.0,828.0,3,365,3.0,4.62,4.69,4.46,4.69,4.69,4.62,f,0.4356164383561643,39
34727,within an hour,90,97,t,t,t,Bedford-Stuyvesant,Private room in rental unit,Private room,2,2.0,2 baths,1.0,1.0,129.0,5,365,5.0,4.8,4.8,4.93,4.93,4.53,4.67,f,0.3178082191780822,41
34734,within an hour,100,100,f,f,t,Midtown,Entire rental unit,Entire home/apt,4,1.0,1 bath,1.0,2.0,222.0,4,1125,4.0,4.42,4.33,4.75,4.83,4.67,4.42,t,0.2082191780821917,33
34739,within an hour,100,100,t,t,t,Canarsie,Entire townhouse,Entire home/apt,2,1.0,1 bath,2.0,2.0,165.0,2,365,2.0,5.0,5.0,4.87,4.87,4.67,5.0,f,0.4054794520547945,27
34740,within an hour,100,73,f,t,t,Midtown,Entire rental unit,Entire home/apt,3,1.0,1 bath,0.0,2.0,191.0,3,1125,7.0,4.1,3.8,4.5,4.4,4.7,3.7,f,0.336986301369863,18
34746,within an hour,100,100,f,t,t,Bedford-Stuyvesant,Entire home,Entire home/apt,8,1.0,1 bath,2.0,4.0,305.0,1,365,1.0,4.5,4.55,4.55,4.9,4.8,4.75,t,0.3808219178082191,27
34748,within an hour,100,99,t,t,t,Forest Hills,Entire home,Entire home/apt,4,1.0,1 bath,2.0,2.0,255.0,2,365,4.0,5.0,4.94,5.0,5.0,4.94,4.94,t,0.6027397260273972,42
34749,within an hour,100,84,t,t,t,East Village,Entire rental unit,Entire home/apt,5,1.5,1.5 baths,2.0,3.0,526.0,3,365,4.0,4.91,4.74,4.7,4.91,4.96,4.74,f,0.4958904109589041,36
34755,within an hour,100,100,f,t,t,Crown Heights,Entire home,Entire home/apt,8,1.0,1 bath,1.0,2.0,181.0,2,365,2.0,4.8,4.93,4.87,4.93,4.67,4.8,t,0.4520547945205479,50
34756,within an hour,100,86,f,t,t,Midtown,Entire rental unit,Entire home/apt,4,1.0,1 bath,2.0,0.0,263.0,6,365,6.0,4.5,4.56,4.75,4.81,4.94,4.5,f,0.6465753424657534,27
34760,within an hour,100,63,f,t,t,Crown Heights,Entire home,Entire home/apt,11,1.5,1.5 baths,3.0,8.0,639.0,2,28,2.0,4.86,5.0,5.0,5.0,4.86,5.0,f,0.3068493150684931,35
34761,within an hour,99,100,f,t,t,Flushing,Entire rental unit,Entire home/apt,3,1.0,1 bath,1.0,1.0,122.0,1,365,1.0,4.94,4.94,4.94,4.84,4.84,4.84,t,0.6410958904109589,32
34763,within an hour,99,100,f,t,t,Flushing,Entire rental unit,Entire home/apt,3,1.0,1 bath,1.0,1.0,122.0,1,365,1.0,4.83,4.81,4.94,4.73,4.83,4.75,t,0.6328767123287671,8
34764,within an hour,99,100,f,t,t,Flushing,Entire rental unit,Entire home/apt,5,1.0,1 bath,1.0,1.0,169.0,1,365,1.0,4.95,4.87,4.92,4.85,4.79,4.85,t,0.6191780821917808,10
34766,within an hour,100,99,f,t,t,Midtown,Entire serviced apartment,Entire home/apt,2,1.0,1 bath,1.0,1.0,175.0,1,365,1.0,4.67,4.6,5.0,4.93,5.0,4.6,t,0.5287671232876713,12
34767,within an hour,100,98,f,f,f,Prospect-Lefferts Gardens,Private room in rental unit,Private room,2,1.0,1 shared bath,1.0,1.0,154.0,1,700,1.0,4.59,4.27,4.68,4.77,4.45,4.32,t,0.0,15
34768,within an hour,100,89,t,t,t,Financial District,Entire rental unit,Entire home/apt,6,1.0,1 bath,3.0,3.0,451.0,3,365,4.0,4.86,4.82,4.86,4.96,4.93,4.68,f,0.2657534246575342,29
34770,within a few hours,100,100,t,t,t,Boerum Hill,Entire rental unit,Entire home/apt,3,1.0,1 bath,1.0,2.0,259.0,30,365,30.0,5.0,5.0,5.0,5.0,4.83,5.0,f,0.0246575342465753,42
34772,within an hour,100,100,f,f,t,Kips Bay,Entire rental unit,Entire home/apt,6,1.0,1 bath,2.0,0.0,350.0,4,365,4.0,4.55,4.45,4.45,4.55,4.82,4.36,t,0.2575342465753424,23
34773,within a few hours,100,83,f,t,t,Financial District,Entire rental unit,Entire home/apt,6,1.0,1 bath,3.0,3.0,428.0,3,365,3.0,4.44,4.19,4.88,4.44,5.0,4.38,t,0.3095890410958904,35
34775,within an hour,100,86,f,t,t,Midtown,Private room in rental unit,Private room,1,0.5,Half-bath,1.0,1.0,159.0,6,365,6.0,5.0,5.0,5.0,5.0,5.0,5.0,f,0.2958904109589041,27
34783,within an hour,99,100,f,t,t,Flushing,Entire rental unit,Entire home/apt,5,1.0,1 bath,2.0,3.0,130.0,1,365,1.0,4.79,5.0,4.96,4.82,4.79,4.79,t,0.6684931506849315,9
34784,within an hour,99,100,f,t,t,Flushing,Entire rental unit,Entire home/apt,5,1.0,1 bath,2.0,3.0,138.0,1,365,1.0,4.93,4.83,5.0,4.77,4.77,4.67,t,0.6547945205479452,7
34792,within an hour,100,100,f,f,t,Long Island City,Entire rental unit,Entire home/apt,6,1.5,1.5 baths,3.0,4.0,275.0,1,365,1.0,3.67,4.33,5.0,5.0,2.67,3.33,f,0.6219178082191781,35
34795,within an hour,100,98,f,t,t,Crown Heights,Entire rental unit,Entire home/apt,6,2.0,2 baths,3.0,4.0,349.0,3,27,3.0,4.18,4.18,4.27,4.27,3.55,3.82,t,0.3561643835616438,45
34796,within an hour,100,88,f,t,t,Hell's Kitchen,Entire rental unit,Entire home/apt,4,2.0,2 baths,2.0,2.0,511.0,3,365,3.0,4.3,4.3,4.6,4.9,4.5,4.0,f,0.473972602739726,38
34799,within an hour,100,100,f,t,t,Hell's Kitchen,Private room in rental unit,Private room,2,1.5,1.5 shared baths,1.0,1.0,153.0,1,365,1.0,4.4,4.28,4.72,4.63,4.86,4.42,t,0.4164383561643835,15
34803,within an hour,100,100,t,t,t,Midtown,Entire rental unit,Entire home/apt,5,1.0,1 bath,1.0,0.0,485.0,3,365,3.0,4.87,4.87,4.84,4.81,4.84,4.84,t,0.410958904109589,33
34806,within an hour,100,100,t,t,t,Chelsea,Entire rental unit,Entire home/apt,7,1.0,1 bath,3.0,6.0,662.0,4,365,4.0,4.78,4.74,4.96,5.0,4.91,4.7,t,0.2630136986301369,44
34813,within an hour,100,100,f,t,t,Theater District,Entire rental unit,Entire home/apt,5,1.5,1.5 baths,2.0,2.0,188.0,3,365,3.0,4.58,4.68,4.37,4.84,5.0,4.63,t,0.2219178082191781,28
34815,within an hour,100,99,t,t,t,Williamsburg,Private room in rental unit,Private room,2,1.0,1 shared bath,1.0,1.0,112.0,4,45,4.0,4.77,4.73,5.0,5.0,4.77,4.77,f,0.6164383561643836,37
34816,within an hour,100,99,t,t,t,Williamsburg,Private room in rental unit,Private room,2,1.0,1 shared bath,1.0,0.0,119.0,4,60,4.0,4.8,4.84,4.92,5.0,4.68,4.68,f,0.6273972602739726,33
34820,within an hour,100,100,f,t,t,Hell's Kitchen,Entire rental unit,Entire home/apt,4,1.0,1 bath,1.0,1.0,242.0,1,365,30.0,4.59,4.41,4.76,4.76,4.82,4.41,t,0.4876712328767123,29
34824,within an hour,100,74,f,t,t,Lower East Side,Entire rental unit,Entire home/apt,4,2.0,2 baths,3.0,1.0,349.0,3,365,3.0,4.0,4.13,4.38,4.38,4.0,3.88,f,0.3068493150684931,33
34835,within an hour,100,99,t,t,t,Williamsburg,Private room in rental unit,Private room,2,1.0,1 shared bath,1.0,1.0,119.0,4,45,4.0,4.72,4.67,5.0,4.83,4.78,4.44,t,0.6,37
34836,within an hour,100,99,t,t,t,Williamsburg,Private room in rental unit,Private room,1,1.0,1 shared bath,1.0,1.0,119.0,4,60,10.0,4.8,4.8,4.88,4.92,4.88,4.68,f,0.589041095890411,35
34851,within an hour,100,96,f,f,t,Washington Heights,Entire condo,Entire home/apt,8,2.0,2 baths,4.0,5.0,593.0,3,365,3.0,5.0,4.91,5.0,4.91,4.64,4.91,f,0.1068493150684931,57
34890,within an hour,100,95,f,t,t,Murray Hill,Room in hotel,Private room,3,1.0,1 shared bath,1.0,2.0,319.0,1,365,3.0,3.29,3.57,3.43,3.43,4.14,3.29,t,0.6666666666666666,12
34891,within an hour,100,95,f,t,t,Murray Hill,Room in hotel,Private room,2,1.0,1 shared bath,1.0,1.0,319.0,1,365,3.0,5.0,5.0,2.0,5.0,5.0,5.0,t,0.6170798898071626,11
34912,within an hour,100,100,f,t,t,Midtown,Entire rental unit,Entire home/apt,6,2.0,2 baths,3.0,3.0,694.0,3,28,3.0,4.46,4.63,4.75,4.75,4.58,4.25,t,0.3342465753424657,21
34916,within an hour,98,100,f,t,t,Midtown,Private room in rental unit,Private room,3,2.0,2 shared baths,1.0,0.0,80.0,1,365,1.0,4.71,4.71,4.71,4.86,5.0,4.86,t,0.6082191780821918,10
34920,within a few hours,100,92,t,t,t,Chinatown,Private room in rental unit,Private room,1,1.0,1 shared bath,1.0,1.0,120.0,3,14,3.0,4.94,4.94,5.0,5.0,4.94,4.94,f,0.6164383561643836,25
34921,within an hour,100,96,t,t,t,Cypress Hills,Private room in home,Private room,1,1.0,1 private bath,1.0,1.0,133.0,2,365,30.0,4.94,5.0,5.0,5.0,4.56,4.88,f,0.6273972602739726,37
34923,within a few hours,100,92,t,t,t,Chinatown,Private room in rental unit,Private room,1,1.0,1 shared bath,1.0,1.0,120.0,3,14,3.0,4.94,4.75,5.0,5.0,4.81,4.88,f,0.6,24
34950,within a few hours,100,100,t,t,t,Harlem,Entire rental unit,Entire home/apt,8,2.0,2 baths,4.0,5.0,422.0,2,29,2.0,4.8,4.6,5.0,5.0,5.0,4.9,t,0.2301369863013698,27
35075,within an hour,100,100,f,t,t,Sunnyside,Private room in rental unit,Private room,2,1.0,1 private bath,1.0,1.0,180.0,4,150,4.0,5.0,4.88,5.0,5.0,4.63,4.63,f,0.4027397260273972,32
35147,within an hour,98,100,f,t,t,Midtown,Private room in rental unit,Private room,3,2.0,2 baths,1.0,2.0,70.0,1,365,1.0,2.67,3.33,3.67,2.0,3.33,3.33,t,0.547945205479452,10
35153,within a few hours,100,89,f,t,t,Bedford-Stuyvesant,Private room in home,Private room,2,1.0,1 private bath,1.0,1.0,151.0,3,365,3.0,4.92,5.0,4.85,4.85,4.69,4.85,f,0.5397260273972603,40
35155,within a few hours,100,82,f,t,t,Upper West Side,Private room in rental unit,Private room,2,1.0,1 private bath,1.0,1.0,242.0,4,60,4.0,4.83,4.67,5.0,5.0,5.0,4.83,f,0.3589041095890411,44
35173,within an hour,100,92,t,t,t,Jamaica,Private room in home,Private room,2,1.0,1 bath,1.0,1.0,99.0,1,30,1.0,5.0,5.0,5.0,5.0,4.67,5.0,f,0.5232876712328767,34
35198,within an hour,100,100,f,t,t,Fort Hamilton,Entire rental unit,Entire home/apt,4,1.0,1 bath,0.0,2.0,151.0,1,29,1.0,4.71,4.81,4.95,4.95,4.86,4.71,t,0.3534246575342465,32
35205,within an hour,100,100,f,t,t,Fort Hamilton,Entire rental unit,Entire home/apt,4,1.0,1 bath,0.0,2.0,154.0,1,29,1.0,4.5,4.67,5.0,5.0,4.67,4.83,t,0.4575342465753425,34
35206,within an hour,100,96,t,t,t,Cypress Hills,Private room in home,Private room,1,1.0,1 private bath,1.0,1.0,126.0,2,365,30.0,5.0,5.0,5.0,5.0,4.23,4.92,f,0.6164383561643836,35
35207,within an hour,100,96,t,t,t,Ridgewood,Entire rental unit,Entire home/apt,5,1.0,1 bath,2.0,2.0,190.0,1,300,1.0,4.87,4.93,5.0,4.93,4.93,4.8,f,0.2410958904109589,27
35211,within an hour,98,100,f,t,t,Midtown,Private room in rental unit,Private room,6,1.0,1 private bath,1.0,3.0,125.0,1,365,1.0,4.0,4.25,3.88,4.0,4.5,4.0,t,0.5945205479452055,9
35220,within an hour,99,99,f,t,t,Theater District,Entire rental unit,Entire home/apt,2,1.0,1 bath,1.0,1.0,270.0,1,21,1.0,4.0,3.33,4.67,4.33,4.0,3.0,t,0.5671232876712329,20
35252,within an hour,100,100,f,t,t,Fort Hamilton,Entire rental unit,Entire home/apt,4,1.0,1 bath,0.0,2.0,131.0,1,365,2.0,4.53,4.59,4.53,4.65,4.76,4.53,t,0.3150684931506849,32
35255,within an hour,100,100,f,t,t,Fort Hamilton,Entire rental unit,Entire home/apt,2,1.0,1 bath,0.0,1.0,136.0,1,29,1.0,4.83,4.67,5.0,5.0,4.5,4.33,f,0.0602739726027397,37
35256,within an hour,100,100,f,t,t,Fort Hamilton,Entire rental unit,Entire home/apt,4,1.0,1 bath,0.0,2.0,147.0,1,29,1.0,4.77,4.68,4.95,4.91,4.68,4.82,t,0.3068493150684931,31
35257,within an hour,100,100,f,t,t,Fort Hamilton,Entire rental unit,Entire home/apt,4,1.0,1 bath,0.0,2.0,147.0,1,29,1.0,4.31,4.27,4.77,4.88,4.62,4.38,t,0.2904109589041095,33
35258,within an hour,100,100,f,t,t,Fort Hamilton,Entire rental unit,Entire home/apt,2,1.0,1 bath,0.0,1.0,125.0,1,365,1.0,4.85,4.97,4.97,5.0,4.94,4.79,t,0.2986301369863013,32
35259,within an hour,100,100,f,t,t,Fort Hamilton,Entire rental unit,Entire home/apt,2,1.0,1 bath,1.0,1.0,136.0,1,29,1.0,4.8,4.8,4.8,4.9,5.0,4.55,t,0.273972602739726,32
35260,within an hour,100,100,f,t,t,Fort Hamilton,Entire rental unit,Entire home/apt,2,1.0,1 bath,0.0,1.0,125.0,1,29,1.0,4.63,4.53,4.8,4.77,4.67,4.37,t,0.273972602739726,32
35261,within an hour,100,100,f,t,t,Fort Hamilton,Entire rental unit,Entire home/apt,2,1.0,1 bath,0.0,1.0,116.0,1,365,1.0,4.67,4.71,4.86,4.79,4.79,4.43,t,0.2657534246575342,33
35262,within an hour,100,100,f,t,t,Fort Hamilton,Entire rental unit,Entire home/apt,2,1.0,1 bath,0.0,1.0,121.0,1,29,1.0,4.75,4.8,4.75,5.0,4.75,4.45,t,0.4684931506849315,32
35263,within an hour,100,100,f,t,t,Fort Hamilton,Entire rental unit,Entire home/apt,2,1.0,1 bath,0.0,1.0,125.0,1,365,1.0,4.86,4.81,4.81,4.9,4.76,4.71,t,0.3424657534246575,35
35264,within an hour,100,100,f,t,t,Fort Hamilton,Entire rental unit,Entire home/apt,4,1.0,1 bath,0.0,2.0,144.0,1,365,1.0,4.67,4.78,4.89,4.89,4.89,4.67,t,0.4821917808219178,31
35265,within an hour,100,100,f,t,t,Fort Hamilton,Entire rental unit,Entire home/apt,4,1.0,1 bath,0.0,2.0,120.0,1,29,2.0,4.57,4.35,4.68,4.78,4.57,4.38,t,0.473972602739726,33
35266,within an hour,100,100,f,t,t,Fort Hamilton,Entire rental unit,Entire home/apt,2,1.0,1 bath,0.0,1.0,130.0,1,29,1.0,5.0,4.9,5.0,4.9,4.95,4.8,t,0.5424657534246575,33
35267,within an hour,100,100,f,t,t,Fort Hamilton,Entire rental unit,Entire home/apt,2,1.0,1 bath,0.0,1.0,128.0,1,29,1.0,4.85,4.65,4.95,4.95,4.85,4.75,t,0.4794520547945205,32
35268,within an hour,100,100,f,t,t,Fort Hamilton,Entire rental unit,Entire home/apt,2,1.0,1 bath,0.0,1.0,130.0,1,29,1.0,4.59,4.55,4.77,4.86,4.68,4.59,t,0.3671232876712328,32
35277,within an hour,100,100,f,t,t,Bedford-Stuyvesant,Entire guest suite,Entire home/apt,6,1.0,1 bath,3.0,4.0,301.0,2,365,2.0,4.84,4.68,4.84,4.95,4.95,4.79,t,0.473972602739726,31
35289,within an hour,100,100,t,t,t,East Flatbush,Entire home,Entire home/apt,5,1.0,1 bath,2.0,5.0,302.0,3,365,3.0,5.0,5.0,5.0,5.0,4.67,5.0,t,0.1315068493150684,62
35303,within an hour,100,100,t,t,t,Kew Gardens Hills,Entire guest suite,Entire home/apt,5,1.0,1 bath,2.0,3.0,300.0,3,1125,3.0,5.0,5.0,5.0,5.0,5.0,5.0,t,0.1452054794520547,39
35311,within an hour,100,99,f,t,t,Crown Heights,Private room in rental unit,Private room,2,1.0,1 shared bath,1.0,1.0,90.0,1,365,1.0,4.65,4.71,4.76,4.91,4.56,4.62,t,0.3753424657534246,34
35326,within an hour,100,68,t,t,t,Red Hook,Private room in condo,Private room,2,2.0,2 baths,2.0,2.0,215.0,2,45,2.0,4.94,4.94,5.0,4.89,4.78,4.67,f,0.536986301369863,63
35328,within an hour,100,100,f,t,t,Midtown,Entire rental unit,Entire home/apt,5,1.0,1 bath,0.0,4.0,417.0,3,31,5.0,4.0,5.0,5.0,5.0,5.0,3.0,t,0.3863013698630137,36
35334,within an hour,100,100,f,t,t,Fort Hamilton,Entire rental unit,Entire home/apt,4,1.0,1 bath,0.0,2.0,131.0,1,29,1.0,4.72,4.61,4.89,4.94,4.83,4.72,t,0.0986301369863013,33
35338,within an hour,100,100,f,t,t,Fort Hamilton,Entire rental unit,Entire home/apt,2,1.0,1 bath,0.0,1.0,129.0,1,1125,1.0,4.61,4.33,4.94,4.89,4.83,4.5,f,0.3808219178082191,39
35339,within an hour,100,100,f,t,t,Fort Hamilton,Entire rental unit,Entire home/apt,2,1.0,1 bath,0.0,1.0,131.0,1,365,1.0,4.75,4.75,5.0,5.0,4.56,4.63,f,0.3589041095890411,39
35340,within an hour,100,100,f,t,t,Fort Hamilton,Private room in rental unit,Private room,2,1.0,1 private bath,0.0,1.0,124.0,1,29,1.0,5.0,5.0,4.63,5.0,5.0,4.88,t,0.3534246575342465,32
35341,within an hour,100,100,f,t,t,Fort Hamilton,Private room in rental unit,Private room,2,1.0,1 private bath,0.0,1.0,131.0,1,29,1.0,4.5,5.0,5.0,4.83,5.0,4.67,t,0.3123287671232876,33
35343,within an hour,100,100,f,t,t,Fort Hamilton,Entire rental unit,Entire home/apt,2,1.0,1 bath,0.0,1.0,125.0,1,29,1.0,4.77,4.62,4.92,4.92,4.77,4.46,t,0.3534246575342465,34
35344,within an hour,100,100,f,t,t,Fort Hamilton,Entire rental unit,Entire home/apt,4,1.0,1 bath,0.0,2.0,128.0,1,365,2.0,4.86,4.81,4.95,4.95,4.86,4.67,t,0.5424657534246575,30
35345,within an hour,100,100,f,t,t,Fort Hamilton,Entire rental unit,Entire home/apt,2,1.0,1 bath,0.0,1.0,120.0,1,365,1.0,4.29,4.14,4.43,4.43,4.43,4.14,t,0.3260273972602739,29
35349,within a few hours,100,75,f,f,t,Crown Heights,Private room in rental unit,Private room,2,1.0,1 private bath,2.0,3.0,140.0,6,90,6.0,5.0,5.0,5.0,5.0,5.0,5.0,f,0.6136986301369863,14
35371,within a few hours,100,98,t,t,f,East New York,Entire rental unit,Entire home/apt,6,1.0,1 bath,3.0,3.0,182.0,3,25,3.0,4.94,4.94,4.94,4.88,4.53,4.76,f,0.2904109589041095,28
35415,within an hour,100,100,t,t,t,Midtown,Entire rental unit,Entire home/apt,2,1.0,1 bath,1.0,1.0,307.0,1,365,99.0,4.9,4.94,4.94,4.94,4.95,4.71,t,0.5178082191780822,22
35416,within an hour,100,100,t,t,t,Midtown,Entire rental unit,Entire home/apt,4,1.0,1 bath,1.0,2.0,526.0,1,365,99.0,5.0,5.0,5.0,5.0,5.0,4.33,t,0.4273972602739726,22
35417,within an hour,100,100,t,t,t,Midtown,Entire rental unit,Entire home/apt,2,1.0,1 bath,1.0,1.0,335.0,1,365,99.0,4.84,4.88,4.79,4.84,4.95,4.7,t,0.4301369863013699,22
35419,within an hour,100,100,t,t,t,Midtown,Entire rental unit,Entire home/apt,2,1.0,1 bath,1.0,1.0,402.0,1,365,99.0,5.0,5.0,5.0,5.0,5.0,5.0,t,0.4246575342465753,22
35420,within an hour,100,100,t,t,t,Midtown,Entire rental unit,Entire home/apt,4,1.0,1 bath,1.0,2.0,427.0,1,365,99.0,4.85,4.92,5.0,5.0,5.0,4.69,t,0.4602739726027397,22
35426,within an hour,100,97,t,f,f,East Village,Private room in condo,Private room,2,1.0,1 private bath,1.0,1.0,118.0,2,365,2.0,5.0,4.75,4.92,4.67,5.0,4.83,t,0.2054794520547945,38
35446,within an hour,100,100,f,t,t,Fort Hamilton,Entire rental unit,Entire home/apt,2,1.0,1 bath,0.0,1.0,125.0,1,29,1.0,4.74,4.74,4.84,4.95,4.79,4.68,t,0.0575342465753424,32
35447,within an hour,100,100,f,t,t,Fort Hamilton,Entire rental unit,Entire home/apt,2,1.0,1 bath,0.0,1.0,125.0,1,29,1.0,4.71,4.79,4.71,4.93,4.64,4.79,t,0.0082191780821917,30
35448,within an hour,100,100,f,t,t,Fort Hamilton,Entire rental unit,Entire home/apt,2,1.0,1 bath,0.0,1.0,137.0,1,29,1.0,5.0,4.88,4.88,5.0,5.0,4.63,t,0.2876712328767123,29
35449,within an hour,100,100,f,t,t,Fort Hamilton,Entire rental unit,Entire home/apt,2,1.0,1 bath,0.0,1.0,131.0,1,29,1.0,4.8,4.5,5.0,5.0,4.9,4.6,t,0.0575342465753424,32
35450,within an hour,100,100,f,t,t,Fort Hamilton,Entire rental unit,Entire home/apt,2,1.0,1 bath,0.0,1.0,130.0,1,29,2.0,5.0,4.73,4.87,5.0,4.8,4.67,t,0.0356164383561643,31
35451,within an hour,100,100,f,t,t,Fort Hamilton,Entire rental unit,Entire home/apt,4,1.0,1 bath,0.0,2.0,122.0,1,29,1.0,4.87,4.87,5.0,4.93,5.0,4.87,t,0.4849315068493151,30
35452,within an hour,100,100,f,t,t,Fort Hamilton,Entire rental unit,Entire home/apt,2,1.0,1 bath,0.0,1.0,126.0,1,29,1.0,4.56,4.44,4.44,4.56,4.44,4.44,t,0.2493150684931507,29
35456,within an hour,100,100,f,t,t,Fort Hamilton,Entire rental unit,Entire home/apt,2,1.0,1 bath,0.0,1.0,138.0,1,365,1.0,4.2,4.0,4.2,4.4,4.2,4.2,t,0.0465753424657534,30
35457,within an hour,100,100,f,t,t,Fort Hamilton,Entire rental unit,Entire home/apt,2,1.0,1 bath,0.0,1.0,138.0,1,29,1.0,4.67,4.67,4.92,4.92,4.67,4.67,t,0.0246575342465753,29
35458,within an hour,100,100,f,t,t,Fort Hamilton,Entire rental unit,Entire home/apt,2,1.0,1 bath,0.0,1.0,136.0,1,29,1.0,4.0,3.91,4.18,4.09,4.18,4.09,t,0.0136986301369863,31
35459,within an hour,100,100,f,t,t,Fort Hamilton,Entire rental unit,Entire home/apt,2,1.0,1 bath,0.0,1.0,124.0,1,29,2.0,4.54,4.46,4.68,4.68,4.86,4.39,t,0.021917808219178,32
35460,within an hour,100,100,f,t,t,Fort Hamilton,Entire rental unit,Entire home/apt,2,1.0,1 bath,0.0,1.0,143.0,1,365,1.0,4.77,4.92,4.85,5.0,4.92,4.62,t,0.0630136986301369,32
35461,within an hour,100,100,f,t,t,Fort Hamilton,Entire rental unit,Entire home/apt,2,1.0,1 bath,0.0,1.0,127.0,1,365,2.0,4.44,4.44,4.78,4.83,4.94,4.5,t,0.0410958904109589,31
35462,within an hour,100,100,f,t,t,Fort Hamilton,Entire rental unit,Entire home/apt,2,1.0,1 bath,0.0,1.0,132.0,1,365,2.0,4.85,4.71,4.97,4.97,4.91,4.74,t,0.1150684931506849,10
35464,within an hour,100,100,f,t,t,Fort Hamilton,Entire rental unit,Entire home/apt,2,1.0,1 bath,0.0,1.0,121.0,1,365,2.0,4.79,4.75,4.93,4.89,4.79,4.61,t,0.3424657534246575,32
35465,within an hour,100,100,f,t,t,Fort Hamilton,Entire rental unit,Entire home/apt,4,1.0,1 bath,0.0,2.0,129.0,1,1125,1.0,4.69,4.63,4.94,4.81,4.56,4.69,t,0.0493150684931506,29
35467,within an hour,100,100,f,t,t,Fort Hamilton,Entire rental unit,Entire home/apt,2,1.0,1 bath,0.0,1.0,134.0,1,365,2.0,4.72,4.64,4.84,4.96,4.8,4.68,t,0.0767123287671232,31
35470,within an hour,100,100,f,t,t,Fort Hamilton,Entire rental unit,Entire home/apt,2,1.0,1 bath,0.0,1.0,120.0,1,365,1.0,4.89,4.44,5.0,4.89,5.0,4.78,t,0.2219178082191781,30
35471,within an hour,100,100,f,t,t,Fort Hamilton,Entire rental unit,Entire home/apt,2,1.0,1 bath,0.0,1.0,121.0,1,29,2.0,4.69,4.56,4.94,5.0,4.81,4.63,t,0.0410958904109589,30
35472,within an hour,100,100,f,t,t,Fort Hamilton,Entire rental unit,Entire home/apt,4,1.0,1 bath,0.0,2.0,125.0,1,29,1.0,4.0,3.77,4.54,4.46,4.62,4.08,t,0.0410958904109589,30
35473,within an hour,100,100,f,t,t,Fort Hamilton,Entire rental unit,Entire home/apt,2,1.0,1 bath,0.0,1.0,119.0,1,29,2.0,4.57,4.62,4.86,4.71,4.76,4.67,t,0.2712328767123287,32
35474,within an hour,100,100,f,t,t,Fort Hamilton,Entire rental unit,Entire home/apt,2,1.0,1 bath,0.0,1.0,112.0,1,29,2.0,4.36,4.21,4.71,4.71,4.5,4.43,t,0.0082191780821917,31
35475,within an hour,100,100,f,t,t,Fort Hamilton,Entire rental unit,Entire home/apt,4,1.0,1 bath,0.0,2.0,140.0,1,365,1.0,4.44,4.56,4.72,4.78,4.83,4.5,t,0.1178082191780822,30
35477,within an hour,100,100,f,t,t,Fort Hamilton,Entire rental unit,Entire home/apt,4,1.0,1 bath,0.0,2.0,136.0,1,29,1.0,4.89,4.89,4.95,4.95,4.95,4.89,t,0.2876712328767123,29
35498,within an hour,100,97,t,t,t,Rego Park,Private room in home,Private room,2,1.0,1 shared bath,1.0,1.0,99.0,1,30,1.0,5.0,4.89,4.96,4.96,4.85,4.89,f,0.6876712328767123,37
35507,within a day,100,69,t,t,t,Throgs Neck,Private room in rental unit,Private room,1,1.0,1 shared bath,1.0,1.0,100.0,2,30,2.0,5.0,5.0,5.0,5.0,5.0,5.0,f,0.4301369863013699,37
35509,within an hour,97,100,f,t,t,Midtown,Entire rental unit,Entire home/apt,4,1.0,1 bath,2.0,2.0,295.0,1,365,1.0,4.6,4.56,4.92,4.68,4.96,4.56,t,0.3671232876712328,40
35515,within a few hours,90,67,f,f,t,Williamsburg,Private room in rental unit,Private room,1,1.0,1 shared bath,1.0,1.0,85.0,1,365,1.0,4.86,4.43,5.0,5.0,5.0,4.71,f,0.0328767123287671,19
35530,within an hour,100,97,f,f,f,Bushwick,Private room in rental unit,Private room,1,1.0,1 shared bath,1.0,1.0,95.0,1,20,1.0,4.8,4.6,4.88,4.92,4.88,4.72,f,0.0383561643835616,29
35532,within an hour,100,100,f,f,t,Astoria,Entire rental unit,Entire home/apt,10,1.0,1 bath,3.0,4.0,421.0,1,365,1.0,4.55,4.45,4.73,4.82,4.73,4.45,f,0.347945205479452,6
35558,within an hour,100,100,t,t,t,East Flatbush,Entire home,Entire home/apt,8,1.5,1.5 baths,3.0,5.0,364.0,2,365,3.0,4.93,5.0,5.0,4.86,4.64,4.79,t,0.1342465753424657,63
35560,within an hour,100,97,f,t,f,Midtown,Private room in resort,Private room,2,1.0,1 bath,0.0,1.0,495.0,1,1125,1.0,5.0,5.0,5.0,5.0,5.0,5.0,t,0.1589041095890411,25
35570,within an hour,100,100,f,t,f,Melrose,Private room in townhouse,Private room,4,1.0,1 private bath,2.0,2.0,150.0,4,31,4.0,5.0,4.75,5.0,5.0,4.75,5.0,t,0.5917808219178082,24
35583,within an hour,94,100,f,t,t,East Harlem,Entire guest suite,Entire home/apt,8,3.0,3 baths,4.0,4.0,489.0,2,365,2.0,4.83,4.92,4.92,4.58,4.33,4.83,f,0.3589041095890411,34
35595,within an hour,90,96,f,t,t,Bedford-Stuyvesant,Private room in home,Private room,2,1.0,1 private bath,1.0,1.0,158.0,4,30,4.0,4.89,4.44,4.89,5.0,4.78,4.78,f,0.4630136986301369,14
35616,within an hour,100,99,t,t,t,Tribeca,Entire rental unit,Entire home/apt,2,1.0,1 bath,1.0,1.0,348.0,1,365,1.0,4.91,5.0,4.91,4.94,4.85,4.58,t,0.4520547945205479,23
35618,within an hour,100,99,t,t,t,SoHo,Entire rental unit,Entire home/apt,2,1.0,1 bath,1.0,2.0,320.0,1,365,1.0,4.0,4.75,4.75,4.75,5.0,3.75,t,0.5013698630136987,23
35619,within an hour,100,99,t,t,t,SoHo,Entire rental unit,Entire home/apt,2,1.0,1 bath,1.0,1.0,388.0,1,365,1.0,4.33,4.33,4.67,4.67,4.0,3.67,t,0.4356164383561643,23
35620,within an hour,100,100,t,t,t,Midtown,Entire rental unit,Entire home/apt,2,1.0,1 bath,0.0,1.0,314.0,1,365,1.0,5.0,5.0,5.0,5.0,5.0,5.0,t,0.4465753424657534,17
35622,within an hour,100,100,t,t,t,Midtown,Entire rental unit,Entire home/apt,2,1.0,1 bath,0.0,1.0,272.0,1,365,1.0,5.0,5.0,5.0,5.0,5.0,5.0,t,0.5643835616438356,17
35623,within an hour,100,100,t,t,t,Midtown,Entire rental unit,Entire home/apt,2,1.0,1 bath,0.0,1.0,275.0,1,365,1.0,4.0,5.0,5.0,5.0,5.0,5.0,t,0.4986301369863014,17
35664,within an hour,100,99,f,t,t,East Elmhurst,Private room in home,Private room,2,1.0,1 shared bath,1.0,2.0,99.0,1,365,1.0,4.25,4.0,4.5,4.5,4.75,4.5,t,0.0657534246575342,34
35665,a few days or more,33,83,f,t,t,Midland Beach,Entire home,Entire home/apt,3,1.0,1 bath,2.0,2.0,160.0,2,365,2.0,5.0,5.0,5.0,5.0,5.0,5.0,f,0.4410958904109589,48
35666,within an hour,100,100,f,t,t,Flatbush,Private room in rental unit,Private room,2,1.0,1 shared bath,1.0,1.0,132.0,2,365,3.0,5.0,5.0,4.6,5.0,4.4,4.8,f,0.0493150684931506,38
35668,within an hour,100,94,t,t,t,Elmhurst,Private room in rental unit,Private room,2,1.0,1 shared bath,1.0,1.0,116.0,1,28,2.0,4.97,4.94,4.83,4.94,4.86,4.94,f,0.6191780821917808,33
35729,within an hour,100,97,t,f,t,Flushing,Private room in rental unit,Private room,2,1.0,1 private bath,1.0,1.0,120.0,2,365,2.0,4.87,4.93,4.93,5.0,4.8,4.93,f,0.6054794520547945,49
35753,within an hour,100,100,t,t,t,Canarsie,Entire rental unit,Entire home/apt,4,1.0,1 bath,1.0,2.0,160.0,2,1125,2.0,5.0,4.94,5.0,5.0,4.63,4.94,f,0.4301369863013699,52
35763,within an hour,100,100,f,t,t,Hell's Kitchen,Entire rental unit,Entire home/apt,2,1.0,1 bath,1.0,1.0,383.0,1,365,1.0,4.91,5.0,4.83,4.91,4.83,4.57,t,0.4438356164383562,22
35764,within an hour,100,100,f,t,t,Hell's Kitchen,Entire rental unit,Entire home/apt,2,1.0,1 bath,1.0,1.0,362.0,1,365,1.0,3.0,4.0,3.0,3.0,3.0,3.0,t,0.4383561643835616,22
35765,within an hour,100,100,f,t,t,Hell's Kitchen,Entire rental unit,Entire home/apt,2,1.0,1 bath,1.0,1.0,343.0,1,365,1.0,5.0,5.0,5.0,5.0,5.0,5.0,t,0.421917808219178,22
35766,within an hour,100,100,f,t,t,Hell's Kitchen,Entire rental unit,Entire home/apt,4,1.0,1 bath,1.0,2.0,410.0,1,365,1.0,5.0,5.0,5.0,5.0,5.0,3.0,t,0.4328767123287671,22
35772,within an hour,100,100,t,f,t,Jamaica Hills,Entire rental unit,Entire home/apt,9,2.0,2 baths,4.0,5.0,525.0,2,31,2.0,4.67,4.67,4.67,5.0,4.67,4.83,f,0.0493150684931506,56
35774,within an hour,100,98,t,t,f,Castle Hill,Private room in home,Private room,2,1.0,1 private bath,1.0,1.0,293.0,2,1125,2.0,5.0,5.0,5.0,5.0,5.0,5.0,f,0.0,64
35834,within an hour,100,100,t,f,t,Bedford-Stuyvesant,Private room in rental unit,Private room,4,1.0,1 private bath,2.0,2.0,185.0,1,27,1.0,5.0,4.95,5.0,5.0,4.74,4.79,t,0.3452054794520548,60
35878,within an hour,97,100,f,t,t,Midtown,Entire rental unit,Entire home/apt,4,1.0,1 bath,2.0,2.0,280.0,1,365,1.0,4.33,4.4,4.73,4.73,4.93,4.4,t,0.3534246575342465,37
35879,within an hour,97,100,f,t,t,Midtown,Entire rental unit,Entire home/apt,4,1.0,1 bath,2.0,1.0,298.0,1,365,1.0,4.56,4.78,5.0,5.0,5.0,4.44,t,0.1123287671232876,41
35891,within an hour,100,100,t,f,t,Chelsea,Entire rental unit,Entire home/apt,10,1.0,1 bath,3.0,4.0,829.0,2,28,4.0,4.83,4.73,5.0,4.95,4.95,4.82,t,0.1671232876712328,64
35943,within an hour,100,97,t,f,t,Flushing,Private room in rental unit,Private room,2,1.0,1 private bath,1.0,1.0,98.0,2,365,2.0,4.72,4.94,4.94,5.0,4.56,4.72,f,0.5643835616438356,13
35954,within an hour,100,100,t,t,t,Claremont Village,Entire rental unit,Entire home/apt,2,1.0,1 bath,1.0,1.0,185.0,2,365,5.0,5.0,5.0,5.0,5.0,4.69,4.85,f,0.1178082191780822,57
35974,within an hour,100,100,t,t,t,Bedford-Stuyvesant,Entire guest suite,Entire home/apt,6,1.0,1 bath,3.0,5.0,317.0,2,29,2.0,4.89,4.78,5.0,5.0,4.78,4.83,t,0.1808219178082191,25
35980,within an hour,100,100,t,t,t,Ditmars Steinway,Private room in rental unit,Private room,1,1.0,1 shared bath,1.0,1.0,111.0,3,365,3.0,5.0,5.0,5.0,5.0,5.0,5.0,t,0.0575342465753424,17
35988,within an hour,97,100,f,t,t,Midtown,Entire rental unit,Entire home/apt,4,1.0,1 bath,2.0,2.0,250.0,1,365,1.0,4.71,4.86,4.71,4.71,4.86,4.71,t,0.1013698630136986,40
35989,within an hour,97,100,f,t,t,Midtown,Entire rental unit,Entire home/apt,4,1.0,1 bath,2.0,2.0,276.0,1,365,1.0,4.2,4.3,4.9,4.7,5.0,4.5,t,0.1287671232876712,38
35994,within an hour,100,100,f,t,t,Rosedale,Private room in home,Private room,5,2.0,2 baths,2.0,2.0,174.0,1,25,1.0,5.0,5.0,5.0,5.0,4.88,5.0,f,0.347945205479452,56
36013,within an hour,93,100,t,t,t,Crown Heights,Entire home,Entire home/apt,10,2.0,2 baths,4.0,6.0,461.0,2,365,2.0,5.0,4.83,5.0,5.0,4.17,4.83,t,0.3342465753424657,34
36039,within an hour,100,100,f,f,t,Astoria,Entire rental unit,Entire home/apt,10,0.0,0 baths,3.0,4.0,436.0,1,365,1.0,4.64,4.55,4.82,4.91,4.64,4.45,t,0.3232876712328767,7
36050,within an hour,100,100,t,t,t,East Flatbush,Private room in home,Private room,2,1.0,1 private bath,1.0,2.0,144.0,1,365,3.0,4.63,4.5,4.63,5.0,4.25,4.38,t,0.0547945205479452,56
36058,within a few hours,100,67,f,t,f,Elmhurst,Private room in home,Private room,1,1.0,1 bath,1.0,1.0,119.0,3,30,3.0,5.0,4.75,5.0,4.75,5.0,5.0,f,0.0273972602739726,9
36068,within an hour,100,100,f,t,t,East Harlem,Private room in rental unit,Private room,2,1.0,1 private bath,1.0,1.0,154.0,3,182,3.0,5.0,5.0,5.0,5.0,4.57,4.71,f,0.3150684931506849,40
36073,within an hour,100,100,f,t,f,East Flatbush,Entire home,Entire home/apt,4,1.0,1 bath,1.0,2.0,300.0,1,20,1.0,5.0,5.0,5.0,5.0,4.67,4.83,f,0.1013698630136986,48
36096,within an hour,100,100,f,t,t,Hell's Kitchen,Entire rental unit,Entire home/apt,12,1.0,1 bath,2.0,4.0,395.0,1,365,1.0,5.0,5.0,4.5,4.5,5.0,4.5,t,0.0383561643835616,27
36097,within an hour,100,100,t,t,t,Flushing,Private room in home,Private room,2,1.0,1 shared bath,1.0,1.0,89.0,1,180,1.0,4.96,4.92,4.96,4.96,4.83,4.83,f,0.5534246575342465,49
36099,within an hour,100,99,t,f,t,Flushing,Private room in rental unit,Private room,2,1.0,1 private bath,1.0,1.0,105.0,2,365,2.0,5.0,5.0,5.0,4.93,5.0,5.0,f,0.6082191780821918,36
36105,within an hour,100,99,t,f,t,Flushing,Private room in rental unit,Private room,2,1.0,1 private bath,1.0,1.0,103.0,2,365,2.0,4.79,4.86,4.93,4.79,4.86,4.79,f,0.5561643835616439,34
36113,within an hour,100,87,f,t,t,Astoria,Private room in rental unit,Private room,2,1.0,1 private bath,1.0,1.0,150.0,3,365,3.0,5.0,5.0,5.0,5.0,5.0,5.0,f,0.1150684931506849,31
36138,within an hour,98,100,f,t,t,Midtown,Private room in rental unit,Private room,2,1.0,1 shared bath,1.0,1.0,66.0,1,365,1.0,5.0,5.0,5.0,5.0,5.0,5.0,t,0.4246575342465753,10
36141,within an hour,100,85,f,t,t,Williamsburg,Private room in rental unit,Private room,1,1.0,1 shared bath,1.0,1.0,245.0,4,40,4.0,5.0,4.83,4.83,5.0,5.0,5.0,f,0.5397260273972603,25
36146,within an hour,100,92,t,t,t,Long Island City,Private room in rental unit,Private room,2,1.0,1 shared bath,1.0,1.0,137.0,1,30,1.0,5.0,5.0,4.94,5.0,4.82,4.88,f,0.663013698630137,36
36147,within an hour,100,100,t,t,t,Flushing,Private room in home,Private room,2,1.0,1 shared bath,1.0,1.0,89.0,1,180,1.0,5.0,5.0,5.0,5.0,4.78,4.89,f,0.547945205479452,23
36149,within an hour,100,100,t,t,t,Flushing,Private room in home,Private room,2,1.0,1 shared bath,1.0,1.0,93.0,1,365,1.0,4.75,4.69,4.88,4.69,4.88,4.88,t,0.0082191780821917,44
36155,within an hour,95,100,t,t,t,Midtown,Entire rental unit,Entire home/apt,4,1.0,1 bath,2.0,2.0,298.0,1,365,1.0,4.25,4.25,4.5,4.5,5.0,3.75,t,0.136986301369863,38
36156,within an hour,95,100,t,t,t,Midtown,Entire rental unit,Entire home/apt,4,1.0,1 bath,2.0,2.0,273.0,1,365,1.0,4.73,4.73,5.0,4.91,5.0,4.73,t,0.1315068493150684,39
36166,within an hour,100,100,t,t,t,SoHo,Entire rental unit,Entire home/apt,2,1.0,1 bath,1.0,1.0,422.0,1,365,1.0,5.0,5.0,5.0,5.0,5.0,5.0,t,0.4356164383561643,21
36167,within an hour,100,100,t,t,t,SoHo,Entire rental unit,Entire home/apt,2,1.0,1 bath,1.0,1.0,396.0,1,365,1.0,4.88,4.81,4.94,4.88,4.75,4.56,t,0.4191780821917808,21
36168,within an hour,100,100,t,t,t,SoHo,Entire rental unit,Entire home/apt,2,1.0,1 bath,1.0,1.0,421.0,1,365,1.0,4.0,5.0,5.0,5.0,5.0,4.0,t,0.4356164383561643,21
36173,within an hour,100,100,t,t,f,Bushwick,Private room in condo,Private room,2,1.0,1 private bath,1.0,1.0,161.0,2,15,2.0,4.85,5.0,4.95,4.95,4.7,4.6,t,0.6246575342465753,35
36176,within a few hours,100,100,f,t,t,Bushwick,Private room in rental unit,Private room,6,1.0,1 private bath,2.0,1.0,204.0,3,730,3.0,5.0,4.5,4.83,5.0,5.0,5.0,f,0.2904109589041095,46
36177,within a day,50,30,f,t,t,Port Richmond,Private room in rental unit,Private room,2,2.0,2 baths,3.0,3.0,211.0,2,365,3.0,5.0,5.0,5.0,5.0,5.0,5.0,f,0.0301369863013698,36
36192,within an hour,100,100,f,t,t,Cypress Hills,Private room in bed and breakfast,Private room,2,1.0,1 shared bath,1.0,1.0,129.0,1,365,1.0,4.67,3.89,4.89,4.78,4.33,4.33,f,0.0082191780821917,15
36196,within an hour,100,100,f,t,t,Hell's Kitchen,Entire rental unit,Entire home/apt,12,1.0,1 bath,2.0,3.0,432.0,1,365,1.0,3.0,3.75,3.0,3.75,5.0,3.0,t,0.010958904109589,33
36207,within an hour,100,92,f,t,t,Woodhaven,Private room in home,Private room,3,1.0,1 private bath,1.0,2.0,127.0,1,29,2.0,4.86,5.0,4.86,5.0,4.71,4.71,f,0.4849315068493151,49
36212,within an hour,100,96,f,t,f,East Flatbush,Entire home,Entire home/apt,7,1.0,1 bath,3.0,4.0,364.0,1,365,3.0,4.57,4.71,5.0,4.86,4.14,4.43,t,0.1972602739726027,60
36213,within a few hours,100,86,f,t,t,Ditmars Steinway,Private room in home,Private room,2,1.0,1 private bath,1.0,1.0,200.0,2,14,2.0,4.86,4.86,4.86,4.86,4.86,4.71,f,0.0246575342465753,15
36214,within a few hours,94,86,t,f,t,Williamsburg,Entire loft,Entire home/apt,6,1.0,1 bath,1.0,1.0,348.0,3,27,3.0,5.0,5.0,5.0,4.92,5.0,5.0,f,0.0767123287671232,8
36222,within an hour,100,100,t,f,t,Cambria Heights,Private room in home,Private room,4,1.0,1 private bath,2.0,3.0,100.0,1,1125,1.0,4.88,4.92,4.77,4.92,4.62,4.77,f,0.0301369863013698,44
36234,within an hour,100,100,f,f,t,Crown Heights,Entire rental unit,Entire home/apt,2,1.0,1 bath,1.0,1.0,184.0,2,14,2.0,5.0,5.0,5.0,5.0,5.0,5.0,f,0.1260273972602739,36
36241,within an hour,100,100,t,t,t,Chinatown,Entire rental unit,Entire home/apt,2,1.0,1 bath,1.0,1.0,266.0,1,365,1.0,4.55,4.75,4.8,4.7,5.0,4.3,t,0.5917808219178082,21
36242,within an hour,100,100,t,t,t,Lower East Side,Entire rental unit,Entire home/apt,2,1.0,1 bath,1.0,1.0,239.0,1,365,1.0,4.67,4.67,4.67,4.67,5.0,4.33,t,0.4876712328767123,22
36243,within an hour,100,100,t,t,t,Lower East Side,Entire rental unit,Entire home/apt,4,1.0,1 bath,1.0,2.0,273.0,1,365,1.0,4.71,4.71,4.71,4.86,4.57,4.43,t,0.473972602739726,21
36244,within an hour,100,100,t,t,t,Lower East Side,Entire rental unit,Entire home/apt,4,1.0,1 bath,1.0,2.0,288.0,1,365,1.0,4.67,4.67,5.0,5.0,4.67,4.67,t,0.4684931506849315,22
36251,within an hour,100,83,f,t,t,Washington Heights,Private room in rental unit,Private room,2,1.0,1 shared bath,1.0,1.0,135.0,2,365,2.0,4.86,5.0,5.0,5.0,4.86,5.0,f,0.0712328767123287,42
36255,within a day,68,63,f,f,f,Bedford-Stuyvesant,Private room in rental unit,Private room,4,1.0,1 shared bath,1.0,2.0,96.0,2,90,2.0,3.8,3.6,4.0,4.2,3.6,3.8,f,0.1041095890410958,34
36261,within a few hours,90,64,f,t,t,Financial District,Entire condo,Entire home/apt,8,1.0,1 bath,4.0,5.0,689.0,3,365,3.0,4.75,5.0,4.5,4.75,4.75,4.5,f,0.136986301369863,36
36303,within an hour,100,84,f,t,t,Flushing,Private room in condo,Private room,1,1.0,1 shared bath,1.0,1.0,68.0,3,365,3.0,5.0,5.0,5.0,5.0,5.0,5.0,f,0.0684931506849315,39
36312,within an hour,100,100,f,t,t,Theater District,Entire rental unit,Entire home/apt,12,1.0,1 bath,2.0,4.0,421.0,1,365,1.0,5.0,5.0,5.0,3.0,5.0,5.0,t,0.2821917808219178,19
36318,within an hour,100,100,f,t,t,Parkchester,Entire rental unit,Entire home/apt,4,1.0,1 bath,1.0,1.0,219.0,1,365,1.0,4.33,4.5,4.83,4.5,4.33,4.0,t,0.0054794520547945,15
36319,within an hour,100,100,f,t,t,Hell's Kitchen,Entire rental unit,Entire home/apt,5,1.0,1 bath,2.0,2.0,279.0,1,365,1.0,5.0,5.0,5.0,5.0,5.0,5.0,t,0.0575342465753424,24
36321,within an hour,100,100,f,t,f,Bedford-Stuyvesant,Private room in townhouse,Private room,2,1.0,1 private bath,1.0,1.0,201.0,2,32,2.0,5.0,5.0,5.0,5.0,5.0,5.0,f,0.6465753424657534,55
36356,within an hour,100,100,f,t,t,Springfield Gardens,Private room in home,Private room,2,1.0,1 shared bath,1.0,1.0,60.0,1,5,1.0,4.86,4.86,4.71,4.86,4.43,4.71,f,0.0438356164383561,17
36371,within an hour,100,100,f,t,t,Midtown,Entire rental unit,Entire home/apt,10,1.0,1 bath,1.0,5.0,570.0,1,365,1.0,5.0,5.0,5.0,5.0,5.0,5.0,t,0.0438356164383561,29
36372,within an hour,94,100,f,t,f,East Harlem,Entire guest suite,Entire home/apt,4,1.0,1 bath,2.0,3.0,300.0,2,29,2.0,4.86,4.86,5.0,4.71,4.43,4.86,t,0.1561643835616438,34
36379,within an hour,100,98,f,t,t,Bedford-Stuyvesant,Entire rental unit,Entire home/apt,6,1.5,1.5 baths,2.0,2.0,293.0,2,365,2.0,4.75,4.0,5.0,5.0,4.75,5.0,f,0.0602739726027397,29
36384,within an hour,100,100,t,t,t,Stapleton,Private room in home,Private room,2,1.0,1 private bath,1.0,2.0,150.0,1,29,6.0,5.0,5.0,5.0,5.0,4.8,4.9,f,0.0876712328767123,55
36398,within an hour,100,100,f,f,t,Bedford-Stuyvesant,Entire rental unit,Entire home/apt,16,3.5,3.5 baths,4.0,7.0,742.0,2,365,2.0,4.17,3.5,4.67,4.67,4.0,4.33,f,0.589041095890411,37
36399,within an hour,100,100,f,f,t,Bedford-Stuyvesant,Entire rental unit,Entire home/apt,6,1.5,1.5 baths,2.0,2.0,339.0,2,365,2.0,4.67,5.0,5.0,5.0,4.33,4.33,f,0.5616438356164384,23
36401,within an hour,100,98,f,t,t,East Flatbush,Shared room in rental unit,Shared room,2,1.0,1 shared bath,0.0,1.0,124.0,3,150,3.0,5.0,5.0,5.0,5.0,5.0,5.0,f,0.0520547945205479,12
36403,within an hour,100,100,f,t,t,Prospect-Lefferts Gardens,Private room in bed and breakfast,Private room,3,1.0,1 shared bath,1.0,1.0,120.0,1,365,1.0,4.79,4.57,5.0,5.0,4.36,4.64,t,0.0547945205479452,10
36409,within an hour,96,59,t,f,f,Richmond Hill,Private room in home,Private room,7,1.0,1 private bath,2.0,6.0,249.0,1,365,1.0,5.0,5.0,5.0,5.0,5.0,5.0,f,0.0191780821917808,55
36417,within an hour,100,90,f,f,t,Flatbush,Private room in home,Private room,4,1.0,1 shared bath,1.0,1.0,96.0,2,29,2.0,4.89,4.78,4.89,4.78,4.56,4.67,f,0.1041095890410958,15
36435,within a few hours,100,100,f,f,t,Harlem,Entire rental unit,Entire home/apt,9,2.0,2 baths,4.0,5.0,408.0,2,29,2.0,4.88,4.88,5.0,4.88,4.88,4.88,t,0.1643835616438356,30
36440,within an hour,100,100,f,t,t,Midtown,Entire rental unit,Entire home/apt,2,1.0,1 bath,1.0,1.0,495.0,1,28,1.0,3.0,5.0,1.0,2.0,5.0,5.0,t,0.4410958904109589,21
36443,within an hour,100,100,f,t,t,Midtown,Entire rental unit,Entire home/apt,2,1.0,1 bath,1.0,1.0,440.0,1,28,1.0,5.0,5.0,5.0,5.0,5.0,5.0,t,0.4383561643835616,21
36444,within an hour,100,100,f,t,t,Midtown,Entire rental unit,Entire home/apt,4,1.0,1 bath,1.0,2.0,599.0,1,28,1.0,5.0,5.0,5.0,5.0,5.0,5.0,t,0.5123287671232877,21
36447,within an hour,98,96,f,t,t,Chinatown,Entire rental unit,Entire home/apt,2,1.0,1 bath,1.0,1.0,262.0,1,365,1.0,5.0,5.0,5.0,5.0,5.0,5.0,t,0.0410958904109589,19
36448,within an hour,98,96,f,t,t,Chinatown,Entire rental unit,Entire home/apt,4,1.0,1 bath,1.0,2.0,292.0,1,365,1.0,5.0,5.0,5.0,5.0,5.0,5.0,t,0.0876712328767123,19
36450,within an hour,98,96,f,t,t,Chinatown,Entire rental unit,Entire home/apt,4,1.0,1 bath,1.0,2.0,262.0,1,365,1.0,4.75,4.75,5.0,5.0,4.5,4.5,t,0.3013698630136986,19
36455,within an hour,98,96,f,t,t,Chinatown,Entire rental unit,Entire home/apt,4,1.0,1 bath,1.0,2.0,262.0,1,365,1.0,5.0,5.0,3.0,5.0,5.0,5.0,t,0.2164383561643835,19
36490,within an hour,100,97,f,t,f,Midtown,Private room in resort,Private room,2,1.0,1 bath,0.0,1.0,495.0,1,1125,1.0,5.0,5.0,5.0,5.0,5.0,5.0,t,0.1561643835616438,25
36496,within a few hours,100,86,f,f,t,East Flatbush,Private room in home,Private room,1,2.5,2.5 shared baths,1.0,1.0,89.0,4,60,4.0,5.0,5.0,5.0,5.0,4.0,5.0,f,0.6054794520547945,45
36502,within an hour,100,100,f,t,t,Bushwick,Entire rental unit,Entire home/apt,8,1.0,1 bath,2.0,4.0,207.0,1,365,2.0,5.0,5.0,5.0,5.0,5.0,5.0,t,0.0931506849315068,40
36509,within an hour,100,100,f,t,t,Theater District,Room in hotel,Private room,2,1.0,1 private bath,1.0,1.0,292.0,1,365,1.0,5.0,5.0,5.0,5.0,5.0,5.0,t,0.6887052341597796,12
36530,within an hour,100,99,f,t,t,Howard Beach,Private room in rental unit,Private room,2,1.0,1 private bath,1.0,1.0,149.0,2,365,2.0,5.0,4.67,5.0,5.0,4.67,4.67,t,0.0328767123287671,46
36532,within an hour,85,99,f,t,t,Midtown,Room in hotel,Private room,2,0.5,Private half-bath,1.0,1.0,253.0,1,365,2.0,4.42,4.5,4.42,4.33,4.67,4.0,t,0.0958904109589041,24
36538,within an hour,91,100,f,t,t,Midtown,Entire rental unit,Entire home/apt,4,1.0,1 bath,2.0,2.0,295.0,1,365,1.0,5.0,4.67,4.67,5.0,5.0,5.0,t,0.1287671232876712,33
36540,within an hour,94,100,f,t,t,Midtown,Entire rental unit,Entire home/apt,4,1.0,1 bath,2.0,2.0,285.0,1,365,1.0,4.5,4.83,5.0,4.67,5.0,4.67,t,0.1123287671232876,38
36541,within an hour,100,100,f,t,t,Midtown,Entire rental unit,Entire home/apt,4,1.0,1 bath,2.0,2.0,292.0,1,365,1.0,4.8,5.0,4.4,5.0,4.6,5.0,t,0.1232876712328767,37
36542,within an hour,100,96,f,t,t,Flushing,Private room in townhouse,Private room,2,1.0,1 private bath,1.0,2.0,124.0,1,120,1.0,4.89,4.89,5.0,5.0,4.78,4.78,f,0.0684931506849315,51
36546,within an hour,98,100,f,t,t,Midtown,Private room in rental unit,Private room,5,1.0,1 private bath,1.0,3.0,128.0,1,365,1.0,5.0,4.67,5.0,5.0,5.0,5.0,t,0.4575342465753425,10
36551,within an hour,100,100,f,t,t,Springfield Gardens,Private room in guesthouse,Private room,3,1.0,1 shared bath,1.0,1.0,66.0,1,5,1.0,4.0,5.0,2.0,4.0,5.0,5.0,t,0.0164383561643835,16
36564,within an hour,100,100,f,t,t,Castle Hill,Entire home,Entire home/apt,4,1.0,1 bath,2.0,2.0,135.0,1,1125,1.0,5.0,5.0,5.0,5.0,4.57,4.86,f,0.6,33
36566,within an hour,100,100,f,t,f,Springfield Gardens,Private room in home,Private room,4,1.0,1 private bath,0.0,2.0,140.0,1,27,1.0,5.0,5.0,5.0,4.86,4.71,4.86,f,0.589041095890411,32
36622,within an hour,100,83,f,t,f,Jamaica,Private room in home,Private room,4,1.0,1 shared bath,2.0,2.0,133.0,1,28,1.0,5.0,5.0,5.0,5.0,4.8,4.9,f,0.0410958904109589,60
36632,within an hour,100,50,f,t,t,East Village,Private room in rental unit,Private room,1,1.0,1 shared bath,1.0,1.0,125.0,1,4,1.0,5.0,5.0,5.0,5.0,5.0,5.0,f,0.084931506849315,29
36642,within an hour,100,90,f,t,t,St. Albans,Private room in home,Private room,2,1.0,1 shared bath,1.0,1.0,61.0,2,28,2.0,4.2,4.4,4.4,4.4,5.0,5.0,f,0.6328767123287671,50
36690,within a few hours,100,80,f,t,f,Lower East Side,Entire rental unit,Entire home/apt,7,2.0,2 baths,3.0,2.0,391.0,3,365,3.0,5.0,4.8,4.8,5.0,4.8,4.8,f,0.1150684931506849,45
36719,within an hour,100,85,f,t,t,Harlem,Entire townhouse,Entire home/apt,6,2.0,2 baths,3.0,5.0,772.0,3,365,3.0,4.71,5.0,4.29,4.57,4.71,4.57,f,0.147945205479452,63
36720,within an hour,98,100,f,t,t,Midtown,Private room in rental unit,Private room,2,1.0,1 shared bath,1.0,1.0,67.0,1,365,1.0,3.5,4.5,4.5,3.5,4.0,3.0,t,0.4657534246575342,10
36751,within an hour,100,100,f,f,t,Springfield Gardens,Entire guest suite,Entire home/apt,8,2.0,2 baths,3.0,4.0,302.0,2,365,2.0,5.0,4.75,4.75,4.75,4.75,4.5,f,0.5561643835616439,33
36754,within an hour,100,100,f,t,t,Riverdale,Entire home,Entire home/apt,2,1.0,1 bath,1.0,1.0,177.0,1,1125,1.0,5.0,5.0,5.0,5.0,5.0,5.0,f,0.5808219178082191,42
36773,within an hour,100,100,f,t,t,Midtown,Entire rental unit,Entire home/apt,4,1.0,1 bath,2.0,2.0,425.0,1,365,1.0,5.0,5.0,5.0,5.0,5.0,5.0,t,0.1397260273972602,38
36780,within an hour,100,100,f,t,t,Bedford-Stuyvesant,Private room in rental unit,Private room,1,1.0,1 shared bath,1.0,1.0,143.0,1,29,1.0,5.0,5.0,5.0,5.0,5.0,5.0,f,0.589041095890411,38
36788,within an hour,100,78,f,t,t,Flatlands,Private room in home,Private room,2,1.0,1 private bath,1.0,1.0,130.0,3,365,3.0,4.8,4.6,5.0,5.0,5.0,5.0,f,0.2630136986301369,13
36823,within an hour,98,100,f,t,t,Midtown,Private room in rental unit,Private room,2,1.0,1 bath,1.0,1.0,65.0,1,365,1.0,4.0,5.0,5.0,5.0,5.0,3.0,t,0.4547945205479452,10
36850,within an hour,100,100,f,t,f,Cambria Heights,Private room in home,Private room,2,0.5,Private half-bath,1.0,1.0,150.0,1,365,1.0,5.0,5.0,5.0,5.0,5.0,4.67,t,0.536986301369863,38
36926,within an hour,100,100,f,t,t,Canarsie,Private room in home,Private room,2,1.0,1 private bath,0.0,1.0,150.0,1,30,1.0,4.5,4.0,5.0,5.0,4.5,5.0,f,0.0767123287671232,33
36937,within an hour,100,100,f,t,t,Bay Ridge,Private room in rental unit,Private room,2,1.0,1 private bath,3.0,2.0,135.0,1,365,1.0,5.0,5.0,5.0,5.0,5.0,5.0,t,0.147945205479452,23
36945,within an hour,100,92,f,t,t,Harlem,Private room in rental unit,Private room,2,1.0,1 shared bath,1.0,1.0,150.0,1,10,1.0,5.0,5.0,5.0,5.0,5.0,4.67,f,0.0136986301369863,20
36978,within an hour,100,97,f,f,f,Bushwick,Private room in rental unit,Private room,1,1.0,1 bath,1.0,1.0,95.0,1,20,1.0,5.0,4.5,5.0,5.0,5.0,5.0,f,0.0301369863013698,27
36986,within an hour,100,89,f,f,t,Windsor Terrace,Private room in home,Private room,2,1.0,1 private bath,1.0,1.0,155.0,2,14,3.0,5.0,5.0,5.0,5.0,5.0,5.0,f,0.0767123287671232,14
36993,within an hour,98,100,f,f,t,Harlem,Entire rental unit,Entire home/apt,6,2.0,2 baths,3.0,3.0,306.0,5,24,5.0,4.5,4.5,5.0,5.0,5.0,5.0,t,0.273972602739726,38
36995,within an hour,100,100,f,t,t,Bushwick,Private room in condo,Private room,2,1.0,1 private bath,1.0,1.0,175.0,3,28,3.0,5.0,5.0,5.0,5.0,5.0,5.0,f,0.0575342465753424,41
37018,within an hour,96,100,f,t,t,Harlem,Entire rental unit,Entire home/apt,9,2.0,2 baths,4.0,5.0,435.0,2,28,2.0,5.0,5.0,5.0,5.0,5.0,5.0,t,0.2246575342465753,28
37046,within an hour,100,100,f,f,t,Canarsie,Private room in home,Private room,2,1.0,1 private bath,2.0,1.0,97.0,1,365,1.0,5.0,5.0,5.0,5.0,4.0,5.0,t,0.2,36
37082,within an hour,100,100,f,t,t,Bushwick,Private room in rental unit,Private room,2,1.0,1 private bath,1.0,1.0,226.0,1,29,1.0,5.0,5.0,5.0,5.0,5.0,5.0,f,0.5260273972602739,43
37110,within a day,82,50,f,t,t,Bedford-Stuyvesant,Private room in rental unit,Private room,2,1.0,1 shared bath,1.0,1.0,175.0,3,12,3.0,5.0,5.0,5.0,5.0,5.0,5.0,f,0.0438356164383561,30
37116,within an hour,100,100,f,t,t,Fort Greene,Private room in rental unit,Private room,2,1.0,1 private bath,0.0,2.0,225.0,2,365,2.0,5.0,4.0,5.0,5.0,5.0,5.0,f,0.0054794520547945,13
37123,within an hour,100,100,f,t,f,Mill Basin,Entire home,Entire home/apt,2,1.0,1 bath,1.0,1.0,170.0,1,30,1.0,4.75,4.75,4.75,5.0,4.75,4.75,f,0.021917808219178,31
37138,within an hour,100,83,f,t,f,Jamaica,Private room in home,Private room,4,1.0,1 shared bath,1.0,1.0,127.0,1,28,1.0,5.0,5.0,5.0,5.0,5.0,5.0,f,0.021917808219178,60
37151,within an hour,100,100,f,f,t,Woodside,Entire townhouse,Entire home/apt,7,1.0,1 bath,3.0,4.0,300.0,1,30,1.0,5.0,4.5,5.0,5.0,4.5,5.0,f,0.1232876712328767,38
37211,within a few hours,96,86,f,t,f,East Harlem,Entire rental unit,Entire home/apt,7,3.0,3 baths,2.0,3.0,440.0,3,365,3.0,5.0,4.5,5.0,5.0,4.5,5.0,t,0.0438356164383561,38
37285,within an hour,100,100,f,t,t,St. Albans,Private room in home,Private room,2,1.0,1 private bath,1.0,1.0,95.0,1,365,1.0,5.0,5.0,5.0,5.0,5.0,5.0,f,0.1150684931506849,35
